obstime,tempr,ap,ws,wd,rh
01-01-2012 12:00:00 AM,-0.6,994.0,20.5,-999,-999
01-01-2012 01:00:00 AM,-0.5,993.6,20.7,-999,-999
01-01-2012 02:00:00 AM,-1.0,993.3,26.1,-999,-999
01-01-2012 03:00:00 AM,0.0,993.0,19.2,-999,-999
01-01-2012 04:00:00 AM,0.0,992.8,26.7,-999,-999
01-01-2012 05:00:00 AM,-0.4,992.5,29.4,-999,-999
01-01-2012 06:00:00 AM,-0.3,992.4,28.1,-999,-999
01-01-2012 07:00:00 AM,0.4,992.1,26.1,-999,-999
01-01-2012 08:00:00 AM,0.3,991.8,27.1,-999,-999
01-01-2012 09:00:00 AM,0.8,991.6,25.0,-999,-999
01-01-2012 10:00:00 AM,0.9,991.3,26.4,-999,-999
01-01-2012 11:00:00 AM,1.4,990.6,26.5,-999,-999
01-01-2012 12:00:00 PM,1.9,990.1,22.0,-999,-999
01-01-2012 01:00:00 PM,2.5,989.6,22.5,-999,-999
01-01-2012 02:00:00 PM,2.9,988.9,21.8,-999,-999
01-01-2012 03:00:00 PM,2.9,988.5,19.8,-999,-999
01-01-2012 04:00:00 PM,2.6,988.1,20.8,-999,-999
01-01-2012 05:00:00 PM,2.7,987.4,18.0,-999,-999
01-01-2012 06:00:00 PM,2.3,987.2,13.0,-999,-999
01-01-2012 07:00:00 PM,1.5,986.9,17.0,-999,-999
01-01-2012 08:00:00 PM,1.4,986.8,17.1,-999,-999
01-01-2012 09:00:00 PM,0.8,986.5,16.2,-999,-999
01-01-2012 10:00:00 PM,0.1,985.9,18.0,-999,-999
01-01-2012 11:00:00 PM,-0.9,985.3,21.6,-999,-999
02-01-2012 12:00:00 AM,-0.9,984.4,23.1,-999,-999
02-01-2012 01:00:00 AM,-1.7,983.8,21.4,-999,-999
02-01-2012 02:00:00 AM,-2.9,983.3,22.3,-999,-999
02-01-2012 03:00:00 AM,-2.4,983.0,22.0,-999,-999
02-01-2012 04:00:00 AM,-2.3,982.8,21.8,-999,-999
02-01-2012 05:00:00 AM,-2.2,982.6,20.2,-999,-999
02-01-2012 06:00:00 AM,-1.6,982.6,22.6,-999,-999
02-01-2012 07:00:00 AM,-0.8,982.5,23.0,-999,-999
02-01-2012 08:00:00 AM,0.0,983.0,20.6,-999,-999
02-01-2012 09:00:00 AM,0.4,983.4,17.5,-999,-999
02-01-2012 10:00:00 AM,1.3,983.5,14.6,-999,-999
02-01-2012 11:00:00 AM,3.0,983.2,15.6,-999,-999
02-01-2012 12:00:00 PM,4.2,983.0,12.8,-999,-999
02-01-2012 01:00:00 PM,4.1,982.8,11.5,-999,-999
02-01-2012 02:00:00 PM,2.8,982.7,10.1,-999,-999
02-01-2012 03:00:00 PM,2.0,982.5,13.1,-999,-999
02-01-2012 04:00:00 PM,1.3,982.5,10.2,-999,-999
02-01-2012 05:00:00 PM,1.0,982.7,12.0,-999,-999
02-01-2012 06:00:00 PM,0.5,982.7,9.6,-999,-999
02-01-2012 07:00:00 PM,0.3,982.8,8.5,-999,-999
02-01-2012 08:00:00 PM,-0.3,982.9,10.1,-999,-999
02-01-2012 09:00:00 PM,-2.4,982.8,17.0,-999,-999
02-01-2012 10:00:00 PM,-2.0,982.7,16.5,-999,-999
02-01-2012 11:00:00 PM,-2.6,982.8,16.9,-999,-999
03-01-2012 12:00:00 AM,-4.3,982.6,23.2,-999,-999
03-01-2012 01:00:00 AM,-4.1,982.3,23.1,-999,-999
03-01-2012 02:00:00 AM,-4.2,982.6,21.2,-999,-999
03-01-2012 03:00:00 AM,-3.7,983.0,22.1,-999,-999
03-01-2012 04:00:00 AM,-3.3,984.4,12.9,-999,-999
03-01-2012 05:00:00 AM,-2.7,984.3,17.5,-999,-999
03-01-2012 06:00:00 AM,-2.0,984.3,16.6,-999,-999
03-01-2012 07:00:00 AM,-1.5,985.1,8.6,-999,-999
03-01-2012 08:00:00 AM,-0.5,985.4,8.6,-999,-999
03-01-2012 09:00:00 AM,-0.6,985.6,8.2,-999,-999
03-01-2012 10:00:00 AM,1.8,986.0,7.9,-999,-999
03-01-2012 11:00:00 AM,2.0,986.1,12.5,-999,-999
03-01-2012 12:00:00 PM,2.3,986.1,7.5,-999,-999
03-01-2012 01:00:00 PM,2.1,986.1,11.7,-999,-999
03-01-2012 02:00:00 PM,1.7,985.9,10.5,-999,-999
03-01-2012 03:00:00 PM,1.6,985.9,7.2,-999,-999
03-01-2012 04:00:00 PM,1.0,985.5,5.1,-999,-999
03-01-2012 05:00:00 PM,1.1,985.5,7.7,-999,-999
03-01-2012 06:00:00 PM,0.0,985.6,7.9,-999,-999
03-01-2012 07:00:00 PM,-1.0,986.1,11.9,-999,-999
03-01-2012 08:00:00 PM,-2.4,986.4,6.3,-999,-999
03-01-2012 09:00:00 PM,-2.7,986.1,9.8,-999,-999
03-01-2012 10:00:00 PM,-3.7,985.8,9.8,-999,-999
03-01-2012 11:00:00 PM,-4.1,985.6,5.8,-999,-999
04-01-2012 12:00:00 AM,-4.0,985.2,4.7,-999,-999
04-01-2012 01:00:00 AM,-4.3,984.8,6.5,-999,-999
04-01-2012 02:00:00 AM,-4.7,984.3,6.5,-999,-999
04-01-2012 03:00:00 AM,-4.8,983.7,17.4,-999,-999
04-01-2012 04:00:00 AM,-4.5,983.2,15.2,-999,-999
04-01-2012 05:00:00 AM,-4.1,982.8,17.2,-999,-999
04-01-2012 06:00:00 AM,-2.3,982.5,4.9,-999,-999
04-01-2012 07:00:00 AM,-1.4,981.6,16.5,-999,-999
04-01-2012 08:00:00 AM,0.3,981.4,8.0,-999,-999
04-01-2012 09:00:00 AM,1.5,980.9,6.8,-999,-999
04-01-2012 10:00:00 AM,3.0,980.3,7.4,-999,-999
04-01-2012 11:00:00 AM,4.1,979.9,5.1,-999,-999
04-01-2012 12:00:00 PM,3.0,979.7,11.5,-999,-999
04-01-2012 01:00:00 PM,3.0,979.7,11.5,-999,-999
04-01-2012 02:00:00 PM,3.4,978.9,5.7,-999,-999
04-01-2012 03:00:00 PM,2.6,978.4,7.7,-999,-999
04-01-2012 04:00:00 PM,2.9,977.9,11.2,-999,-999
04-01-2012 05:00:00 PM,2.4,977.6,12.0,-999,-999
04-01-2012 06:00:00 PM,2.2,977.3,8.1,-999,-999
04-01-2012 07:00:00 PM,0.9,976.8,10.0,-999,-999
04-01-2012 08:00:00 PM,-0.2,976.4,14.7,-999,-999
04-01-2012 09:00:00 PM,-0.6,976.1,10.8,-999,-999
04-01-2012 10:00:00 PM,-0.9,975.9,12.5,-999,-999
04-01-2012 11:00:00 PM,-2.0,975.8,14.6,-999,-999
05-01-2012 12:00:00 AM,-2.4,975.4,18.5,-999,-999
05-01-2012 01:00:00 AM,-2.1,975.4,18.7,-999,-999
05-01-2012 02:00:00 AM,-2.6,975.4,22.2,-999,-999
05-01-2012 03:00:00 AM,-2.3,975.2,22.5,-999,-999
05-01-2012 04:00:00 AM,-1.4,975.4,21.1,-999,-999
05-01-2012 05:00:00 AM,-1.1,975.5,19.7,-999,-999
05-01-2012 06:00:00 AM,0.1,976.5,8.5,-999,-999
05-01-2012 07:00:00 AM,-0.7,976.8,7.2,-999,-999
05-01-2012 08:00:00 AM,-0.2,977.2,10.9,-999,-999
05-01-2012 09:00:00 AM,2.2,977.6,5.3,-999,-999
05-01-2012 10:00:00 AM,2.7,977.7,7.9,-999,-999
05-01-2012 11:00:00 AM,3.1,977.8,8.6,-999,-999
05-01-2012 12:00:00 PM,2.5,978.1,6.3,-999,-999
05-01-2012 01:00:00 PM,3.9,978.2,8.2,-999,-999
05-01-2012 02:00:00 PM,4.0,978.4,10.9,-999,-999
05-01-2012 03:00:00 PM,4.1,978.6,11.3,-999,-999
05-01-2012 04:00:00 PM,3.2,978.8,11.1,-999,-999
05-01-2012 05:00:00 PM,2.6,979.0,9.2,-999,-999
05-01-2012 06:00:00 PM,2.6,979.5,9.8,-999,-999
05-01-2012 07:00:00 PM,0.6,979.8,7.8,-999,-999
05-01-2012 08:00:00 PM,-0.1,980.3,8.3,-999,-999
05-01-2012 09:00:00 PM,-0.3,980.5,8.4,-999,-999
05-01-2012 10:00:00 PM,-1.2,980.9,7.8,-999,-999
05-01-2012 11:00:00 PM,-2.3,981.2,11.0,-999,-999
06-01-2012 12:00:00 AM,-3.9,981.7,11.4,-999,-999
06-01-2012 01:00:00 AM,-5.4,982.5,7.3,-999,-999
06-01-2012 02:00:00 AM,-5.5,982.8,5.8,-999,-999
06-01-2012 03:00:00 AM,-5.2,983.2,6.6,-999,-999
06-01-2012 04:00:00 AM,-5.1,983.6,13.2,-999,-999
06-01-2012 05:00:00 AM,-4.9,983.8,13.0,-999,-999
06-01-2012 06:00:00 AM,-5.1,984.1,13.0,-999,-999
06-01-2012 07:00:00 AM,-5.2,984.3,12.5,-999,-999
06-01-2012 08:00:00 AM,-4.6,984.4,10.9,-999,-999
06-01-2012 09:00:00 AM,-3.5,984.7,12.2,-999,-999
06-01-2012 10:00:00 AM,-3.5,984.6,9.0,-999,-999
06-01-2012 11:00:00 AM,-3.1,984.3,10.1,-999,-999
06-01-2012 12:00:00 PM,-2.7,984.3,8.3,-999,-999
06-01-2012 01:00:00 PM,-1.8,984.1,7.9,-999,-999
06-01-2012 02:00:00 PM,-1.8,983.9,9.2,-999,-999
06-01-2012 03:00:00 PM,-1.9,983.6,9.6,-999,-999
06-01-2012 04:00:00 PM,-2.4,983.5,11.2,-999,-999
06-01-2012 05:00:00 PM,-2.9,983.4,10.8,-999,-999
06-01-2012 06:00:00 PM,-3.4,983.6,10.5,-999,-999
06-01-2012 07:00:00 PM,-3.8,983.8,8.2,-999,-999
06-01-2012 08:00:00 PM,-4.0,984.1,10.8,-999,-999
06-01-2012 09:00:00 PM,-4.4,983.8,10.2,-999,-999
06-01-2012 10:00:00 PM,-4.0,983.8,10.0,-999,-999
06-01-2012 11:00:00 PM,-4.2,983.8,10.0,-999,-999
07-01-2012 12:00:00 AM,-4.4,983.5,9.5,-999,-999
07-01-2012 01:00:00 AM,-4.3,983.7,7.0,-999,-999
07-01-2012 02:00:00 AM,-4.2,983.6,6.8,-999,-999
07-01-2012 03:00:00 AM,-4.2,983.5,7.6,-999,-999
07-01-2012 04:00:00 AM,-4.2,983.1,7.6,-999,-999
07-01-2012 05:00:00 AM,-4.2,983.1,9.5,-999,-999
07-01-2012 06:00:00 AM,-4.2,983.0,11.2,-999,-999
07-01-2012 07:00:00 AM,-3.6,982.9,9.6,-999,-999
07-01-2012 08:00:00 AM,-2.6,982.6,8.6,-999,-999
07-01-2012 09:00:00 AM,-1.3,982.4,10.5,-999,-999
07-01-2012 10:00:00 AM,-0.8,982.1,10.3,-999,-999
07-01-2012 11:00:00 AM,-1.1,981.6,13.3,-999,-999
07-01-2012 12:00:00 PM,-0.6,981.2,9.5,-999,-999
07-01-2012 01:00:00 PM,-0.5,980.7,11.2,-999,-999
07-01-2012 02:00:00 PM,-0.4,980.1,10.7,-999,-999
07-01-2012 03:00:00 PM,-1.1,979.8,11.5,-999,-999
07-01-2012 04:00:00 PM,-1.0,979.2,11.8,-999,-999
07-01-2012 05:00:00 PM,-2.1,978.9,11.4,-999,-999
07-01-2012 06:00:00 PM,-2.7,978.7,12.4,-999,-999
07-01-2012 07:00:00 PM,-3.0,978.2,10.4,-999,-999
07-01-2012 08:00:00 PM,-2.7,977.7,8.7,-999,-999
07-01-2012 09:00:00 PM,-3.3,977.4,5.2,-999,-999
07-01-2012 10:00:00 PM,-3.4,977.0,7.1,-999,-999
07-01-2012 11:00:00 PM,-4.3,976.5,7.0,-999,-999
08-01-2012 12:00:00 AM,-5.3,976.1,5.9,-999,-999
08-01-2012 01:00:00 AM,-5.7,975.4,5.3,-999,-999
08-01-2012 02:00:00 AM,-5.5,974.6,3.9,-999,-999
08-01-2012 03:00:00 AM,-5.7,974.2,4.7,-999,-999
08-01-2012 04:00:00 AM,-5.5,973.7,6.7,-999,-999
08-01-2012 05:00:00 AM,-4.5,973.4,6.0,-999,-999
08-01-2012 06:00:00 AM,-3.9,973.3,6.0,-999,-999
08-01-2012 07:00:00 AM,-0.4,973.0,14.2,-999,-999
08-01-2012 08:00:00 AM,2.1,972.6,18.6,-999,-999
08-01-2012 09:00:00 AM,2.5,972.8,17.3,-999,-999
08-01-2012 10:00:00 AM,2.4,973.3,18.2,-999,-999
08-01-2012 11:00:00 AM,2.6,973.5,15.2,-999,-999
08-01-2012 12:00:00 PM,3.3,973.2,16.1,-999,-999
08-01-2012 01:00:00 PM,4.6,973.4,11.7,-999,-999
08-01-2012 02:00:00 PM,4.0,973.6,9.9,-999,-999
08-01-2012 03:00:00 PM,2.3,973.4,11.0,-999,-999
08-01-2012 04:00:00 PM,2.7,973.4,12.5,-999,-999
08-01-2012 05:00:00 PM,2.0,973.4,10.6,-999,-999
08-01-2012 06:00:00 PM,1.4,973.4,6.6,-999,-999
08-01-2012 07:00:00 PM,0.6,973.7,9.3,-999,-999
08-01-2012 08:00:00 PM,-0.4,974.1,12.4,-999,-999
08-01-2012 09:00:00 PM,0.2,974.2,18.6,-999,-999
08-01-2012 10:00:00 PM,-0.1,974.3,18.9,-999,-999
08-01-2012 11:00:00 PM,0.6,974.9,14.4,-999,-999
09-01-2012 12:00:00 AM,-0.3,974.9,20.8,-999,-999
09-01-2012 01:00:00 AM,0.0,975.3,15.0,-999,-999
09-01-2012 02:00:00 AM,-0.4,975.1,20.5,-999,-999
09-01-2012 03:00:00 AM,-0.4,975.4,19.7,-999,-999
09-01-2012 04:00:00 AM,-0.2,976.0,19.4,-999,-999
09-01-2012 05:00:00 AM,0.9,976.5,21.0,-999,-999
09-01-2012 06:00:00 AM,1.6,976.9,17.2,-999,-999
09-01-2012 07:00:00 AM,2.4,977.3,17.3,-999,-999
09-01-2012 08:00:00 AM,3.2,978.0,17.8,-999,-999
09-01-2012 09:00:00 AM,3.7,978.6,20.8,-999,-999
09-01-2012 10:00:00 AM,3.6,979.2,14.3,-999,-999
09-01-2012 11:00:00 AM,2.1,979.8,12.9,-999,-999
09-01-2012 12:00:00 PM,3.0,980.0,6.2,-999,-999
09-01-2012 01:00:00 PM,2.6,980.4,10.1,-999,-999
09-01-2012 02:00:00 PM,2.7,980.6,12.9,-999,-999
09-01-2012 03:00:00 PM,1.8,980.6,13.0,-999,-999
09-01-2012 04:00:00 PM,1.0,980.8,8.1,-999,-999
09-01-2012 05:00:00 PM,1.1,981.1,9.8,-999,-999
09-01-2012 06:00:00 PM,0.5,981.3,8.3,-999,-999
09-01-2012 07:00:00 PM,1.1,981.7,5.3,-999,-999
09-01-2012 08:00:00 PM,0.8,982.2,7.2,-999,-999
09-01-2012 09:00:00 PM,1.1,982.6,14.9,-999,-999
09-01-2012 10:00:00 PM,0.4,983.0,10.2,-999,-999
09-01-2012 11:00:00 PM,-1.6,983.3,13.1,-999,-999
10-01-2012 12:00:00 AM,-1.2,983.5,12.5,-999,-999
10-01-2012 01:00:00 AM,-1.1,983.6,12.7,-999,-999
10-01-2012 02:00:00 AM,-3.1,983.8,18.0,-999,-999
10-01-2012 03:00:00 AM,-2.5,984.0,16.5,-999,-999
10-01-2012 04:00:00 AM,-1.6,983.9,18.0,-999,-999
10-01-2012 05:00:00 AM,-1.3,984.0,21.8,-999,-999
10-01-2012 06:00:00 AM,-0.7,984.2,19.5,-999,-999
10-01-2012 07:00:00 AM,0.4,984.1,19.5,-999,-999
10-01-2012 08:00:00 AM,1.1,984.3,18.4,-999,-999
10-01-2012 09:00:00 AM,1.6,984.3,17.5,-999,-999
10-01-2012 10:00:00 AM,2.5,984.0,13.2,-999,-999
10-01-2012 11:00:00 AM,3.6,983.9,13.6,-999,-999
10-01-2012 12:00:00 PM,4.5,983.7,12.7,-999,-999
10-01-2012 01:00:00 PM,5.1,983.4,10.7,-999,-999
10-01-2012 02:00:00 PM,4.3,983.2,6.6,-999,-999
10-01-2012 03:00:00 PM,3.3,982.7,8.7,-999,-999
10-01-2012 04:00:00 PM,2.9,982.2,8.8,-999,-999
10-01-2012 05:00:00 PM,3.2,981.8,8.8,-999,-999
10-01-2012 06:00:00 PM,2.7,981.6,6.8,-999,-999
10-01-2012 07:00:00 PM,1.4,981.3,6.3,-999,-999
10-01-2012 08:00:00 PM,0.9,981.2,7.3,-999,-999
10-01-2012 09:00:00 PM,0.5,980.9,5.2,-999,-999
10-01-2012 10:00:00 PM,-0.2,980.4,17.4,-999,-999
10-01-2012 11:00:00 PM,-0.1,980.5,8.7,-999,-999
11-01-2012 12:00:00 AM,-0.6,979.9,18.5,-999,-999
11-01-2012 01:00:00 AM,-1.8,979.6,20.0,-999,-999
11-01-2012 02:00:00 AM,-1.9,979.4,21.9,-999,-999
11-01-2012 03:00:00 AM,-2.0,979.2,25.9,-999,-999
11-01-2012 04:00:00 AM,-1.7,979.2,25.2,-999,-999
11-01-2012 05:00:00 AM,-1.6,979.7,24.3,-999,-999
11-01-2012 06:00:00 AM,-0.3,980.4,20.9,-999,-999
11-01-2012 07:00:00 AM,0.5,981.4,16.9,-999,-999
11-01-2012 08:00:00 AM,0.7,981.5,16.4,-999,-999
11-01-2012 09:00:00 AM,2.1,981.7,13.2,-999,-999
11-01-2012 10:00:00 AM,2.8,981.9,13.0,-999,-999
11-01-2012 11:00:00 AM,2.4,981.7,10.9,-999,-999
11-01-2012 12:00:00 PM,4.6,981.7,10.7,-999,-999
11-01-2012 01:00:00 PM,5.1,981.8,13.5,-999,-999
11-01-2012 02:00:00 PM,3.9,981.6,14.9,-999,-999
11-01-2012 03:00:00 PM,3.1,981.3,14.5,-999,-999
11-01-2012 04:00:00 PM,2.5,980.8,12.0,-999,-999
11-01-2012 05:00:00 PM,2.2,980.4,11.6,-999,-999
11-01-2012 06:00:00 PM,1.8,980.3,9.8,-999,-999
11-01-2012 07:00:00 PM,1.4,980.2,12.6,-999,-999
11-01-2012 08:00:00 PM,0.6,980.0,12.7,-999,-999
11-01-2012 09:00:00 PM,-0.1,979.8,11.9,-999,-999
11-01-2012 10:00:00 PM,-0.7,979.7,13.9,-999,-999
11-01-2012 11:00:00 PM,-1.1,979.9,15.0,-999,-999
12-01-2012 12:00:00 AM,-1.2,979.6,16.2,-999,-999
12-01-2012 01:00:00 AM,-2.0,979.6,12.8,-999,-999
12-01-2012 02:00:00 AM,-2.0,979.8,12.2,-999,-999
12-01-2012 03:00:00 AM,-2.1,979.6,10.1,-999,-999
12-01-2012 04:00:00 AM,-2.1,979.6,12.7,-999,-999
12-01-2012 05:00:00 AM,-2.4,979.9,13.6,-999,-999
12-01-2012 06:00:00 AM,-2.0,979.8,15.4,-999,-999
12-01-2012 07:00:00 AM,-2.0,979.8,16.5,-999,-999
12-01-2012 08:00:00 AM,-1.7,979.9,21.2,-999,-999
12-01-2012 09:00:00 AM,-1.8,980.0,17.5,-999,-999
12-01-2012 10:00:00 AM,-1.9,979.9,15.5,-999,-999
12-01-2012 11:00:00 AM,-1.5,979.8,15.3,-999,-999
12-01-2012 12:00:00 PM,-0.7,979.8,12.1,-999,-999
12-01-2012 01:00:00 PM,0.1,979.7,18.4,-999,-999
12-01-2012 02:00:00 PM,0.2,979.6,15.2,-999,-999
12-01-2012 03:00:00 PM,-0.6,979.6,15.8,-999,-999
12-01-2012 04:00:00 PM,-1.0,979.5,13.4,-999,-999
12-01-2012 05:00:00 PM,-1.4,979.5,17.0,-999,-999
12-01-2012 06:00:00 PM,-2.2,979.7,16.5,-999,-999
12-01-2012 07:00:00 PM,-2.3,980.0,15.2,-999,-999
12-01-2012 08:00:00 PM,-2.6,980.0,12.5,-999,-999
12-01-2012 09:00:00 PM,-2.8,980.2,15.5,-999,-999
12-01-2012 10:00:00 PM,-2.9,980.6,14.7,-999,-999
12-01-2012 11:00:00 PM,-2.9,980.7,14.7,-999,-999
13-01-2012 12:00:00 AM,-3.0,980.7,11.5,-999,-999
13-01-2012 01:00:00 AM,-3.2,980.8,16.9,-999,-999
13-01-2012 02:00:00 AM,-3.3,980.8,12.7,-999,-999
13-01-2012 03:00:00 AM,-3.7,980.9,15.2,-999,-999
13-01-2012 04:00:00 AM,-4.5,981.1,16.7,-999,-999
13-01-2012 05:00:00 AM,-4.0,981.1,17.4,-999,-999
13-01-2012 06:00:00 AM,-3.6,981.3,14.3,-999,-999
13-01-2012 07:00:00 AM,-2.9,981.5,14.6,-999,-999
13-01-2012 08:00:00 AM,-2.4,981.7,15.8,-999,-999
13-01-2012 09:00:00 AM,-1.9,982.0,18.3,-999,-999
13-01-2012 10:00:00 AM,-2.3,982.0,17.0,-999,-999
13-01-2012 11:00:00 AM,-2.2,982.0,13.2,-999,-999
13-01-2012 12:00:00 PM,-1.9,981.7,10.7,-999,-999
13-01-2012 01:00:00 PM,-1.8,981.5,9.9,-999,-999
13-01-2012 02:00:00 PM,-1.5,981.1,4.6,-999,-999
13-01-2012 03:00:00 PM,-1.5,980.9,7.8,-999,-999
13-01-2012 04:00:00 PM,-0.8,980.6,5.3,-999,-999
13-01-2012 05:00:00 PM,-1.7,980.2,6.1,-999,-999
13-01-2012 06:00:00 PM,-1.4,979.6,5.2,-999,-999
13-01-2012 07:00:00 PM,-1.3,979.4,10.1,-999,-999
13-01-2012 08:00:00 PM,-1.7,979.0,11.7,-999,-999
13-01-2012 09:00:00 PM,-2.7,978.5,13.9,-999,-999
13-01-2012 10:00:00 PM,-3.7,978.1,16.0,-999,-999
13-01-2012 11:00:00 PM,-3.8,977.5,16.7,-999,-999
14-01-2012 12:00:00 AM,-3.3,977.1,13.4,-999,-999
14-01-2012 01:00:00 AM,-3.0,976.9,16.1,-999,-999
14-01-2012 02:00:00 AM,-3.8,976.3,19.6,-999,-999
14-01-2012 03:00:00 AM,-3.3,975.9,20.7,-999,-999
14-01-2012 04:00:00 AM,-2.3,975.9,16.0,-999,-999
14-01-2012 05:00:00 AM,-1.3,975.9,18.6,-999,-999
14-01-2012 06:00:00 AM,-0.3,976.3,6.9,-999,-999
14-01-2012 07:00:00 AM,0.3,976.7,9.3,-999,-999
14-01-2012 08:00:00 AM,0.2,977.3,18.7,-999,-999
14-01-2012 09:00:00 AM,0.7,977.7,10.1,-999,-999
14-01-2012 10:00:00 AM,0.7,977.9,6.2,-999,-999
14-01-2012 11:00:00 AM,3.1,978.3,14.0,-999,-999
14-01-2012 12:00:00 PM,3.2,978.4,10.0,-999,-999
14-01-2012 01:00:00 PM,2.6,978.8,12.5,-999,-999
14-01-2012 02:00:00 PM,1.8,979.0,21.5,-999,-999
14-01-2012 03:00:00 PM,1.4,979.0,23.3,-999,-999
14-01-2012 04:00:00 PM,0.9,979.1,19.9,-999,-999
14-01-2012 05:00:00 PM,0.5,979.1,20.3,-999,-999
14-01-2012 06:00:00 PM,0.2,979.6,21.5,-999,-999
14-01-2012 07:00:00 PM,-0.3,980.3,19.0,-999,-999
14-01-2012 08:00:00 PM,-1.1,981.0,16.9,-999,-999
14-01-2012 09:00:00 PM,-1.5,981.5,15.4,-999,-999
14-01-2012 10:00:00 PM,-1.9,981.7,17.4,-999,-999
14-01-2012 11:00:00 PM,-2.1,981.8,15.3,-999,-999
15-01-2012 12:00:00 AM,-1.8,982.0,15.4,-999,-999
15-01-2012 01:00:00 AM,-1.9,982.3,13.9,-999,-999
15-01-2012 02:00:00 AM,-2.1,982.5,14.2,-999,-999
15-01-2012 03:00:00 AM,-2.3,982.8,16.9,-999,-999
15-01-2012 04:00:00 AM,-2.4,983.0,16.1,-999,-999
15-01-2012 05:00:00 AM,-1.8,983.0,15.2,-999,-999
15-01-2012 06:00:00 AM,-1.5,983.1,15.6,-999,-999
15-01-2012 07:00:00 AM,-1.1,983.4,14.6,-999,-999
15-01-2012 08:00:00 AM,-0.8,983.5,14.2,-999,-999
15-01-2012 09:00:00 AM,0.2,983.5,14.8,-999,-999
15-01-2012 10:00:00 AM,-0.2,983.8,16.6,-999,-999
15-01-2012 11:00:00 AM,0.5,983.7,16.0,-999,-999
15-01-2012 12:00:00 PM,0.4,983.6,13.8,-999,-999
15-01-2012 01:00:00 PM,1.4,983.2,15.6,-999,-999
15-01-2012 02:00:00 PM,2.1,982.9,15.4,-999,-999
15-01-2012 03:00:00 PM,1.6,982.8,15.7,-999,-999
15-01-2012 04:00:00 PM,0.8,982.6,12.7,-999,-999
15-01-2012 05:00:00 PM,0.2,982.4,9.8,-999,-999
15-01-2012 06:00:00 PM,-0.6,982.0,11.5,-999,-999
15-01-2012 07:00:00 PM,-0.8,982.1,11.1,-999,-999
15-01-2012 08:00:00 PM,-1.3,982.2,10.0,-999,-999
15-01-2012 09:00:00 PM,-2.0,981.9,14.0,-999,-999
15-01-2012 10:00:00 PM,-2.6,981.5,15.9,-999,-999
15-01-2012 11:00:00 PM,-2.6,981.2,13.2,-999,-999
16-01-2012 12:00:00 AM,-1.7,981.1,13.2,-999,-999
16-01-2012 01:00:00 AM,-2.3,981.2,15.4,-999,-999
16-01-2012 02:00:00 AM,-3.0,981.1,15.6,-999,-999
16-01-2012 03:00:00 AM,-2.8,980.8,16.7,-999,-999
16-01-2012 04:00:00 AM,-2.3,980.5,15.6,-999,-999
16-01-2012 05:00:00 AM,-2.3,980.6,16.7,-999,-999
16-01-2012 06:00:00 AM,-1.8,980.7,18.6,-999,-999
16-01-2012 07:00:00 AM,-1.2,981.1,16.1,-999,-999
16-01-2012 08:00:00 AM,-0.5,980.9,18.7,-999,-999
16-01-2012 09:00:00 AM,-0.8,981.3,20.7,-999,-999
16-01-2012 10:00:00 AM,-0.5,981.3,19.1,-999,-999
16-01-2012 11:00:00 AM,0.5,981.3,19.2,-999,-999
16-01-2012 12:00:00 PM,2.6,980.9,17.3,-999,-999
16-01-2012 01:00:00 PM,2.1,981.2,19.9,-999,-999
16-01-2012 02:00:00 PM,2.0,981.4,19.5,-999,-999
16-01-2012 03:00:00 PM,1.3,981.5,18.7,-999,-999
16-01-2012 04:00:00 PM,0.8,981.5,20.0,-999,-999
16-01-2012 05:00:00 PM,0.6,981.4,16.0,-999,-999
16-01-2012 06:00:00 PM,-0.2,981.4,15.7,-999,-999
16-01-2012 07:00:00 PM,-0.7,981.7,12.0,-999,-999
16-01-2012 08:00:00 PM,-1.1,982.1,10.1,-999,-999
16-01-2012 09:00:00 PM,-1.7,982.1,12.0,-999,-999
16-01-2012 10:00:00 PM,-2.2,982.2,14.5,-999,-999
16-01-2012 11:00:00 PM,-2.8,982.3,13.3,-999,-999
17-01-2012 12:00:00 AM,-3.0,982.4,14.3,-999,-999
17-01-2012 01:00:00 AM,-3.1,982.4,15.8,-999,-999
17-01-2012 02:00:00 AM,-3.4,982.6,18.9,-999,-999
17-01-2012 03:00:00 AM,-2.7,982.6,16.6,-999,-999
17-01-2012 04:00:00 AM,-2.7,982.4,22.6,-999,-999
17-01-2012 05:00:00 AM,-2.6,982.4,23.9,-999,-999
17-01-2012 06:00:00 AM,-2.4,982.5,23.2,-999,-999
17-01-2012 07:00:00 AM,-1.6,982.8,19.9,-999,-999
17-01-2012 08:00:00 AM,-1.4,983.1,16.1,-999,-999
17-01-2012 09:00:00 AM,-0.8,983.2,18.6,-999,-999
17-01-2012 10:00:00 AM,-0.7,983.3,19.3,-999,-999
17-01-2012 11:00:00 AM,-0.2,983.4,17.9,-999,-999
17-01-2012 12:00:00 PM,0.4,983.3,15.5,-999,-999
17-01-2012 01:00:00 PM,0.7,983.5,16.0,-999,-999
17-01-2012 02:00:00 PM,1.0,983.8,13.4,-999,-999
17-01-2012 03:00:00 PM,0.7,984.0,18.3,-999,-999
17-01-2012 04:00:00 PM,0.4,983.8,14.2,-999,-999
17-01-2012 05:00:00 PM,0.2,983.8,13.9,-999,-999
17-01-2012 06:00:00 PM,0.2,983.9,14.8,-999,-999
17-01-2012 07:00:00 PM,0.2,984.3,12.3,-999,-999
17-01-2012 08:00:00 PM,-0.1,984.8,12.0,-999,-999
17-01-2012 09:00:00 PM,-0.6,985.4,11.6,-999,-999
17-01-2012 10:00:00 PM,-1.4,986.0,9.9,-999,-999
17-01-2012 11:00:00 PM,-1.4,986.2,11.1,-999,-999
18-01-2012 12:00:00 AM,-1.5,986.5,17.4,-999,-999
18-01-2012 01:00:00 AM,-1.5,987.0,14.4,-999,-999
18-01-2012 02:00:00 AM,-1.8,987.3,12.8,-999,-999
18-01-2012 03:00:00 AM,-2.0,987.5,16.2,-999,-999
18-01-2012 04:00:00 AM,-1.8,987.8,21.0,-999,-999
18-01-2012 05:00:00 AM,-1.3,988.2,19.1,-999,-999
18-01-2012 06:00:00 AM,-0.2,988.5,19.2,-999,-999
18-01-2012 07:00:00 AM,-0.4,988.9,14.9,-999,-999
18-01-2012 08:00:00 AM,0.2,989.3,17.9,-999,-999
18-01-2012 09:00:00 AM,1.1,989.5,16.3,-999,-999
18-01-2012 10:00:00 AM,1.8,989.7,15.2,-999,-999
18-01-2012 11:00:00 AM,2.1,989.6,13.6,-999,-999
18-01-2012 12:00:00 PM,2.8,989.8,14.4,-999,-999
18-01-2012 01:00:00 PM,2.9,989.8,14.5,-999,-999
18-01-2012 02:00:00 PM,3.4,989.8,16.7,-999,-999
18-01-2012 03:00:00 PM,2.6,989.9,14.9,-999,-999
18-01-2012 04:00:00 PM,2.6,989.6,14.9,-999,-999
18-01-2012 05:00:00 PM,1.9,989.6,13.3,-999,-999
18-01-2012 06:00:00 PM,1.3,989.6,12.8,-999,-999
18-01-2012 07:00:00 PM,1.0,989.5,10.3,-999,-999
18-01-2012 08:00:00 PM,0.3,989.3,12.7,-999,-999
18-01-2012 09:00:00 PM,-0.2,989.3,14.9,-999,-999
18-01-2012 10:00:00 PM,-0.8,989.1,16.3,-999,-999
18-01-2012 11:00:00 PM,-1.5,988.9,19.5,-999,-999
19-01-2012 12:00:00 AM,-2.0,988.4,20.8,-999,-999
19-01-2012 01:00:00 AM,-2.5,988.1,20.6,-999,-999
19-01-2012 02:00:00 AM,-3.2,987.8,22.6,-999,-999
19-01-2012 03:00:00 AM,-3.6,987.5,22.4,-999,-999
19-01-2012 04:00:00 AM,-4.2,987.2,24.7,-999,-999
19-01-2012 05:00:00 AM,-3.4,986.9,25.5,-999,-999
19-01-2012 06:00:00 AM,-3.1,986.7,24.6,-999,-999
19-01-2012 07:00:00 AM,-2.1,986.4,23.3,-999,-999
19-01-2012 08:00:00 AM,-1.4,986.4,22.5,-999,-999
19-01-2012 09:00:00 AM,-0.7,986.1,20.6,-999,-999
19-01-2012 10:00:00 AM,-0.3,985.7,18.1,-999,-999
19-01-2012 11:00:00 AM,0.4,985.3,16.9,-999,-999
19-01-2012 12:00:00 PM,1.1,984.9,15.6,-999,-999
19-01-2012 01:00:00 PM,1.2,984.5,15.1,-999,-999
19-01-2012 02:00:00 PM,1.3,984.1,12.5,-999,-999
19-01-2012 03:00:00 PM,1.6,983.8,10.1,-999,-999
19-01-2012 04:00:00 PM,1.7,983.6,11.8,-999,-999
19-01-2012 05:00:00 PM,0.2,983.5,8.5,-999,-999
19-01-2012 06:00:00 PM,-0.4,983.2,8.3,-999,-999
19-01-2012 07:00:00 PM,-0.8,983.1,7.3,-999,-999
19-01-2012 08:00:00 PM,-2.1,983.0,11.7,-999,-999
19-01-2012 09:00:00 PM,-4.0,982.8,14.9,-999,-999
19-01-2012 10:00:00 PM,-5.3,982.8,16.1,-999,-999
19-01-2012 11:00:00 PM,-5.6,982.7,15.1,-999,-999
20-01-2012 12:00:00 AM,-5.0,982.8,15.3,-999,-999
20-01-2012 01:00:00 AM,-5.4,983.0,18.6,-999,-999
20-01-2012 02:00:00 AM,-6.1,982.7,18.8,-999,-999
20-01-2012 03:00:00 AM,-6.1,982.4,20.5,-999,-999
20-01-2012 04:00:00 AM,-5.5,982.2,19.6,-999,-999
20-01-2012 05:00:00 AM,-5.1,982.2,21.4,-999,-999
20-01-2012 06:00:00 AM,-4.7,982.3,24.2,-999,-999
20-01-2012 07:00:00 AM,-4.4,982.4,22.0,-999,-999
20-01-2012 08:00:00 AM,-3.4,982.7,18.5,-999,-999
20-01-2012 09:00:00 AM,-2.5,982.6,18.1,-999,-999
20-01-2012 10:00:00 AM,-1.2,982.9,16.4,-999,-999
20-01-2012 11:00:00 AM,-0.4,983.2,12.8,-999,-999
20-01-2012 12:00:00 PM,1.4,983.4,11.8,-999,-999
20-01-2012 01:00:00 PM,1.6,983.6,11.5,-999,-999
20-01-2012 02:00:00 PM,0.2,983.5,8.8,-999,-999
20-01-2012 03:00:00 PM,0.9,983.9,12.6,-999,-999
20-01-2012 04:00:00 PM,0.4,984.1,11.0,-999,-999
20-01-2012 05:00:00 PM,-0.5,984.3,10.4,-999,-999
20-01-2012 06:00:00 PM,-1.4,984.5,11.3,-999,-999
20-01-2012 07:00:00 PM,-1.7,984.8,7.3,-999,-999
20-01-2012 08:00:00 PM,-2.3,985.3,6.8,-999,-999
20-01-2012 09:00:00 PM,-3.0,985.6,8.8,-999,-999
20-01-2012 10:00:00 PM,-3.5,985.8,13.6,-999,-999
20-01-2012 11:00:00 PM,-4.2,985.8,14.8,-999,-999
21-01-2012 12:00:00 AM,-4.6,985.9,15.1,-999,-999
21-01-2012 01:00:00 AM,-5.5,985.9,17.4,-999,-999
21-01-2012 02:00:00 AM,-5.3,985.8,16.5,-999,-999
21-01-2012 03:00:00 AM,-5.1,985.8,19.9,-999,-999
21-01-2012 04:00:00 AM,-4.6,985.7,18.2,-999,-999
21-01-2012 05:00:00 AM,-3.7,985.8,16.7,-999,-999
21-01-2012 06:00:00 AM,-3.9,985.7,17.7,-999,-999
21-01-2012 07:00:00 AM,-3.6,985.7,17.9,-999,-999
21-01-2012 08:00:00 AM,-3.3,985.6,14.1,-999,-999
21-01-2012 09:00:00 AM,-2.3,985.3,19.1,-999,-999
21-01-2012 10:00:00 AM,-2.2,985.1,23.3,-999,-999
21-01-2012 11:00:00 AM,-2.2,984.6,22.9,-999,-999
21-01-2012 12:00:00 PM,-1.9,983.9,26.3,-999,-999
21-01-2012 01:00:00 PM,-2.0,983.0,26.3,-999,-999
21-01-2012 02:00:00 PM,-2.0,982.3,27.3,-999,-999
21-01-2012 03:00:00 PM,-2.3,981.5,28.7,-999,-999
21-01-2012 04:00:00 PM,-2.5,980.8,30.9,-999,-999
21-01-2012 05:00:00 PM,-2.8,980.0,31.6,-999,-999
21-01-2012 06:00:00 PM,-3.2,979.3,25.7,-999,-999
21-01-2012 07:00:00 PM,-3.5,978.6,30.5,-999,-999
21-01-2012 08:00:00 PM,-3.6,978.2,30.5,-999,-999
21-01-2012 09:00:00 PM,-4.0,977.2,31.0,-999,-999
21-01-2012 10:00:00 PM,-4.2,976.4,33.4,-999,-999
21-01-2012 11:00:00 PM,-3.9,975.6,33.7,-999,-999
22-01-2012 12:00:00 AM,-4.2,974.6,31.7,-999,-999
22-01-2012 01:00:00 AM,-4.8,974.6,30.8,-999,-999
22-01-2012 02:00:00 AM,-5.0,973.8,37.6,-999,-999
22-01-2012 03:00:00 AM,-5.1,973.3,37.2,-999,-999
22-01-2012 04:00:00 AM,-5.1,972.4,37.0,-999,-999
22-01-2012 05:00:00 AM,-5.3,972.1,40.0,-999,-999
22-01-2012 06:00:00 AM,-5.2,971.8,42.1,-999,-999
22-01-2012 07:00:00 AM,-5.1,971.9,41.0,-999,-999
22-01-2012 08:00:00 AM,-4.9,971.9,35.7,-999,-999
22-01-2012 09:00:00 AM,-4.7,971.7,34.5,-999,-999
22-01-2012 10:00:00 AM,-4.6,971.8,30.2,-999,-999
22-01-2012 11:00:00 AM,-4.5,972.1,30.8,-999,-999
22-01-2012 12:00:00 PM,-4.4,972.0,29.3,-999,-999
22-01-2012 01:00:00 PM,-4.4,972.1,24.8,-999,-999
22-01-2012 02:00:00 PM,-4.5,972.2,27.3,-999,-999
22-01-2012 03:00:00 PM,-4.6,971.8,29.6,-999,-999
22-01-2012 04:00:00 PM,-4.4,971.9,26.6,-999,-999
22-01-2012 05:00:00 PM,-4.5,971.9,25.7,-999,-999
22-01-2012 06:00:00 PM,-4.5,971.8,25.2,-999,-999
22-01-2012 07:00:00 PM,-4.5,972.2,25.7,-999,-999
22-01-2012 08:00:00 PM,-4.5,972.3,23.4,-999,-999
22-01-2012 09:00:00 PM,-4.5,972.6,23.6,-999,-999
22-01-2012 10:00:00 PM,-4.6,972.8,24.3,-999,-999
22-01-2012 11:00:00 PM,-4.8,972.7,24.8,-999,-999
23-01-2012 12:00:00 AM,-4.8,972.8,18.5,-999,-999
23-01-2012 01:00:00 AM,-4.7,972.9,21.5,-999,-999
23-01-2012 02:00:00 AM,-4.7,972.9,18.5,-999,-999
23-01-2012 03:00:00 AM,-5.0,972.7,19.7,-999,-999
23-01-2012 04:00:00 AM,-4.9,973.1,22.3,-999,-999
23-01-2012 05:00:00 AM,-4.9,973.3,22.2,-999,-999
23-01-2012 06:00:00 AM,-4.8,973.7,20.4,-999,-999
23-01-2012 07:00:00 AM,-4.8,974.2,19.1,-999,-999
23-01-2012 08:00:00 AM,-4.5,974.6,20.5,-999,-999
23-01-2012 09:00:00 AM,-4.3,974.9,21.3,-999,-999
23-01-2012 10:00:00 AM,-4.1,975.2,18.6,-999,-999
23-01-2012 11:00:00 AM,-3.6,975.5,15.1,-999,-999
23-01-2012 12:00:00 PM,-3.1,975.8,17.4,-999,-999
23-01-2012 01:00:00 PM,-2.1,976.4,18.5,-999,-999
23-01-2012 02:00:00 PM,-2.1,977.3,20.6,-999,-999
23-01-2012 03:00:00 PM,-2.3,977.8,21.6,-999,-999
23-01-2012 04:00:00 PM,-2.7,978.0,18.3,-999,-999
23-01-2012 05:00:00 PM,-2.9,978.4,15.4,-999,-999
23-01-2012 06:00:00 PM,-3.3,978.7,19.1,-999,-999
23-01-2012 07:00:00 PM,-3.5,979.3,15.1,-999,-999
23-01-2012 08:00:00 PM,-3.9,979.7,16.1,-999,-999
23-01-2012 09:00:00 PM,-4.2,980.0,17.4,-999,-999
23-01-2012 10:00:00 PM,-4.8,980.4,23.7,-999,-999
23-01-2012 11:00:00 PM,-4.9,980.9,23.5,-999,-999
24-01-2012 12:00:00 AM,-4.8,981.3,20.7,-999,-999
24-01-2012 01:00:00 AM,-4.9,981.5,25.8,-999,-999
24-01-2012 02:00:00 AM,-5.3,981.8,23.7,-999,-999
24-01-2012 03:00:00 AM,-5.4,982.0,19.9,-999,-999
24-01-2012 04:00:00 AM,-5.0,982.4,22.5,-999,-999
24-01-2012 05:00:00 AM,-4.8,983.0,21.3,-999,-999
24-01-2012 06:00:00 AM,-4.2,983.5,24.9,-999,-999
24-01-2012 07:00:00 AM,-3.5,984.2,17.3,-999,-999
24-01-2012 08:00:00 AM,-2.9,984.4,17.9,-999,-999
24-01-2012 09:00:00 AM,-2.4,985.0,18.7,-999,-999
24-01-2012 10:00:00 AM,-2.0,985.2,20.5,-999,-999
24-01-2012 11:00:00 AM,-1.9,985.2,21.5,-999,-999
24-01-2012 12:00:00 PM,-1.5,985.4,19.1,-999,-999
24-01-2012 01:00:00 PM,-1.6,985.8,19.3,-999,-999
24-01-2012 02:00:00 PM,-1.6,985.9,21.1,-999,-999
24-01-2012 03:00:00 PM,-1.8,985.7,20.3,-999,-999
24-01-2012 04:00:00 PM,-1.4,985.1,17.4,-999,-999
24-01-2012 05:00:00 PM,-1.0,985.1,16.6,-999,-999
24-01-2012 06:00:00 PM,-1.4,984.9,17.9,-999,-999
24-01-2012 07:00:00 PM,-1.9,984.8,15.9,-999,-999
24-01-2012 08:00:00 PM,-2.3,984.4,19.5,-999,-999
24-01-2012 09:00:00 PM,-2.5,983.9,24.8,-999,-999
24-01-2012 10:00:00 PM,-2.2,983.7,25.6,-999,-999
24-01-2012 11:00:00 PM,-2.2,983.4,24.6,-999,-999
25-01-2012 12:00:00 AM,-1.9,982.7,25.6,-999,-999
25-01-2012 01:00:00 AM,-3.2,982.0,29.0,-999,-999
25-01-2012 02:00:00 AM,-3.5,981.1,35.2,-999,-999
25-01-2012 03:00:00 AM,-3.6,980.2,35.7,-999,-999
25-01-2012 04:00:00 AM,-3.5,979.8,36.3,-999,-999
25-01-2012 05:00:00 AM,-2.9,979.3,35.0,-999,-999
25-01-2012 06:00:00 AM,-2.5,978.8,33.4,-999,-999
25-01-2012 07:00:00 AM,-2.3,978.4,33.1,-999,-999
25-01-2012 08:00:00 AM,-1.0,978.3,28.7,-999,-999
25-01-2012 09:00:00 AM,-0.2,977.7,26.8,-999,-999
25-01-2012 10:00:00 AM,0.9,977.2,20.5,-999,-999
25-01-2012 11:00:00 AM,1.6,976.8,18.7,-999,-999
25-01-2012 12:00:00 PM,1.6,976.6,19.7,-999,-999
25-01-2012 01:00:00 PM,1.6,976.0,23.9,-999,-999
25-01-2012 02:00:00 PM,0.5,975.4,17.3,-999,-999
25-01-2012 03:00:00 PM,0.5,974.9,21.1,-999,-999
25-01-2012 04:00:00 PM,0.2,974.8,20.1,-999,-999
25-01-2012 05:00:00 PM,0.3,974.6,15.9,-999,-999
25-01-2012 06:00:00 PM,-0.7,974.4,20.8,-999,-999
25-01-2012 07:00:00 PM,-1.3,974.5,25.0,-999,-999
25-01-2012 08:00:00 PM,-1.6,974.5,23.9,-999,-999
25-01-2012 09:00:00 PM,-1.9,974.5,27.0,-999,-999
25-01-2012 10:00:00 PM,-2.1,974.2,27.4,-999,-999
25-01-2012 11:00:00 PM,-1.9,974.0,28.5,-999,-999
26-01-2012 12:00:00 AM,-2.6,973.8,30.4,-999,-999
26-01-2012 01:00:00 AM,-2.7,974.0,27.1,-999,-999
26-01-2012 02:00:00 AM,-4.5,973.7,32.8,-999,-999
26-01-2012 03:00:00 AM,-2.4,973.3,32.0,-999,-999
26-01-2012 04:00:00 AM,-2.1,972.7,36.3,-999,-999
26-01-2012 05:00:00 AM,-2.5,972.8,32.1,-999,-999
26-01-2012 06:00:00 AM,-1.7,973.2,32.5,-999,-999
26-01-2012 07:00:00 AM,-1.0,973.0,32.4,-999,-999
26-01-2012 08:00:00 AM,-0.6,973.5,31.2,-999,-999
26-01-2012 09:00:00 AM,-0.1,973.9,28.9,-999,-999
26-01-2012 10:00:00 AM,0.0,974.0,28.0,-999,-999
26-01-2012 11:00:00 AM,-0.2,974.0,30.9,-999,-999
26-01-2012 12:00:00 PM,-0.7,974.4,24.2,-999,-999
26-01-2012 01:00:00 PM,-0.4,974.8,22.9,-999,-999
26-01-2012 02:00:00 PM,0.0,975.0,24.9,-999,-999
26-01-2012 03:00:00 PM,0.0,974.9,28.9,-999,-999
26-01-2012 04:00:00 PM,0.3,975.6,22.2,-999,-999
26-01-2012 05:00:00 PM,0.2,976.0,21.0,-999,-999
26-01-2012 06:00:00 PM,0.0,976.4,24.8,-999,-999
26-01-2012 07:00:00 PM,-0.1,977.1,20.7,-999,-999
26-01-2012 08:00:00 PM,-0.3,977.3,27.6,-999,-999
26-01-2012 09:00:00 PM,-0.5,977.6,26.7,-999,-999
26-01-2012 10:00:00 PM,-0.4,977.5,26.7,-999,-999
26-01-2012 11:00:00 PM,-0.2,977.4,27.1,-999,-999
27-01-2012 12:00:00 AM,-0.5,977.2,34.7,-999,-999
27-01-2012 01:00:00 AM,-0.6,977.3,31.0,-999,-999
27-01-2012 02:00:00 AM,-0.7,977.1,27.0,-999,-999
27-01-2012 03:00:00 AM,-0.5,976.5,29.2,-999,-999
27-01-2012 04:00:00 AM,-0.7,976.6,30.8,-999,-999
27-01-2012 05:00:00 AM,-0.3,975.9,34.3,-999,-999
27-01-2012 06:00:00 AM,-0.4,975.9,34.7,-999,-999
27-01-2012 07:00:00 AM,-0.1,975.8,35.6,-999,-999
27-01-2012 08:00:00 AM,-0.1,975.4,30.6,-999,-999
27-01-2012 09:00:00 AM,0.1,975.3,29.5,-999,-999
27-01-2012 10:00:00 AM,1.1,974.7,27.6,-999,-999
27-01-2012 11:00:00 AM,1.5,974.0,26.8,-999,-999
27-01-2012 12:00:00 PM,2.0,974.1,23.6,-999,-999
27-01-2012 01:00:00 PM,2.6,973.5,22.8,-999,-999
27-01-2012 02:00:00 PM,3.1,973.1,20.5,-999,-999
27-01-2012 03:00:00 PM,3.3,972.8,23.4,-999,-999
27-01-2012 04:00:00 PM,3.0,972.7,22.6,-999,-999
27-01-2012 05:00:00 PM,2.2,972.9,17.2,-999,-999
27-01-2012 06:00:00 PM,2.2,972.6,20.3,-999,-999
27-01-2012 07:00:00 PM,1.5,972.5,17.8,-999,-999
27-01-2012 08:00:00 PM,0.8,972.5,21.3,-999,-999
27-01-2012 09:00:00 PM,0.5,972.7,28.5,-999,-999
27-01-2012 10:00:00 PM,0.4,972.7,20.2,-999,-999
27-01-2012 11:00:00 PM,-0.5,972.6,25.8,-999,-999
28-01-2012 12:00:00 AM,-1.0,972.3,25.2,-999,-999
28-01-2012 01:00:00 AM,-3.0,972.2,24.8,-999,-999
28-01-2012 02:00:00 AM,-2.5,972.3,24.8,-999,-999
28-01-2012 03:00:00 AM,-2.9,972.3,23.1,-999,-999
28-01-2012 04:00:00 AM,-2.7,972.6,24.3,-999,-999
28-01-2012 05:00:00 AM,-1.1,972.6,28.8,-999,-999
28-01-2012 06:00:00 AM,-0.7,972.3,32.6,-999,-999
28-01-2012 07:00:00 AM,0.1,972.4,35.8,-999,-999
28-01-2012 08:00:00 AM,0.2,972.6,34.3,-999,-999
28-01-2012 09:00:00 AM,0.9,973.0,32.3,-999,-999
28-01-2012 10:00:00 AM,1.0,973.1,30.8,-999,-999
28-01-2012 11:00:00 AM,1.6,973.3,24.8,-999,-999
28-01-2012 12:00:00 PM,2.3,973.6,24.5,-999,-999
28-01-2012 01:00:00 PM,2.3,973.7,25.4,-999,-999
28-01-2012 02:00:00 PM,2.5,974.2,24.8,-999,-999
28-01-2012 03:00:00 PM,1.3,974.1,18.9,-999,-999
28-01-2012 04:00:00 PM,1.4,974.1,21.2,-999,-999
28-01-2012 05:00:00 PM,1.3,974.1,22.9,-999,-999
28-01-2012 06:00:00 PM,0.5,973.7,19.9,-999,-999
28-01-2012 07:00:00 PM,0.0,973.7,21.2,-999,-999
28-01-2012 08:00:00 PM,-0.6,973.5,24.4,-999,-999
28-01-2012 09:00:00 PM,-0.9,973.3,19.5,-999,-999
28-01-2012 10:00:00 PM,-1.1,973.4,17.5,-999,-999
28-01-2012 11:00:00 PM,-0.9,973.0,20.9,-999,-999
29-01-2012 12:00:00 AM,-0.8,972.8,27.1,-999,-999
29-01-2012 01:00:00 AM,-1.9,972.8,28.7,-999,-999
29-01-2012 02:00:00 AM,-2.7,972.6,26.8,-999,-999
29-01-2012 03:00:00 AM,-3.0,972.6,25.9,-999,-999
29-01-2012 04:00:00 AM,-2.9,972.5,33.3,-999,-999
29-01-2012 05:00:00 AM,-3.4,972.8,28.2,-999,-999
29-01-2012 06:00:00 AM,-1.9,972.9,29.5,-999,-999
29-01-2012 07:00:00 AM,-1.0,973.3,24.8,-999,-999
29-01-2012 08:00:00 AM,-0.3,973.1,27.3,-999,-999
29-01-2012 09:00:00 AM,-0.4,973.0,24.5,-999,-999
29-01-2012 10:00:00 AM,-0.3,973.2,22.2,-999,-999
29-01-2012 11:00:00 AM,0.6,972.9,25.0,-999,-999
29-01-2012 12:00:00 PM,1.1,972.6,21.2,-999,-999
29-01-2012 01:00:00 PM,1.0,972.1,21.1,-999,-999
29-01-2012 02:00:00 PM,1.1,971.9,25.1,-999,-999
29-01-2012 03:00:00 PM,0.7,971.8,25.5,-999,-999
29-01-2012 04:00:00 PM,0.0,971.9,26.9,-999,-999
29-01-2012 05:00:00 PM,-0.2,971.8,21.7,-999,-999
29-01-2012 06:00:00 PM,-0.4,971.7,18.1,-999,-999
29-01-2012 07:00:00 PM,-0.6,971.7,17.8,-999,-999
29-01-2012 08:00:00 PM,-0.7,971.9,16.8,-999,-999
29-01-2012 09:00:00 PM,-1.3,972.1,16.7,-999,-999
29-01-2012 10:00:00 PM,-1.2,971.9,17.5,-999,-999
29-01-2012 11:00:00 PM,-1.2,971.6,20.3,-999,-999
30-01-2012 12:00:00 AM,-1.3,971.8,17.8,-999,-999
30-01-2012 01:00:00 AM,-2.1,971.9,22.3,-999,-999
30-01-2012 02:00:00 AM,-2.7,972.2,21.8,-999,-999
30-01-2012 03:00:00 AM,-2.4,971.9,22.7,-999,-999
30-01-2012 04:00:00 AM,-2.5,971.7,28.2,-999,-999
30-01-2012 05:00:00 AM,-1.7,971.2,23.5,-999,-999
30-01-2012 06:00:00 AM,-1.9,971.6,23.8,-999,-999
30-01-2012 07:00:00 AM,-1.2,971.9,23.3,-999,-999
30-01-2012 08:00:00 AM,-1.2,972.1,17.3,-999,-999
30-01-2012 09:00:00 AM,0.7,971.6,22.2,-999,-999
30-01-2012 10:00:00 AM,0.8,971.4,20.1,-999,-999
30-01-2012 11:00:00 AM,1.1,971.4,20.2,-999,-999
30-01-2012 12:00:00 PM,1.4,971.1,20.4,-999,-999
30-01-2012 01:00:00 PM,2.4,971.1,16.8,-999,-999
30-01-2012 02:00:00 PM,2.3,971.1,17.8,-999,-999
30-01-2012 03:00:00 PM,2.6,970.8,12.0,-999,-999
30-01-2012 04:00:00 PM,2.2,970.8,9.7,-999,-999
30-01-2012 05:00:00 PM,1.8,970.8,10.8,-999,-999
30-01-2012 06:00:00 PM,1.8,970.8,7.9,-999,-999
30-01-2012 07:00:00 PM,1.5,970.8,10.7,-999,-999
30-01-2012 08:00:00 PM,-0.9,970.9,17.3,-999,-999
30-01-2012 09:00:00 PM,-2.5,970.6,21.5,-999,-999
30-01-2012 10:00:00 PM,-2.9,970.2,23.2,-999,-999
30-01-2012 11:00:00 PM,-2.1,970.4,21.8,-999,-999
31-01-2012 12:00:00 AM,-2.8,970.6,23.4,-999,-999
31-01-2012 01:00:00 AM,-2.9,970.9,23.9,-999,-999
31-01-2012 02:00:00 AM,-2.6,970.9,25.4,-999,-999
31-01-2012 03:00:00 AM,-2.1,971.4,20.8,-999,-999
31-01-2012 04:00:00 AM,-1.9,971.3,23.2,-999,-999
31-01-2012 05:00:00 AM,-1.7,971.7,22.4,-999,-999
31-01-2012 06:00:00 AM,-0.7,972.0,18.9,-999,-999
31-01-2012 07:00:00 AM,0.4,972.5,16.7,-999,-999
31-01-2012 08:00:00 AM,0.9,973.1,18.2,-999,-999
31-01-2012 09:00:00 AM,1.8,973.7,15.2,-999,-999
31-01-2012 10:00:00 AM,3.1,974.0,16.4,-999,-999
31-01-2012 11:00:00 AM,3.1,974.3,16.7,-999,-999
31-01-2012 12:00:00 PM,3.0,974.6,20.2,-999,-999
31-01-2012 01:00:00 PM,1.7,975.7,21.3,-999,-999
31-01-2012 02:00:00 PM,0.2,976.5,16.4,-999,-999
31-01-2012 03:00:00 PM,0.3,977.6,15.8,-999,-999
31-01-2012 04:00:00 PM,1.0,978.6,16.4,-999,-999
31-01-2012 05:00:00 PM,1.4,979.7,13.7,-999,-999
31-01-2012 06:00:00 PM,1.3,980.5,10.9,-999,-999
31-01-2012 07:00:00 PM,1.0,981.2,12.5,-999,-999
31-01-2012 08:00:00 PM,0.6,981.9,12.7,-999,-999
31-01-2012 09:00:00 PM,-0.6,982.2,15.7,-999,-999
31-01-2012 10:00:00 PM,-0.7,982.6,16.1,-999,-999
31-01-2012 11:00:00 PM,-0.8,983.1,14.4,-999,-999
01-02-2012 12:00:00 AM,-1.3,983.2,14.5,-999,-999
01-02-2012 01:00:00 AM,-1.8,983.5,4.8,-999,-999
01-02-2012 02:00:00 AM,-3.6,983.2,17.4,-999,-999
01-02-2012 03:00:00 AM,-4.1,983.1,16.0,-999,-999
01-02-2012 04:00:00 AM,-3.7,983.2,14.4,-999,-999
01-02-2012 05:00:00 AM,-2.5,983.6,8.0,-999,-999
01-02-2012 06:00:00 AM,-2.6,983.3,18.2,-999,-999
01-02-2012 07:00:00 AM,0.0,983.1,16.5,-999,-999
01-02-2012 08:00:00 AM,0.6,982.9,16.0,-999,-999
01-02-2012 09:00:00 AM,2.3,982.7,12.9,-999,-999
01-02-2012 10:00:00 AM,2.2,982.5,11.8,-999,-999
01-02-2012 11:00:00 AM,3.6,982.5,10.4,-999,-999
01-02-2012 12:00:00 PM,4.2,982.3,11.6,-999,-999
01-02-2012 01:00:00 PM,1.5,982.6,14.6,-999,-999
01-02-2012 02:00:00 PM,1.2,983.1,17.0,-999,-999
01-02-2012 03:00:00 PM,1.3,983.0,8.2,-999,-999
01-02-2012 04:00:00 PM,0.2,982.8,5.8,-999,-999
01-02-2012 05:00:00 PM,0.2,982.5,7.9,-999,-999
01-02-2012 06:00:00 PM,-0.7,982.4,6.7,-999,-999
01-02-2012 07:00:00 PM,-0.9,982.6,8.0,-999,-999
01-02-2012 08:00:00 PM,-1.7,983.0,9.0,-999,-999
01-02-2012 09:00:00 PM,-2.6,983.3,13.2,-999,-999
01-02-2012 10:00:00 PM,-2.9,983.0,14.2,-999,-999
01-02-2012 11:00:00 PM,-2.9,982.8,17.0,-999,-999
02-02-2012 12:00:00 AM,-4.9,982.3,20.8,-999,-999
02-02-2012 01:00:00 AM,-5.6,982.5,19.4,-999,-999
02-02-2012 02:00:00 AM,-6.0,982.0,24.2,-999,-999
02-02-2012 03:00:00 AM,-5.4,981.8,25.4,-999,-999
02-02-2012 04:00:00 AM,-5.1,981.8,21.5,-999,-999
02-02-2012 05:00:00 AM,-5.2,981.3,21.0,-999,-999
02-02-2012 06:00:00 AM,-4.1,981.0,32.1,-999,-999
02-02-2012 07:00:00 AM,-3.7,980.6,23.2,-999,-999
02-02-2012 08:00:00 AM,-3.0,980.4,18.9,-999,-999
02-02-2012 09:00:00 AM,-2.0,979.9,18.1,-999,-999
02-02-2012 10:00:00 AM,-1.1,979.3,19.6,-999,-999
02-02-2012 11:00:00 AM,-0.3,978.9,14.8,-999,-999
02-02-2012 12:00:00 PM,0.4,978.2,9.8,-999,-999
02-02-2012 01:00:00 PM,0.3,977.4,6.7,-999,-999
02-02-2012 02:00:00 PM,0.5,976.5,6.4,-999,-999
02-02-2012 03:00:00 PM,0.2,975.5,12.1,-999,-999
02-02-2012 04:00:00 PM,-0.6,974.4,12.2,-999,-999
02-02-2012 05:00:00 PM,-1.5,973.1,16.7,-999,-999
02-02-2012 06:00:00 PM,-0.5,972.1,15.8,-999,-999
02-02-2012 07:00:00 PM,-2.6,971.2,19.0,-999,-999
02-02-2012 08:00:00 PM,-3.5,970.7,23.2,-999,-999
02-02-2012 09:00:00 PM,-3.8,970.0,23.8,-999,-999
02-02-2012 10:00:00 PM,-4.2,969.7,25.0,-999,-999
02-02-2012 11:00:00 PM,-6.1,969.2,30.0,-999,-999
03-02-2012 12:00:00 AM,-4.9,968.4,25.3,-999,-999
03-02-2012 01:00:00 AM,-4.2,968.8,21.8,-999,-999
03-02-2012 02:00:00 AM,-4.2,968.9,18.8,-999,-999
03-02-2012 03:00:00 AM,-4.3,969.2,25.4,-999,-999
03-02-2012 04:00:00 AM,-4.6,969.5,25.2,-999,-999
03-02-2012 05:00:00 AM,-4.3,969.6,23.2,-999,-999
03-02-2012 06:00:00 AM,-3.7,969.9,30.1,-999,-999
03-02-2012 07:00:00 AM,-3.0,970.4,27.0,-999,-999
03-02-2012 08:00:00 AM,-2.0,971.2,23.9,-999,-999
03-02-2012 09:00:00 AM,-1.3,972.0,18.0,-999,-999
03-02-2012 10:00:00 AM,-1.9,973.3,17.4,-999,-999
03-02-2012 11:00:00 AM,-0.6,973.8,17.1,-999,-999
03-02-2012 12:00:00 PM,-0.2,974.1,16.0,-999,-999
03-02-2012 01:00:00 PM,0.3,974.4,12.4,-999,-999
03-02-2012 02:00:00 PM,0.0,974.4,5.9,-999,-999
03-02-2012 03:00:00 PM,-0.4,974.6,8.3,-999,-999
03-02-2012 04:00:00 PM,-1.1,974.9,6.5,-999,-999
03-02-2012 05:00:00 PM,-1.1,975.1,10.3,-999,-999
03-02-2012 06:00:00 PM,-2.1,975.1,5.7,-999,-999
03-02-2012 07:00:00 PM,-2.1,975.1,16.9,-999,-999
03-02-2012 08:00:00 PM,-2.8,975.4,16.8,-999,-999
03-02-2012 09:00:00 PM,-3.0,975.7,13.9,-999,-999
03-02-2012 10:00:00 PM,-3.7,976.1,18.2,-999,-999
03-02-2012 11:00:00 PM,-3.5,976.4,20.6,-999,-999
04-02-2012 12:00:00 AM,-4.4,976.8,20.1,-999,-999
04-02-2012 01:00:00 AM,-4.3,976.7,24.0,-999,-999
04-02-2012 02:00:00 AM,-4.1,977.2,26.3,-999,-999
04-02-2012 03:00:00 AM,-4.9,977.5,20.9,-999,-999
04-02-2012 04:00:00 AM,-4.7,977.8,20.4,-999,-999
04-02-2012 05:00:00 AM,-4.0,978.4,27.5,-999,-999
04-02-2012 06:00:00 AM,-2.9,979.0,23.8,-999,-999
04-02-2012 07:00:00 AM,-2.2,979.5,18.9,-999,-999
04-02-2012 08:00:00 AM,-0.7,980.3,14.6,-999,-999
04-02-2012 09:00:00 AM,-0.1,980.5,14.8,-999,-999
04-02-2012 10:00:00 AM,0.7,980.9,19.3,-999,-999
04-02-2012 11:00:00 AM,0.7,981.3,20.0,-999,-999
04-02-2012 12:00:00 PM,1.1,981.8,16.6,-999,-999
04-02-2012 01:00:00 PM,0.9,982.1,12.9,-999,-999
04-02-2012 02:00:00 PM,0.8,982.2,11.0,-999,-999
04-02-2012 03:00:00 PM,0.2,982.3,10.5,-999,-999
04-02-2012 04:00:00 PM,0.1,982.4,11.6,-999,-999
04-02-2012 05:00:00 PM,-0.8,982.8,8.4,-999,-999
04-02-2012 06:00:00 PM,-1.5,982.9,7.7,-999,-999
04-02-2012 07:00:00 PM,-2.6,982.9,9.6,-999,-999
04-02-2012 08:00:00 PM,-3.7,983.3,11.8,-999,-999
04-02-2012 09:00:00 PM,-5.2,983.4,11.1,-999,-999
04-02-2012 10:00:00 PM,-5.8,983.7,11.7,-999,-999
04-02-2012 11:00:00 PM,-6.9,984.1,17.0,-999,-999
05-02-2012 12:00:00 AM,-5.2,984.4,15.0,-999,-999
05-02-2012 01:00:00 AM,-5.2,984.4,19.1,-999,-999
05-02-2012 02:00:00 AM,-5.9,984.4,19.9,-999,-999
05-02-2012 03:00:00 AM,-5.4,984.6,20.5,-999,-999
05-02-2012 04:00:00 AM,-5.5,984.5,17.3,-999,-999
05-02-2012 05:00:00 AM,-4.4,984.4,20.8,-999,-999
05-02-2012 06:00:00 AM,-3.5,984.8,18.7,-999,-999
05-02-2012 07:00:00 AM,-4.3,985.7,22.6,-999,-999
05-02-2012 08:00:00 AM,-3.1,986.0,18.6,-999,-999
05-02-2012 09:00:00 AM,-2.4,985.8,20.3,-999,-999
05-02-2012 10:00:00 AM,-1.5,986.0,18.1,-999,-999
05-02-2012 11:00:00 AM,-1.4,986.3,18.5,-999,-999
05-02-2012 12:00:00 PM,-1.7,986.5,18.3,-999,-999
05-02-2012 01:00:00 PM,-1.5,986.4,18.6,-999,-999
05-02-2012 02:00:00 PM,-1.4,986.3,19.9,-999,-999
05-02-2012 03:00:00 PM,-1.9,986.4,19.9,-999,-999
05-02-2012 04:00:00 PM,-2.0,986.1,22.6,-999,-999
05-02-2012 05:00:00 PM,-2.4,986.1,22.1,-999,-999
05-02-2012 06:00:00 PM,-2.8,985.8,16.3,-999,-999
05-02-2012 07:00:00 PM,-2.8,986.0,18.8,-999,-999
05-02-2012 08:00:00 PM,-3.5,986.4,18.5,-999,-999
05-02-2012 09:00:00 PM,-3.4,986.6,17.2,-999,-999
05-02-2012 10:00:00 PM,-3.3,986.4,17.1,-999,-999
05-02-2012 11:00:00 PM,-4.0,986.6,14.6,-999,-999
06-02-2012 12:00:00 AM,-3.8,987.0,15.9,-999,-999
06-02-2012 01:00:00 AM,-3.8,987.1,16.9,-999,-999
06-02-2012 02:00:00 AM,-3.8,987.4,18.5,-999,-999
06-02-2012 03:00:00 AM,-3.9,987.5,25.6,-999,-999
06-02-2012 04:00:00 AM,-4.0,987.7,23.1,-999,-999
06-02-2012 05:00:00 AM,-3.1,988.1,26.0,-999,-999
06-02-2012 06:00:00 AM,-2.8,988.3,21.1,-999,-999
06-02-2012 07:00:00 AM,-2.9,988.7,23.0,-999,-999
06-02-2012 08:00:00 AM,-1.1,989.1,20.8,-999,-999
06-02-2012 09:00:00 AM,-0.3,989.2,17.2,-999,-999
06-02-2012 10:00:00 AM,0.6,989.4,16.1,-999,-999
06-02-2012 11:00:00 AM,1.4,989.3,17.2,-999,-999
06-02-2012 12:00:00 PM,2.0,989.4,21.7,-999,-999
06-02-2012 01:00:00 PM,2.4,989.4,17.5,-999,-999
06-02-2012 02:00:00 PM,3.5,989.4,15.7,-999,-999
06-02-2012 03:00:00 PM,1.7,989.4,8.7,-999,-999
06-02-2012 04:00:00 PM,1.1,989.3,8.8,-999,-999
06-02-2012 05:00:00 PM,0.4,989.3,7.1,-999,-999
06-02-2012 06:00:00 PM,0.3,989.4,5.1,-999,-999
06-02-2012 07:00:00 PM,-0.9,989.2,16.8,-999,-999
06-02-2012 08:00:00 PM,-1.4,989.7,10.2,-999,-999
06-02-2012 09:00:00 PM,-2.6,989.3,20.6,-999,-999
06-02-2012 10:00:00 PM,-3.0,989.6,25.1,-999,-999
06-02-2012 11:00:00 PM,-3.8,989.7,23.9,-999,-999
07-02-2012 12:00:00 AM,-4.5,989.6,23.5,-999,-999
07-02-2012 01:00:00 AM,-4.5,989.4,24.5,-999,-999
07-02-2012 02:00:00 AM,-4.6,989.0,26.7,-999,-999
07-02-2012 03:00:00 AM,-5.5,989.0,27.0,-999,-999
07-02-2012 04:00:00 AM,-4.6,988.8,24.8,-999,-999
07-02-2012 05:00:00 AM,-4.0,989.3,23.2,-999,-999
07-02-2012 06:00:00 AM,-3.6,989.6,25.0,-999,-999
07-02-2012 07:00:00 AM,-3.2,989.5,24.6,-999,-999
07-02-2012 08:00:00 AM,-2.3,989.9,23.1,-999,-999
07-02-2012 09:00:00 AM,-0.8,990.9,16.4,-999,-999
07-02-2012 10:00:00 AM,-1.0,991.1,18.4,-999,-999
07-02-2012 11:00:00 AM,-0.7,991.5,17.9,-999,-999
07-02-2012 12:00:00 PM,-0.2,992.0,17.9,-999,-999
07-02-2012 01:00:00 PM,0.8,992.3,14.5,-999,-999
07-02-2012 02:00:00 PM,1.0,992.3,16.4,-999,-999
07-02-2012 03:00:00 PM,0.2,992.6,15.8,-999,-999
07-02-2012 04:00:00 PM,-0.7,993.3,14.4,-999,-999
07-02-2012 05:00:00 PM,-2.7,994.1,13.9,-999,-999
07-02-2012 06:00:00 PM,-3.6,995.0,14.0,-999,-999
07-02-2012 07:00:00 PM,-3.5,995.7,15.8,-999,-999
07-02-2012 08:00:00 PM,-4.3,996.3,15.1,-999,-999
07-02-2012 09:00:00 PM,-5.3,996.8,17.8,-999,-999
07-02-2012 10:00:00 PM,-5.4,997.4,17.2,-999,-999
07-02-2012 11:00:00 PM,-5.4,997.9,17.8,-999,-999
08-02-2012 12:00:00 AM,-5.1,998.4,15.5,-999,-999
08-02-2012 01:00:00 AM,-5.1,998.7,19.5,-999,-999
08-02-2012 02:00:00 AM,-5.4,999.4,18.0,-999,-999
08-02-2012 03:00:00 AM,-5.2,999.1,17.6,-999,-999
08-02-2012 04:00:00 AM,-5.2,999.6,18.1,-999,-999
08-02-2012 05:00:00 AM,-4.6,1000.2,16.7,-999,-999
08-02-2012 06:00:00 AM,-4.6,1000.6,16.8,-999,-999
08-02-2012 07:00:00 AM,-4.4,1000.9,17.9,-999,-999
08-02-2012 08:00:00 AM,-4.0,1000.9,19.5,-999,-999
08-02-2012 09:00:00 AM,-3.4,1001.3,20.9,-999,-999
08-02-2012 10:00:00 AM,-2.7,1001.1,19.6,-999,-999
08-02-2012 11:00:00 AM,-2.6,1001.4,17.6,-999,-999
08-02-2012 12:00:00 PM,-2.4,1001.3,18.1,-999,-999
08-02-2012 01:00:00 PM,-2.1,1001.4,18.1,-999,-999
08-02-2012 02:00:00 PM,-1.9,1001.0,17.6,-999,-999
08-02-2012 03:00:00 PM,-2.1,1000.8,18.5,-999,-999
08-02-2012 04:00:00 PM,-2.3,1000.7,18.6,-999,-999
08-02-2012 05:00:00 PM,-2.7,1000.2,16.6,-999,-999
08-02-2012 06:00:00 PM,-3.0,999.8,18.9,-999,-999
08-02-2012 07:00:00 PM,-3.3,999.7,22.0,-999,-999
08-02-2012 08:00:00 PM,-3.5,999.6,23.5,-999,-999
08-02-2012 09:00:00 PM,-3.7,999.3,22.5,-999,-999
08-02-2012 10:00:00 PM,-3.8,998.8,22.4,-999,-999
08-02-2012 11:00:00 PM,-4.6,998.3,28.8,-999,-999
09-02-2012 12:00:00 AM,-5.3,997.4,30.1,-999,-999
09-02-2012 01:00:00 AM,-5.7,997.1,29.5,-999,-999
09-02-2012 02:00:00 AM,-5.8,996.0,29.2,-999,-999
09-02-2012 03:00:00 AM,-5.8,995.3,28.6,-999,-999
09-02-2012 04:00:00 AM,-6.0,994.1,32.5,-999,-999
09-02-2012 05:00:00 AM,-6.1,993.1,35.4,-999,-999
09-02-2012 06:00:00 AM,-6.2,991.6,34.8,-999,-999
09-02-2012 07:00:00 AM,-6.2,991.3,31.4,-999,-999
09-02-2012 08:00:00 AM,-6.5,990.3,34.4,-999,-999
09-02-2012 09:00:00 AM,-6.9,989.4,34.3,-999,-999
09-02-2012 10:00:00 AM,-6.7,988.8,35.3,-999,-999
09-02-2012 11:00:00 AM,-6.4,987.7,33.1,-999,-999
09-02-2012 12:00:00 PM,-6.5,987.3,36.0,-999,-999
09-02-2012 01:00:00 PM,-6.2,987.2,34.0,-999,-999
09-02-2012 02:00:00 PM,-6.3,987.1,33.1,-999,-999
09-02-2012 03:00:00 PM,-6.4,987.1,34.4,-999,-999
09-02-2012 04:00:00 PM,-6.3,987.4,32.7,-999,-999
09-02-2012 05:00:00 PM,-6.2,987.4,31.6,-999,-999
09-02-2012 06:00:00 PM,-6.1,987.6,30.0,-999,-999
09-02-2012 07:00:00 PM,-5.9,988.3,30.2,-999,-999
09-02-2012 08:00:00 PM,-5.9,988.1,28.6,-999,-999
09-02-2012 09:00:00 PM,-6.0,988.7,30.7,-999,-999
09-02-2012 10:00:00 PM,-5.9,989.2,29.1,-999,-999
09-02-2012 11:00:00 PM,-5.9,989.6,30.3,-999,-999
10-02-2012 12:00:00 AM,-6.0,989.2,28.4,-999,-999
10-02-2012 01:00:00 AM,-6.0,989.1,28.2,-999,-999
10-02-2012 02:00:00 AM,-6.0,988.7,28.8,-999,-999
10-02-2012 03:00:00 AM,-5.9,988.3,27.9,-999,-999
10-02-2012 04:00:00 AM,-5.8,987.5,31.5,-999,-999
10-02-2012 05:00:00 AM,-5.7,986.9,31.3,-999,-999
10-02-2012 06:00:00 AM,-5.6,986.0,33.7,-999,-999
10-02-2012 07:00:00 AM,-5.4,985.5,32.2,-999,-999
10-02-2012 08:00:00 AM,-5.2,984.3,33.0,-999,-999
10-02-2012 09:00:00 AM,-5.0,984.0,32.1,-999,-999
10-02-2012 10:00:00 AM,-5.0,982.2,36.8,-999,-999
10-02-2012 11:00:00 AM,-4.8,980.3,41.0,-999,-999
10-02-2012 12:00:00 PM,-4.6,979.8,38.4,-999,-999
10-02-2012 01:00:00 PM,-4.5,978.9,36.3,-999,-999
10-02-2012 02:00:00 PM,-4.3,978.4,35.7,-999,-999
10-02-2012 03:00:00 PM,-4.2,978.3,34.3,-999,-999
10-02-2012 04:00:00 PM,-4.1,977.3,39.6,-999,-999
10-02-2012 05:00:00 PM,-3.9,977.7,34.9,-999,-999
10-02-2012 06:00:00 PM,-3.8,978.1,27.1,-999,-999
10-02-2012 07:00:00 PM,-3.7,978.5,29.9,-999,-999
10-02-2012 08:00:00 PM,-3.6,979.1,24.4,-999,-999
10-02-2012 09:00:00 PM,-3.5,979.6,29.8,-999,-999
10-02-2012 10:00:00 PM,-3.5,980.4,28.6,-999,-999
10-02-2012 11:00:00 PM,-3.6,980.8,27.4,-999,-999
11-02-2012 12:00:00 AM,-3.8,981.1,25.0,-999,-999
11-02-2012 01:00:00 AM,-3.8,981.5,24.7,-999,-999
11-02-2012 02:00:00 AM,-3.8,981.8,27.2,-999,-999
11-02-2012 03:00:00 AM,-3.7,981.9,28.7,-999,-999
11-02-2012 04:00:00 AM,-3.8,982.5,31.2,-999,-999
11-02-2012 05:00:00 AM,-3.8,983.4,31.2,-999,-999
11-02-2012 06:00:00 AM,-3.7,984.2,29.7,-999,-999
11-02-2012 07:00:00 AM,-3.5,985.3,29.3,-999,-999
11-02-2012 08:00:00 AM,-3.4,986.6,24.1,-999,-999
11-02-2012 09:00:00 AM,-3.2,987.8,22.0,-999,-999
11-02-2012 10:00:00 AM,-3.0,988.8,20.8,-999,-999
11-02-2012 11:00:00 AM,-2.7,989.5,18.4,-999,-999
11-02-2012 12:00:00 PM,-2.5,990.3,17.7,-999,-999
11-02-2012 01:00:00 PM,-2.4,990.9,18.1,-999,-999
11-02-2012 02:00:00 PM,-2.2,991.4,20.1,-999,-999
11-02-2012 03:00:00 PM,-2.1,991.9,20.0,-999,-999
11-02-2012 04:00:00 PM,-2.2,992.4,18.0,-999,-999
11-02-2012 05:00:00 PM,-2.3,992.6,16.9,-999,-999
11-02-2012 06:00:00 PM,-2.5,992.8,16.5,-999,-999
11-02-2012 07:00:00 PM,-3.0,993.0,19.8,-999,-999
11-02-2012 08:00:00 PM,-3.6,993.1,23.1,-999,-999
11-02-2012 09:00:00 PM,-3.8,993.3,20.1,-999,-999
11-02-2012 10:00:00 PM,-3.8,992.7,22.0,-999,-999
11-02-2012 11:00:00 PM,-4.1,993.0,21.4,-999,-999
12-02-2012 12:00:00 AM,-4.5,992.9,25.5,-999,-999
12-02-2012 01:00:00 AM,-4.9,992.5,22.8,-999,-999
12-02-2012 02:00:00 AM,-5.0,992.1,27.3,-999,-999
12-02-2012 03:00:00 AM,-5.1,991.0,28.3,-999,-999
12-02-2012 04:00:00 AM,-5.3,990.7,31.6,-999,-999
12-02-2012 05:00:00 AM,-5.4,990.2,33.8,-999,-999
12-02-2012 06:00:00 AM,-5.4,990.1,27.8,-999,-999
12-02-2012 07:00:00 AM,-4.7,990.0,27.7,-999,-999
12-02-2012 08:00:00 AM,-4.3,989.4,28.3,-999,-999
12-02-2012 09:00:00 AM,-3.9,989.6,24.2,-999,-999
12-02-2012 10:00:00 AM,-3.8,989.3,17.9,-999,-999
12-02-2012 11:00:00 AM,-4.9,988.9,29.2,-999,-999
12-02-2012 12:00:00 PM,-4.8,988.0,29.3,-999,-999
12-02-2012 01:00:00 PM,-4.6,987.5,29.3,-999,-999
12-02-2012 02:00:00 PM,-4.5,986.9,31.3,-999,-999
12-02-2012 03:00:00 PM,-4.5,986.9,27.1,-999,-999
12-02-2012 04:00:00 PM,-4.5,986.3,29.6,-999,-999
12-02-2012 05:00:00 PM,-4.5,985.6,29.2,-999,-999
12-02-2012 06:00:00 PM,-4.6,985.8,30.9,-999,-999
12-02-2012 07:00:00 PM,-4.5,985.3,35.0,-999,-999
12-02-2012 08:00:00 PM,-4.5,985.7,34.0,-999,-999
12-02-2012 09:00:00 PM,-4.5,985.2,32.9,-999,-999
12-02-2012 10:00:00 PM,-4.5,984.8,34.7,-999,-999
12-02-2012 11:00:00 PM,-4.5,984.5,33.4,-999,-999
13-02-2012 12:00:00 AM,-4.5,984.5,33.0,-999,-999
13-02-2012 01:00:00 AM,-4.4,984.6,33.9,-999,-999
13-02-2012 02:00:00 AM,-4.5,984.7,28.4,-999,-999
13-02-2012 03:00:00 AM,-4.6,984.9,32.2,-999,-999
13-02-2012 04:00:00 AM,-4.7,984.8,33.4,-999,-999
13-02-2012 05:00:00 AM,-4.8,985.3,34.1,-999,-999
13-02-2012 06:00:00 AM,-4.9,985.9,33.3,-999,-999
13-02-2012 07:00:00 AM,-4.7,986.5,32.5,-999,-999
13-02-2012 08:00:00 AM,-4.5,987.4,29.0,-999,-999
13-02-2012 09:00:00 AM,-4.2,988.3,25.6,-999,-999
13-02-2012 10:00:00 AM,-4.1,989.3,23.9,-999,-999
13-02-2012 11:00:00 AM,-3.8,989.6,26.4,-999,-999
13-02-2012 12:00:00 PM,-3.7,989.6,28.5,-999,-999
13-02-2012 01:00:00 PM,-3.4,990.2,26.6,-999,-999
13-02-2012 02:00:00 PM,-3.2,990.5,26.8,-999,-999
13-02-2012 03:00:00 PM,-3.1,991.1,23.6,-999,-999
13-02-2012 04:00:00 PM,-3.1,991.5,22.0,-999,-999
13-02-2012 05:00:00 PM,-3.1,991.4,28.6,-999,-999
13-02-2012 06:00:00 PM,-3.0,991.4,29.0,-999,-999
13-02-2012 07:00:00 PM,-3.1,991.9,32.0,-999,-999
13-02-2012 08:00:00 PM,-3.0,992.6,28.5,-999,-999
13-02-2012 09:00:00 PM,-3.0,992.8,24.8,-999,-999
13-02-2012 10:00:00 PM,-3.1,993.1,27.8,-999,-999
13-02-2012 11:00:00 PM,-3.2,993.0,25.6,-999,-999
14-02-2012 12:00:00 AM,-3.0,992.9,28.2,-999,-999
14-02-2012 01:00:00 AM,-3.2,993.0,28.1,-999,-999
14-02-2012 02:00:00 AM,-3.3,993.0,29.8,-999,-999
14-02-2012 03:00:00 AM,-3.0,992.6,29.4,-999,-999
14-02-2012 04:00:00 AM,-2.4,993.1,19.0,-999,-999
14-02-2012 05:00:00 AM,-2.6,992.8,20.5,-999,-999
14-02-2012 06:00:00 AM,-2.4,993.3,14.2,-999,-999
14-02-2012 07:00:00 AM,-1.9,993.6,14.1,-999,-999
14-02-2012 08:00:00 AM,-2.0,993.6,14.2,-999,-999
14-02-2012 09:00:00 AM,-1.2,993.1,15.6,-999,-999
14-02-2012 10:00:00 AM,-1.2,993.2,14.7,-999,-999
14-02-2012 11:00:00 AM,-1.1,993.1,19.5,-999,-999
14-02-2012 12:00:00 PM,-1.2,993.3,17.4,-999,-999
14-02-2012 01:00:00 PM,-1.7,993.3,13.0,-999,-999
14-02-2012 02:00:00 PM,-1.0,993.3,11.2,-999,-999
14-02-2012 03:00:00 PM,-0.5,993.1,10.8,-999,-999
14-02-2012 04:00:00 PM,-1.1,993.1,14.2,-999,-999
14-02-2012 05:00:00 PM,-1.0,992.8,13.5,-999,-999
14-02-2012 06:00:00 PM,-1.5,992.8,12.6,-999,-999
14-02-2012 07:00:00 PM,-1.8,992.8,8.2,-999,-999
14-02-2012 08:00:00 PM,-2.0,992.8,15.0,-999,-999
14-02-2012 09:00:00 PM,-1.8,992.8,16.4,-999,-999
14-02-2012 10:00:00 PM,-1.9,992.8,19.2,-999,-999
14-02-2012 11:00:00 PM,-2.2,992.7,23.6,-999,-999
15-02-2012 12:00:00 AM,-2.5,992.7,21.3,-999,-999
15-02-2012 01:00:00 AM,-2.2,992.7,19.3,-999,-999
15-02-2012 02:00:00 AM,-2.3,992.8,18.0,-999,-999
15-02-2012 03:00:00 AM,-1.8,992.8,15.9,-999,-999
15-02-2012 04:00:00 AM,-3.0,993.1,20.5,-999,-999
15-02-2012 05:00:00 AM,-2.9,993.3,20.4,-999,-999
15-02-2012 06:00:00 AM,-2.1,993.7,14.6,-999,-999
15-02-2012 07:00:00 AM,-2.1,993.7,14.1,-999,-999
15-02-2012 08:00:00 AM,-1.7,993.7,20.4,-999,-999
15-02-2012 09:00:00 AM,-1.9,993.6,19.8,-999,-999
15-02-2012 10:00:00 AM,-1.4,994.1,18.2,-999,-999
15-02-2012 11:00:00 AM,-1.8,994.2,19.9,-999,-999
15-02-2012 12:00:00 PM,-1.9,994.5,14.5,-999,-999
15-02-2012 01:00:00 PM,-2.0,994.5,15.0,-999,-999
15-02-2012 02:00:00 PM,-1.7,994.5,15.0,-999,-999
15-02-2012 03:00:00 PM,-2.4,994.7,16.7,-999,-999
15-02-2012 04:00:00 PM,-2.6,994.7,17.5,-999,-999
15-02-2012 05:00:00 PM,-2.9,994.9,14.3,-999,-999
15-02-2012 06:00:00 PM,-2.9,995.1,16.4,-999,-999
15-02-2012 07:00:00 PM,-3.1,995.3,16.2,-999,-999
15-02-2012 08:00:00 PM,-3.1,995.6,15.7,-999,-999
15-02-2012 09:00:00 PM,-2.9,995.7,16.0,-999,-999
15-02-2012 10:00:00 PM,-3.2,996.1,17.7,-999,-999
15-02-2012 11:00:00 PM,-3.4,996.3,17.3,-999,-999
16-02-2012 12:00:00 AM,-3.5,996.5,17.3,-999,-999
16-02-2012 01:00:00 AM,-3.8,996.9,18.6,-999,-999
16-02-2012 02:00:00 AM,-3.7,996.9,17.5,-999,-999
16-02-2012 03:00:00 AM,-3.6,997.0,18.1,-999,-999
16-02-2012 04:00:00 AM,-3.7,997.1,18.7,-999,-999
16-02-2012 05:00:00 AM,-4.2,997.2,18.7,-999,-999
16-02-2012 06:00:00 AM,-2.8,997.2,16.6,-999,-999
16-02-2012 07:00:00 AM,-2.9,997.4,18.2,-999,-999
16-02-2012 08:00:00 AM,-3.5,998.0,21.7,-999,-999
16-02-2012 09:00:00 AM,-3.2,998.1,22.0,-999,-999
16-02-2012 10:00:00 AM,-3.7,998.6,20.2,-999,-999
16-02-2012 11:00:00 AM,-2.9,998.7,17.3,-999,-999
16-02-2012 12:00:00 PM,-2.8,998.9,19.1,-999,-999
16-02-2012 01:00:00 PM,-3.2,999.2,20.3,-999,-999
16-02-2012 02:00:00 PM,-4.1,999.2,20.1,-999,-999
16-02-2012 03:00:00 PM,-4.2,999.3,19.3,-999,-999
16-02-2012 04:00:00 PM,-3.8,998.9,19.3,-999,-999
16-02-2012 05:00:00 PM,-3.5,998.9,17.4,-999,-999
16-02-2012 06:00:00 PM,-3.2,998.8,16.9,-999,-999
16-02-2012 07:00:00 PM,-3.2,999.0,19.8,-999,-999
16-02-2012 08:00:00 PM,-3.6,999.4,18.0,-999,-999
16-02-2012 09:00:00 PM,-4.0,999.6,15.8,-999,-999
16-02-2012 10:00:00 PM,-4.2,999.8,15.8,-999,-999
16-02-2012 11:00:00 PM,-3.8,999.9,17.7,-999,-999
17-02-2012 12:00:00 AM,-3.8,1000.1,22.1,-999,-999
17-02-2012 01:00:00 AM,-4.0,1000.1,22.3,-999,-999
17-02-2012 02:00:00 AM,-4.1,1000.2,20.8,-999,-999
17-02-2012 03:00:00 AM,-3.9,1000.6,20.3,-999,-999
17-02-2012 04:00:00 AM,-4.1,1000.7,19.0,-999,-999
17-02-2012 05:00:00 AM,-3.9,1000.8,22.8,-999,-999
17-02-2012 06:00:00 AM,-3.9,1001.0,18.5,-999,-999
17-02-2012 07:00:00 AM,-4.0,1001.2,20.3,-999,-999
17-02-2012 08:00:00 AM,-3.6,1001.7,17.4,-999,-999
17-02-2012 09:00:00 AM,-3.3,1001.8,17.8,-999,-999
17-02-2012 10:00:00 AM,-3.0,1001.8,17.3,-999,-999
17-02-2012 11:00:00 AM,-2.9,1001.7,21.7,-999,-999
17-02-2012 12:00:00 PM,-3.0,1001.8,17.9,-999,-999
17-02-2012 01:00:00 PM,-3.4,1001.4,23.3,-999,-999
17-02-2012 02:00:00 PM,-3.1,1001.3,21.2,-999,-999
17-02-2012 03:00:00 PM,-3.1,1001.2,22.9,-999,-999
17-02-2012 04:00:00 PM,-3.0,1001.1,23.7,-999,-999
17-02-2012 05:00:00 PM,-3.1,1001.2,21.1,-999,-999
17-02-2012 06:00:00 PM,-3.1,1001.1,20.3,-999,-999
17-02-2012 07:00:00 PM,-3.1,1001.1,27.4,-999,-999
17-02-2012 08:00:00 PM,-3.1,1001.6,21.9,-999,-999
17-02-2012 09:00:00 PM,-3.9,1001.8,20.6,-999,-999
17-02-2012 10:00:00 PM,-3.9,1002.0,23.9,-999,-999
17-02-2012 11:00:00 PM,-3.8,1001.6,29.3,-999,-999
18-02-2012 12:00:00 AM,-4.0,1001.6,28.8,-999,-999
18-02-2012 01:00:00 AM,-4.3,1001.8,27.5,-999,-999
18-02-2012 02:00:00 AM,-4.5,1001.8,24.4,-999,-999
18-02-2012 03:00:00 AM,-5.3,1001.7,25.1,-999,-999
18-02-2012 04:00:00 AM,-5.1,1001.6,19.2,-999,-999
18-02-2012 05:00:00 AM,-5.4,1001.5,23.1,-999,-999
18-02-2012 06:00:00 AM,-4.9,1001.5,25.0,-999,-999
18-02-2012 07:00:00 AM,-5.0,1001.4,26.2,-999,-999
18-02-2012 08:00:00 AM,-4.8,1000.9,26.1,-999,-999
18-02-2012 09:00:00 AM,-4.2,1000.4,27.5,-999,-999
18-02-2012 10:00:00 AM,-3.4,1000.4,23.3,-999,-999
18-02-2012 11:00:00 AM,-3.2,1000.0,24.9,-999,-999
18-02-2012 12:00:00 PM,-3.0,999.6,21.4,-999,-999
18-02-2012 01:00:00 PM,-3.0,999.0,18.4,-999,-999
18-02-2012 02:00:00 PM,-2.0,998.1,23.1,-999,-999
18-02-2012 03:00:00 PM,-2.4,997.4,17.8,-999,-999
18-02-2012 04:00:00 PM,-2.7,996.4,19.1,-999,-999
18-02-2012 05:00:00 PM,-3.4,995.6,13.7,-999,-999
18-02-2012 06:00:00 PM,-3.5,995.2,13.8,-999,-999
18-02-2012 07:00:00 PM,-4.4,994.7,15.9,-999,-999
18-02-2012 08:00:00 PM,-4.8,994.3,15.6,-999,-999
18-02-2012 09:00:00 PM,-5.2,993.8,16.3,-999,-999
18-02-2012 10:00:00 PM,-4.6,993.3,17.9,-999,-999
18-02-2012 11:00:00 PM,-5.2,992.8,12.4,-999,-999
19-02-2012 12:00:00 AM,-3.2,992.3,17.8,-999,-999
19-02-2012 01:00:00 AM,-3.8,991.8,22.0,-999,-999
19-02-2012 02:00:00 AM,-3.5,991.1,23.1,-999,-999
19-02-2012 03:00:00 AM,-4.0,990.5,17.6,-999,-999
19-02-2012 04:00:00 AM,-3.8,990.4,12.0,-999,-999
19-02-2012 05:00:00 AM,-7.9,990.6,9.3,-999,-999
19-02-2012 06:00:00 AM,-6.9,990.5,8.3,-999,-999
19-02-2012 07:00:00 AM,-5.7,990.6,12.1,-999,-999
19-02-2012 08:00:00 AM,-4.7,990.8,15.7,-999,-999
19-02-2012 09:00:00 AM,-3.2,991.1,18.0,-999,-999
19-02-2012 10:00:00 AM,-3.0,991.6,12.5,-999,-999
19-02-2012 11:00:00 AM,-3.9,991.5,21.1,-999,-999
19-02-2012 12:00:00 PM,-4.3,991.3,18.7,-999,-999
19-02-2012 01:00:00 PM,-4.7,991.0,19.4,-999,-999
19-02-2012 02:00:00 PM,-4.8,991.2,17.9,-999,-999
19-02-2012 03:00:00 PM,-5.1,991.1,20.3,-999,-999
19-02-2012 04:00:00 PM,-5.1,991.0,16.8,-999,-999
19-02-2012 05:00:00 PM,-5.7,991.1,16.7,-999,-999
19-02-2012 06:00:00 PM,-6.2,991.1,22.0,-999,-999
19-02-2012 07:00:00 PM,-6.5,991.3,20.6,-999,-999
19-02-2012 08:00:00 PM,-7.2,991.5,24.3,-999,-999
19-02-2012 09:00:00 PM,-7.3,991.5,26.3,-999,-999
19-02-2012 10:00:00 PM,-7.9,991.8,29.3,-999,-999
19-02-2012 11:00:00 PM,-8.1,992.5,29.0,-999,-999
20-02-2012 12:00:00 AM,-8.1,992.8,28.3,-999,-999
20-02-2012 01:00:00 AM,-8.5,993.1,25.6,-999,-999
20-02-2012 02:00:00 AM,-8.7,992.9,29.5,-999,-999
20-02-2012 03:00:00 AM,-9.2,992.8,31.3,-999,-999
20-02-2012 04:00:00 AM,-9.3,993.5,30.9,-999,-999
20-02-2012 05:00:00 AM,-9.2,993.9,34.2,-999,-999
20-02-2012 06:00:00 AM,-9.1,994.7,34.1,-999,-999
20-02-2012 07:00:00 AM,-8.8,995.4,30.2,-999,-999
20-02-2012 08:00:00 AM,-8.5,996.0,32.4,-999,-999
20-02-2012 09:00:00 AM,-8.2,996.0,31.2,-999,-999
20-02-2012 10:00:00 AM,-7.5,996.8,31.8,-999,-999
20-02-2012 11:00:00 AM,-6.9,997.4,27.5,-999,-999
20-02-2012 12:00:00 PM,-6.6,997.7,27.9,-999,-999
20-02-2012 01:00:00 PM,-6.4,997.8,28.5,-999,-999
20-02-2012 02:00:00 PM,-6.0,997.6,28.0,-999,-999
20-02-2012 03:00:00 PM,-6.1,997.8,25.4,-999,-999
20-02-2012 04:00:00 PM,-6.1,997.5,30.8,-999,-999
20-02-2012 05:00:00 PM,-6.1,997.5,28.7,-999,-999
20-02-2012 06:00:00 PM,-6.4,997.8,30.2,-999,-999
20-02-2012 07:00:00 PM,-6.4,997.9,24.4,-999,-999
20-02-2012 08:00:00 PM,-6.4,998.2,22.7,-999,-999
20-02-2012 09:00:00 PM,-6.6,998.2,22.1,-999,-999
20-02-2012 10:00:00 PM,-6.7,997.8,23.1,-999,-999
20-02-2012 11:00:00 PM,-6.3,997.6,24.0,-999,-999
21-02-2012 12:00:00 AM,-6.3,997.6,27.8,-999,-999
21-02-2012 01:00:00 AM,-6.2,997.7,25.8,-999,-999
21-02-2012 02:00:00 AM,-6.8,997.4,22.8,-999,-999
21-02-2012 03:00:00 AM,-6.4,997.1,23.7,-999,-999
21-02-2012 04:00:00 AM,-6.7,996.7,22.6,-999,-999
21-02-2012 05:00:00 AM,-6.2,996.5,23.3,-999,-999
21-02-2012 06:00:00 AM,-6.8,996.3,23.0,-999,-999
21-02-2012 07:00:00 AM,-6.1,996.0,19.1,-999,-999
21-02-2012 08:00:00 AM,-4.7,995.6,23.3,-999,-999
21-02-2012 09:00:00 AM,-5.1,995.6,22.2,-999,-999
21-02-2012 10:00:00 AM,-4.9,995.6,21.0,-999,-999
21-02-2012 11:00:00 AM,-4.4,995.2,22.1,-999,-999
21-02-2012 12:00:00 PM,-3.3,994.7,18.3,-999,-999
21-02-2012 01:00:00 PM,-2.8,994.4,14.4,-999,-999
21-02-2012 02:00:00 PM,-2.3,993.8,13.1,-999,-999
21-02-2012 03:00:00 PM,-1.5,993.6,9.4,-999,-999
21-02-2012 04:00:00 PM,-1.8,993.4,7.6,-999,-999
21-02-2012 05:00:00 PM,-2.6,993.3,8.1,-999,-999
21-02-2012 06:00:00 PM,-3.7,993.2,8.1,-999,-999
21-02-2012 07:00:00 PM,-4.8,993.3,7.2,-999,-999
21-02-2012 08:00:00 PM,-6.3,993.4,7.7,-999,-999
21-02-2012 09:00:00 PM,-7.8,993.4,12.7,-999,-999
21-02-2012 10:00:00 PM,-9.2,993.4,16.3,-999,-999
21-02-2012 11:00:00 PM,-9.7,993.0,16.7,-999,-999
22-02-2012 12:00:00 AM,-9.5,992.8,19.5,-999,-999
22-02-2012 01:00:00 AM,-10.6,992.4,19.8,-999,-999
22-02-2012 02:00:00 AM,-10.3,992.0,21.2,-999,-999
22-02-2012 03:00:00 AM,-10.5,991.8,19.7,-999,-999
22-02-2012 04:00:00 AM,-9.7,991.6,16.3,-999,-999
22-02-2012 05:00:00 AM,-8.4,991.4,13.5,-999,-999
22-02-2012 06:00:00 AM,-8.8,991.2,14.2,-999,-999
22-02-2012 07:00:00 AM,-7.8,991.5,8.3,-999,-999
22-02-2012 08:00:00 AM,-6.9,991.4,9.8,-999,-999
22-02-2012 09:00:00 AM,-7.0,991.1,13.6,-999,-999
22-02-2012 10:00:00 AM,-5.7,990.8,8.5,-999,-999
22-02-2012 11:00:00 AM,-3.3,990.6,9.2,-999,-999
22-02-2012 12:00:00 PM,-3.9,990.1,9.1,-999,-999
22-02-2012 01:00:00 PM,-3.2,989.7,10.4,-999,-999
22-02-2012 02:00:00 PM,-4.2,989.6,12.7,-999,-999
22-02-2012 03:00:00 PM,-4.7,989.4,9.4,-999,-999
22-02-2012 04:00:00 PM,-4.8,989.3,6.5,-999,-999
22-02-2012 05:00:00 PM,-5.4,989.2,5.7,-999,-999
22-02-2012 06:00:00 PM,-7.0,989.4,5.7,-999,-999
22-02-2012 07:00:00 PM,-8.4,989.5,12.8,-999,-999
22-02-2012 08:00:00 PM,-8.7,989.5,13.0,-999,-999
22-02-2012 09:00:00 PM,-9.0,989.5,13.5,-999,-999
22-02-2012 10:00:00 PM,-8.3,989.7,13.0,-999,-999
22-02-2012 11:00:00 PM,-8.9,989.9,13.6,-999,-999
23-02-2012 12:00:00 AM,-10.9,989.9,23.3,-999,-999
23-02-2012 01:00:00 AM,-10.6,990.1,22.4,-999,-999
23-02-2012 02:00:00 AM,-8.8,990.3,17.7,-999,-999
23-02-2012 03:00:00 AM,-9.1,990.7,19.0,-999,-999
23-02-2012 04:00:00 AM,-9.4,991.0,18.2,-999,-999
23-02-2012 05:00:00 AM,-9.3,991.3,18.8,-999,-999
23-02-2012 06:00:00 AM,-9.0,991.7,17.7,-999,-999
23-02-2012 07:00:00 AM,-9.0,991.6,19.3,-999,-999
23-02-2012 08:00:00 AM,-9.4,993.1,5.9,-999,-999
23-02-2012 09:00:00 AM,-5.7,993.7,5.2,-999,-999
23-02-2012 10:00:00 AM,-5.0,994.0,14.7,-999,-999
23-02-2012 11:00:00 AM,-4.7,994.2,20.0,-999,-999
23-02-2012 12:00:00 PM,-4.6,994.3,18.4,-999,-999
23-02-2012 01:00:00 PM,-4.3,994.7,17.9,-999,-999
23-02-2012 02:00:00 PM,-5.2,995.0,18.5,-999,-999
23-02-2012 03:00:00 PM,-5.6,995.1,16.5,-999,-999
23-02-2012 04:00:00 PM,-5.6,994.9,13.9,-999,-999
23-02-2012 05:00:00 PM,-5.1,994.8,13.6,-999,-999
23-02-2012 06:00:00 PM,-5.0,994.9,14.1,-999,-999
23-02-2012 07:00:00 PM,-5.2,995.1,16.7,-999,-999
23-02-2012 08:00:00 PM,-5.6,995.2,18.2,-999,-999
23-02-2012 09:00:00 PM,-4.9,995.1,19.6,-999,-999
23-02-2012 10:00:00 PM,-4.9,995.0,21.6,-999,-999
23-02-2012 11:00:00 PM,-4.9,995.4,19.3,-999,-999
24-02-2012 12:00:00 AM,-5.5,995.3,27.7,-999,-999
24-02-2012 01:00:00 AM,-4.9,994.9,23.9,-999,-999
24-02-2012 02:00:00 AM,-4.8,995.0,17.2,-999,-999
24-02-2012 03:00:00 AM,-5.0,994.6,16.4,-999,-999
24-02-2012 04:00:00 AM,-4.3,994.3,14.9,-999,-999
24-02-2012 05:00:00 AM,-4.1,994.0,10.9,-999,-999
24-02-2012 06:00:00 AM,-4.0,993.6,13.3,-999,-999
24-02-2012 07:00:00 AM,-4.2,993.2,16.5,-999,-999
24-02-2012 08:00:00 AM,-4.2,992.8,17.0,-999,-999
24-02-2012 09:00:00 AM,-4.5,992.3,20.6,-999,-999
24-02-2012 10:00:00 AM,-4.2,991.8,22.4,-999,-999
24-02-2012 11:00:00 AM,-4.2,991.9,20.0,-999,-999
24-02-2012 12:00:00 PM,-3.4,991.8,15.9,-999,-999
24-02-2012 01:00:00 PM,-3.5,991.3,14.7,-999,-999
24-02-2012 02:00:00 PM,-3.7,990.6,15.0,-999,-999
24-02-2012 03:00:00 PM,-3.2,990.2,10.4,-999,-999
24-02-2012 04:00:00 PM,-3.1,989.8,11.1,-999,-999
24-02-2012 05:00:00 PM,-3.7,989.1,10.2,-999,-999
24-02-2012 06:00:00 PM,-5.0,988.7,11.2,-999,-999
24-02-2012 07:00:00 PM,-5.6,988.3,13.6,-999,-999
24-02-2012 08:00:00 PM,-5.5,988.1,14.2,-999,-999
24-02-2012 09:00:00 PM,-5.4,987.9,17.2,-999,-999
24-02-2012 10:00:00 PM,-5.6,987.8,13.3,-999,-999
24-02-2012 11:00:00 PM,-5.3,987.5,12.0,-999,-999
25-02-2012 12:00:00 AM,-5.1,987.2,13.0,-999,-999
25-02-2012 01:00:00 AM,-5.2,986.8,15.0,-999,-999
25-02-2012 02:00:00 AM,-5.2,986.5,14.3,-999,-999
25-02-2012 03:00:00 AM,-5.3,986.1,13.2,-999,-999
25-02-2012 04:00:00 AM,-5.2,985.7,13.3,-999,-999
25-02-2012 05:00:00 AM,-4.7,985.5,13.6,-999,-999
25-02-2012 06:00:00 AM,-4.2,985.2,12.9,-999,-999
25-02-2012 07:00:00 AM,-3.9,985.0,13.5,-999,-999
25-02-2012 08:00:00 AM,-3.4,984.7,14.6,-999,-999
25-02-2012 09:00:00 AM,-2.9,984.5,13.2,-999,-999
25-02-2012 10:00:00 AM,-3.1,984.4,11.6,-999,-999
25-02-2012 11:00:00 AM,-2.1,984.1,12.6,-999,-999
25-02-2012 12:00:00 PM,-1.3,983.8,10.8,-999,-999
25-02-2012 01:00:00 PM,-1.5,983.5,12.8,-999,-999
25-02-2012 02:00:00 PM,0.2,983.0,8.8,-999,-999
25-02-2012 03:00:00 PM,-0.4,982.8,7.8,-999,-999
25-02-2012 04:00:00 PM,-1.9,982.8,8.5,-999,-999
25-02-2012 05:00:00 PM,-3.2,982.5,4.0,-999,-999
25-02-2012 06:00:00 PM,-5.0,982.6,11.1,-999,-999
25-02-2012 07:00:00 PM,-5.9,983.2,7.8,-999,-999
25-02-2012 08:00:00 PM,-6.6,983.2,6.7,-999,-999
25-02-2012 09:00:00 PM,-6.8,983.2,4.8,-999,-999
25-02-2012 10:00:00 PM,-6.6,982.8,24.0,-999,-999
25-02-2012 11:00:00 PM,-7.5,982.7,26.1,-999,-999
26-02-2012 12:00:00 AM,-7.1,982.8,26.5,-999,-999
26-02-2012 01:00:00 AM,-6.9,982.8,27.0,-999,-999
26-02-2012 02:00:00 AM,-6.3,982.6,22.9,-999,-999
26-02-2012 03:00:00 AM,-6.7,982.5,19.7,-999,-999
26-02-2012 04:00:00 AM,-7.1,982.3,20.3,-999,-999
26-02-2012 05:00:00 AM,-7.1,982.1,21.2,-999,-999
26-02-2012 06:00:00 AM,-6.6,982.1,19.2,-999,-999
26-02-2012 07:00:00 AM,-6.2,982.2,12.8,-999,-999
26-02-2012 08:00:00 AM,-5.7,981.6,20.5,-999,-999
26-02-2012 09:00:00 AM,-4.2,981.9,6.0,-999,-999
26-02-2012 10:00:00 AM,-2.8,981.6,7.5,-999,-999
26-02-2012 11:00:00 AM,-5.0,981.4,5.5,-999,-999
26-02-2012 12:00:00 PM,-2.6,981.2,5.9,-999,-999
26-02-2012 01:00:00 PM,-2.8,981.3,7.0,-999,-999
26-02-2012 02:00:00 PM,-2.4,981.0,7.7,-999,-999
26-02-2012 03:00:00 PM,-2.6,981.0,5.6,-999,-999
26-02-2012 04:00:00 PM,-3.9,980.9,7.5,-999,-999
26-02-2012 05:00:00 PM,-5.6,981.0,10.2,-999,-999
26-02-2012 06:00:00 PM,-7.2,981.1,9.0,-999,-999
26-02-2012 07:00:00 PM,-8.7,981.4,11.2,-999,-999
26-02-2012 08:00:00 PM,-10.0,981.9,8.6,-999,-999
26-02-2012 09:00:00 PM,-10.8,982.4,8.6,-999,-999
26-02-2012 10:00:00 PM,-11.2,982.6,5.5,-999,-999
26-02-2012 11:00:00 PM,-12.0,982.9,6.4,-999,-999
27-02-2012 12:00:00 AM,-12.6,983.3,8.8,-999,-999
27-02-2012 01:00:00 AM,-11.4,983.9,18.7,-999,-999
27-02-2012 02:00:00 AM,-14.1,984.5,7.2,-999,-999
27-02-2012 03:00:00 AM,-14.7,984.6,6.4,-999,-999
27-02-2012 04:00:00 AM,-14.7,984.7,3.1,-999,-999
27-02-2012 05:00:00 AM,-14.1,985.0,4.9,-999,-999
27-02-2012 06:00:00 AM,-13.6,985.2,5.5,-999,-999
27-02-2012 07:00:00 AM,-13.8,985.3,5.4,-999,-999
27-02-2012 08:00:00 AM,-12.4,985.3,7.6,-999,-999
27-02-2012 09:00:00 AM,-10.8,985.4,9.5,-999,-999
27-02-2012 10:00:00 AM,-10.4,985.5,6.3,-999,-999
27-02-2012 11:00:00 AM,-8.6,985.3,9.7,-999,-999
27-02-2012 12:00:00 PM,-8.1,984.9,10.0,-999,-999
27-02-2012 01:00:00 PM,-7.8,984.4,5.0,-999,-999
27-02-2012 02:00:00 PM,-7.2,983.8,8.1,-999,-999
27-02-2012 03:00:00 PM,-7.2,983.6,7.9,-999,-999
27-02-2012 04:00:00 PM,-8.1,983.3,8.5,-999,-999
27-02-2012 05:00:00 PM,-9.2,983.5,3.6,-999,-999
27-02-2012 06:00:00 PM,-10.7,983.5,5.3,-999,-999
27-02-2012 07:00:00 PM,-11.2,983.6,5.2,-999,-999
27-02-2012 08:00:00 PM,-11.1,983.2,5.6,-999,-999
27-02-2012 09:00:00 PM,-10.7,983.2,5.6,-999,-999
27-02-2012 10:00:00 PM,-10.2,984.0,7.0,-999,-999
27-02-2012 11:00:00 PM,-11.3,983.9,6.0,-999,-999
28-02-2012 12:00:00 AM,-12.2,984.5,5.3,-999,-999
28-02-2012 01:00:00 AM,-12.3,984.6,6.1,-999,-999
28-02-2012 02:00:00 AM,-11.5,984.6,6.3,-999,-999
28-02-2012 03:00:00 AM,-2.7,984.2,13.6,-999,-999
28-02-2012 04:00:00 AM,-1.8,984.6,13.1,-999,-999
28-02-2012 05:00:00 AM,-1.6,984.9,16.3,-999,-999
28-02-2012 06:00:00 AM,-2.0,985.0,20.9,-999,-999
28-02-2012 07:00:00 AM,-1.8,985.4,19.2,-999,-999
28-02-2012 08:00:00 AM,-1.1,985.8,19.0,-999,-999
28-02-2012 09:00:00 AM,-0.7,985.9,21.4,-999,-999
28-02-2012 10:00:00 AM,0.2,986.2,17.7,-999,-999
28-02-2012 11:00:00 AM,0.5,986.4,19.6,-999,-999
28-02-2012 12:00:00 PM,1.0,986.6,13.2,-999,-999
28-02-2012 01:00:00 PM,0.8,987.0,9.6,-999,-999
28-02-2012 02:00:00 PM,0.9,987.2,12.3,-999,-999
28-02-2012 03:00:00 PM,0.9,987.0,15.0,-999,-999
28-02-2012 04:00:00 PM,1.2,987.2,16.5,-999,-999
28-02-2012 05:00:00 PM,0.9,987.5,17.6,-999,-999
28-02-2012 06:00:00 PM,0.4,988.1,16.8,-999,-999
28-02-2012 07:00:00 PM,0.4,988.4,18.0,-999,-999
28-02-2012 08:00:00 PM,0.1,988.6,19.2,-999,-999
28-02-2012 09:00:00 PM,0.1,988.8,17.8,-999,-999
28-02-2012 10:00:00 PM,-0.1,988.6,24.4,-999,-999
28-02-2012 11:00:00 PM,-0.2,989.0,23.4,-999,-999
29-02-2012 12:00:00 AM,0.0,989.3,20.7,-999,-999
29-02-2012 01:00:00 AM,-0.7,989.3,14.4,-999,-999
29-02-2012 02:00:00 AM,0.0,988.9,15.2,-999,-999
29-02-2012 03:00:00 AM,-0.3,988.3,10.0,-999,-999
29-02-2012 04:00:00 AM,-0.6,987.5,19.5,-999,-999
29-02-2012 05:00:00 AM,-1.1,987.1,18.7,-999,-999
29-02-2012 06:00:00 AM,-1.8,986.7,18.7,-999,-999
29-02-2012 07:00:00 AM,-2.8,986.1,24.7,-999,-999
29-02-2012 08:00:00 AM,-1.7,985.7,20.4,-999,-999
29-02-2012 09:00:00 AM,-1.3,985.1,24.0,-999,-999
29-02-2012 10:00:00 AM,-0.9,984.8,21.8,-999,-999
29-02-2012 11:00:00 AM,-0.9,984.4,21.2,-999,-999
29-02-2012 12:00:00 PM,0.5,984.1,18.2,-999,-999
29-02-2012 01:00:00 PM,-0.1,983.7,21.3,-999,-999
29-02-2012 02:00:00 PM,-0.1,983.3,16.9,-999,-999
29-02-2012 03:00:00 PM,-0.2,982.9,14.8,-999,-999
29-02-2012 04:00:00 PM,-0.9,982.3,21.3,-999,-999
29-02-2012 05:00:00 PM,-1.3,982.2,24.1,-999,-999
29-02-2012 06:00:00 PM,-2.5,982.2,20.1,-999,-999
29-02-2012 07:00:00 PM,-3.2,981.9,24.3,-999,-999
29-02-2012 08:00:00 PM,-3.8,981.8,24.7,-999,-999
29-02-2012 09:00:00 PM,-4.4,981.8,25.9,-999,-999
29-02-2012 10:00:00 PM,-4.8,981.9,26.5,-999,-999
29-02-2012 11:00:00 PM,-4.7,982.0,25.8,-999,-999
01-03-2012 12:00:00 AM,-4.9,982.1,26.5,-999,-999
01-03-2012 01:00:00 AM,-5.0,982.3,34.0,-999,-999
01-03-2012 02:00:00 AM,-4.9,982.5,30.4,-999,-999
01-03-2012 03:00:00 AM,-4.8,982.5,24.5,-999,-999
01-03-2012 04:00:00 AM,-4.5,982.7,24.3,-999,-999
01-03-2012 05:00:00 AM,-4.5,983.0,26.5,-999,-999
01-03-2012 06:00:00 AM,-4.5,983.4,28.3,-999,-999
01-03-2012 07:00:00 AM,-3.6,983.8,23.0,-999,-999
01-03-2012 08:00:00 AM,-3.3,984.0,22.2,-999,-999
01-03-2012 09:00:00 AM,-2.9,984.3,21.9,-999,-999
01-03-2012 10:00:00 AM,-2.5,984.8,21.0,-999,-999
01-03-2012 11:00:00 AM,-2.4,985.1,22.4,-999,-999
01-03-2012 12:00:00 PM,-2.5,985.4,21.7,-999,-999
01-03-2012 01:00:00 PM,-1.6,985.5,15.3,-999,-999
01-03-2012 02:00:00 PM,-1.5,985.8,15.1,-999,-999
01-03-2012 03:00:00 PM,-1.3,985.9,13.4,-999,-999
01-03-2012 04:00:00 PM,-1.6,986.1,12.0,-999,-999
01-03-2012 05:00:00 PM,-2.1,986.4,11.1,-999,-999
01-03-2012 06:00:00 PM,-2.5,987.0,10.6,-999,-999
01-03-2012 07:00:00 PM,-3.2,987.4,11.9,-999,-999
01-03-2012 08:00:00 PM,-3.9,987.8,13.8,-999,-999
01-03-2012 09:00:00 PM,-4.3,988.0,13.4,-999,-999
01-03-2012 10:00:00 PM,-4.4,988.4,13.3,-999,-999
01-03-2012 11:00:00 PM,-4.3,988.8,14.9,-999,-999
02-03-2012 12:00:00 AM,-4.4,989.3,12.1,-999,-999
02-03-2012 01:00:00 AM,-4.2,989.6,13.9,-999,-999
02-03-2012 02:00:00 AM,-4.5,989.7,12.4,-999,-999
02-03-2012 03:00:00 AM,-4.5,989.9,11.9,-999,-999
02-03-2012 04:00:00 AM,-4.8,990.3,9.7,-999,-999
02-03-2012 05:00:00 AM,-4.9,990.6,12.6,-999,-999
02-03-2012 06:00:00 AM,-5.1,990.9,13.8,-999,-999
02-03-2012 07:00:00 AM,-4.8,991.1,14.7,-999,-999
02-03-2012 08:00:00 AM,-4.2,991.1,13.2,-999,-999
02-03-2012 09:00:00 AM,-3.8,991.3,11.8,-999,-999
02-03-2012 10:00:00 AM,-3.7,991.8,11.3,-999,-999
02-03-2012 11:00:00 AM,-3.5,992.0,13.0,-999,-999
02-03-2012 12:00:00 PM,-3.4,992.3,10.4,-999,-999
02-03-2012 01:00:00 PM,-3.6,992.4,8.0,-999,-999
02-03-2012 02:00:00 PM,-3.3,992.4,9.7,-999,-999
02-03-2012 03:00:00 PM,-3.8,992.5,9.2,-999,-999
02-03-2012 04:00:00 PM,-4.2,992.4,7.6,-999,-999
02-03-2012 05:00:00 PM,-4.6,992.4,7.9,-999,-999
02-03-2012 06:00:00 PM,-4.4,992.7,7.5,-999,-999
02-03-2012 07:00:00 PM,-5.0,992.7,7.6,-999,-999
02-03-2012 08:00:00 PM,-6.1,992.8,4.7,-999,-999
02-03-2012 09:00:00 PM,-6.1,992.9,6.2,-999,-999
02-03-2012 10:00:00 PM,-6.4,993.1,5.1,-999,-999
02-03-2012 11:00:00 PM,-6.4,993.3,7.3,-999,-999
03-03-2012 12:00:00 AM,-6.8,993.5,5.6,-999,-999
03-03-2012 01:00:00 AM,-7.8,993.7,6.9,-999,-999
03-03-2012 02:00:00 AM,-8.8,993.9,8.7,-999,-999
03-03-2012 03:00:00 AM,-8.7,993.9,15.8,-999,-999
03-03-2012 04:00:00 AM,-9.8,993.8,17.3,-999,-999
03-03-2012 05:00:00 AM,-10.0,993.8,22.5,-999,-999
03-03-2012 06:00:00 AM,-9.1,994.2,18.2,-999,-999
03-03-2012 07:00:00 AM,-9.0,994.2,19.6,-999,-999
03-03-2012 08:00:00 AM,-8.4,994.2,18.6,-999,-999
03-03-2012 09:00:00 AM,-7.1,994.6,8.3,-999,-999
03-03-2012 10:00:00 AM,-5.8,994.8,5.0,-999,-999
03-03-2012 11:00:00 AM,-5.1,994.9,7.9,-999,-999
03-03-2012 12:00:00 PM,-4.0,995.2,9.2,-999,-999
03-03-2012 01:00:00 PM,-3.7,995.2,6.1,-999,-999
03-03-2012 02:00:00 PM,-4.1,995.2,7.4,-999,-999
03-03-2012 03:00:00 PM,-4.6,995.1,8.0,-999,-999
03-03-2012 04:00:00 PM,-5.7,995.4,4.2,-999,-999
03-03-2012 05:00:00 PM,-6.2,995.8,5.9,-999,-999
03-03-2012 06:00:00 PM,-7.4,996.1,8.4,-999,-999
03-03-2012 07:00:00 PM,-8.5,996.6,12.1,-999,-999
03-03-2012 08:00:00 PM,-8.7,997.0,11.2,-999,-999
03-03-2012 09:00:00 PM,-9.7,997.4,4.0,-999,-999
03-03-2012 10:00:00 PM,-10.6,997.9,3.4,-999,-999
03-03-2012 11:00:00 PM,-11.9,998.2,5.6,-999,-999
04-03-2012 12:00:00 AM,-11.8,998.6,8.2,-999,-999
04-03-2012 01:00:00 AM,-11.7,998.7,6.3,-999,-999
04-03-2012 02:00:00 AM,-12.5,999.0,5.9,-999,-999
04-03-2012 03:00:00 AM,-11.7,998.7,8.2,-999,-999
04-03-2012 04:00:00 AM,-11.9,998.5,12.3,-999,-999
04-03-2012 05:00:00 AM,-12.0,998.2,15.6,-999,-999
04-03-2012 06:00:00 AM,-11.8,999.0,9.6,-999,-999
04-03-2012 07:00:00 AM,-10.3,999.2,6.5,-999,-999
04-03-2012 08:00:00 AM,-10.4,999.1,12.7,-999,-999
04-03-2012 09:00:00 AM,-8.0,999.0,12.2,-999,-999
04-03-2012 10:00:00 AM,-6.7,998.9,12.7,-999,-999
04-03-2012 11:00:00 AM,-7.2,998.4,8.5,-999,-999
04-03-2012 12:00:00 PM,-7.1,998.5,16.2,-999,-999
04-03-2012 01:00:00 PM,-6.4,998.4,12.3,-999,-999
04-03-2012 02:00:00 PM,-7.3,997.7,9.3,-999,-999
04-03-2012 03:00:00 PM,-7.9,997.1,9.5,-999,-999
04-03-2012 04:00:00 PM,-8.4,996.8,0.8,-999,-999
04-03-2012 05:00:00 PM,-9.3,996.4,7.6,-999,-999
04-03-2012 06:00:00 PM,-10.0,996.6,6.3,-999,-999
04-03-2012 07:00:00 PM,-10.7,996.5,4.5,-999,-999
04-03-2012 08:00:00 PM,-11.4,996.4,5.0,-999,-999
04-03-2012 09:00:00 PM,-12.4,996.0,11.2,-999,-999
04-03-2012 10:00:00 PM,-12.3,996.2,2.4,-999,-999
04-03-2012 11:00:00 PM,-12.5,995.9,8.0,-999,-999
05-03-2012 12:00:00 AM,-10.9,995.7,14.0,-999,-999
05-03-2012 01:00:00 AM,-11.0,995.3,7.5,-999,-999
05-03-2012 02:00:00 AM,-10.5,994.4,18.4,-999,-999
05-03-2012 03:00:00 AM,-10.8,994.2,21.8,-999,-999
05-03-2012 04:00:00 AM,-11.4,993.8,20.1,-999,-999
05-03-2012 05:00:00 AM,-11.0,993.4,17.4,-999,-999
05-03-2012 06:00:00 AM,-10.9,993.1,17.6,-999,-999
05-03-2012 07:00:00 AM,-10.0,992.8,18.6,-999,-999
05-03-2012 08:00:00 AM,-10.0,992.7,18.0,-999,-999
05-03-2012 09:00:00 AM,-9.0,992.5,15.0,-999,-999
05-03-2012 10:00:00 AM,-8.4,992.0,11.3,-999,-999
05-03-2012 11:00:00 AM,-7.9,991.7,14.8,-999,-999
05-03-2012 12:00:00 PM,-8.2,991.2,15.2,-999,-999
05-03-2012 01:00:00 PM,-6.7,991.2,10.2,-999,-999
05-03-2012 02:00:00 PM,-6.9,990.8,9.5,-999,-999
05-03-2012 03:00:00 PM,-7.5,990.3,7.7,-999,-999
05-03-2012 04:00:00 PM,-7.9,989.8,4.4,-999,-999
05-03-2012 05:00:00 PM,-10.2,989.4,8.0,-999,-999
05-03-2012 06:00:00 PM,-10.1,989.3,7.2,-999,-999
05-03-2012 07:00:00 PM,-11.2,989.4,4.3,-999,-999
05-03-2012 08:00:00 PM,-11.9,989.5,6.1,-999,-999
05-03-2012 09:00:00 PM,-12.8,989.8,6.9,-999,-999
05-03-2012 10:00:00 PM,-12.4,989.3,15.6,-999,-999
05-03-2012 11:00:00 PM,-13.1,989.1,19.8,-999,-999
06-03-2012 12:00:00 AM,-13.4,988.8,20.7,-999,-999
06-03-2012 01:00:00 AM,-13.1,988.5,18.7,-999,-999
06-03-2012 02:00:00 AM,-13.2,988.3,21.9,-999,-999
06-03-2012 03:00:00 AM,-12.8,988.0,22.6,-999,-999
06-03-2012 04:00:00 AM,-13.4,987.8,19.4,-999,-999
06-03-2012 05:00:00 AM,-12.9,987.6,22.2,-999,-999
06-03-2012 06:00:00 AM,-12.5,987.4,23.4,-999,-999
06-03-2012 07:00:00 AM,-11.6,987.5,23.8,-999,-999
06-03-2012 08:00:00 AM,-11.0,987.4,23.3,-999,-999
06-03-2012 09:00:00 AM,-11.2,987.3,24.2,-999,-999
06-03-2012 10:00:00 AM,-10.4,987.4,19.9,-999,-999
06-03-2012 11:00:00 AM,-9.4,987.4,13.3,-999,-999
06-03-2012 12:00:00 PM,-8.5,987.3,11.2,-999,-999
06-03-2012 01:00:00 PM,-7.8,987.2,10.8,-999,-999
06-03-2012 02:00:00 PM,-6.9,987.3,14.5,-999,-999
06-03-2012 03:00:00 PM,-7.9,987.2,8.6,-999,-999
06-03-2012 04:00:00 PM,-8.2,986.9,6.1,-999,-999
06-03-2012 05:00:00 PM,-9.6,986.7,7.2,-999,-999
06-03-2012 06:00:00 PM,-10.3,986.7,11.9,-999,-999
06-03-2012 07:00:00 PM,-11.2,986.7,14.1,-999,-999
06-03-2012 08:00:00 PM,-11.4,987.3,6.6,-999,-999
06-03-2012 09:00:00 PM,-11.4,987.5,16.4,-999,-999
06-03-2012 10:00:00 PM,-12.8,987.3,18.7,-999,-999
06-03-2012 11:00:00 PM,-12.0,986.8,22.4,-999,-999
07-03-2012 12:00:00 AM,-11.8,987.0,22.8,-999,-999
07-03-2012 01:00:00 AM,-11.8,987.1,22.5,-999,-999
07-03-2012 02:00:00 AM,-11.6,987.1,17.4,-999,-999
07-03-2012 03:00:00 AM,-11.8,987.3,22.0,-999,-999
07-03-2012 04:00:00 AM,-12.2,987.0,23.0,-999,-999
07-03-2012 05:00:00 AM,-11.9,987.1,23.2,-999,-999
07-03-2012 06:00:00 AM,-12.0,987.2,23.7,-999,-999
07-03-2012 07:00:00 AM,-10.8,987.2,22.9,-999,-999
07-03-2012 08:00:00 AM,-10.3,987.5,21.9,-999,-999
07-03-2012 09:00:00 AM,-8.8,988.1,20.5,-999,-999
07-03-2012 10:00:00 AM,-7.5,988.1,18.8,-999,-999
07-03-2012 11:00:00 AM,-7.0,988.1,16.2,-999,-999
07-03-2012 12:00:00 PM,-6.7,987.9,19.8,-999,-999
07-03-2012 01:00:00 PM,-6.7,987.9,23.1,-999,-999
07-03-2012 02:00:00 PM,-6.8,987.8,20.9,-999,-999
07-03-2012 03:00:00 PM,-7.3,987.7,22.1,-999,-999
07-03-2012 04:00:00 PM,-7.7,987.7,19.0,-999,-999
07-03-2012 05:00:00 PM,-8.0,987.4,19.1,-999,-999
07-03-2012 06:00:00 PM,-8.4,987.4,16.9,-999,-999
07-03-2012 07:00:00 PM,-8.1,987.3,18.3,-999,-999
07-03-2012 08:00:00 PM,-8.5,987.1,22.8,-999,-999
07-03-2012 09:00:00 PM,-8.8,986.5,23.3,-999,-999
07-03-2012 10:00:00 PM,-8.9,986.1,23.9,-999,-999
07-03-2012 11:00:00 PM,-8.5,985.9,24.9,-999,-999
08-03-2012 12:00:00 AM,-7.9,985.5,27.6,-999,-999
08-03-2012 01:00:00 AM,-7.9,985.1,24.4,-999,-999
08-03-2012 02:00:00 AM,-8.1,984.2,26.9,-999,-999
08-03-2012 03:00:00 AM,-8.1,983.7,24.5,-999,-999
08-03-2012 04:00:00 AM,-8.1,983.3,23.3,-999,-999
08-03-2012 05:00:00 AM,-7.8,983.1,23.3,-999,-999
08-03-2012 06:00:00 AM,-7.5,983.1,25.7,-999,-999
08-03-2012 07:00:00 AM,-7.5,982.6,32.3,-999,-999
08-03-2012 08:00:00 AM,-6.9,982.5,32.7,-999,-999
08-03-2012 09:00:00 AM,-6.7,982.2,36.6,-999,-999
08-03-2012 10:00:00 AM,-6.0,982.1,32.8,-999,-999
08-03-2012 11:00:00 AM,-5.8,981.3,37.7,-999,-999
08-03-2012 12:00:00 PM,-5.5,980.5,38.5,-999,-999
08-03-2012 01:00:00 PM,-5.5,980.0,40.6,-999,-999
08-03-2012 02:00:00 PM,-5.4,979.6,43.7,-999,-999
08-03-2012 03:00:00 PM,-5.6,979.3,43.4,-999,-999
08-03-2012 04:00:00 PM,-5.5,979.0,46.4,-999,-999
08-03-2012 05:00:00 PM,-5.3,978.8,48.9,-999,-999
08-03-2012 06:00:00 PM,-5.3,978.6,47.7,-999,-999
08-03-2012 07:00:00 PM,-5.5,978.9,44.9,-999,-999
08-03-2012 08:00:00 PM,-5.6,978.9,47.2,-999,-999
08-03-2012 09:00:00 PM,-5.7,979.0,43.6,-999,-999
08-03-2012 10:00:00 PM,-5.5,979.3,39.5,-999,-999
08-03-2012 11:00:00 PM,-5.8,979.2,43.1,-999,-999
09-03-2012 12:00:00 AM,-5.6,979.6,44.4,-999,-999
09-03-2012 01:00:00 AM,-5.3,979.8,42.8,-999,-999
09-03-2012 02:00:00 AM,-5.4,979.8,42.1,-999,-999
09-03-2012 03:00:00 AM,-5.5,979.9,40.6,-999,-999
09-03-2012 04:00:00 AM,-5.2,980.2,39.2,-999,-999
09-03-2012 05:00:00 AM,-4.8,980.6,40.8,-999,-999
09-03-2012 06:00:00 AM,-4.3,980.9,40.3,-999,-999
09-03-2012 07:00:00 AM,-4.4,980.8,39.6,-999,-999
09-03-2012 08:00:00 AM,-4.0,980.6,45.8,-999,-999
09-03-2012 09:00:00 AM,-4.0,981.0,41.2,-999,-999
09-03-2012 10:00:00 AM,-3.9,981.1,40.0,-999,-999
09-03-2012 11:00:00 AM,-3.6,980.6,37.3,-999,-999
09-03-2012 12:00:00 PM,-3.4,980.6,33.0,-999,-999
09-03-2012 01:00:00 PM,-3.1,980.3,32.7,-999,-999
09-03-2012 02:00:00 PM,-3.1,980.1,34.9,-999,-999
09-03-2012 03:00:00 PM,-3.0,979.6,30.7,-999,-999
09-03-2012 04:00:00 PM,-3.1,979.9,27.5,-999,-999
09-03-2012 05:00:00 PM,-2.9,979.7,33.5,-999,-999
09-03-2012 06:00:00 PM,-3.3,980.0,35.3,-999,-999
09-03-2012 07:00:00 PM,-3.5,980.2,31.4,-999,-999
09-03-2012 08:00:00 PM,-3.7,980.2,34.3,-999,-999
09-03-2012 09:00:00 PM,-5.3,979.8,32.5,-999,-999
09-03-2012 10:00:00 PM,-5.6,979.8,38.0,-999,-999
09-03-2012 11:00:00 PM,-6.0,979.7,31.6,-999,-999
10-03-2012 12:00:00 AM,-5.5,979.7,30.7,-999,-999
10-03-2012 01:00:00 AM,-5.9,979.4,30.6,-999,-999
10-03-2012 02:00:00 AM,-5.3,979.3,31.0,-999,-999
10-03-2012 03:00:00 AM,-5.8,979.1,31.1,-999,-999
10-03-2012 04:00:00 AM,-7.6,979.5,28.0,-999,-999
10-03-2012 05:00:00 AM,-6.8,980.2,24.9,-999,-999
10-03-2012 06:00:00 AM,-6.8,980.6,25.8,-999,-999
10-03-2012 07:00:00 AM,-6.0,980.6,23.9,-999,-999
10-03-2012 08:00:00 AM,-5.6,980.7,20.7,-999,-999
10-03-2012 09:00:00 AM,-5.0,980.5,24.9,-999,-999
10-03-2012 10:00:00 AM,-4.5,980.7,24.6,-999,-999
10-03-2012 11:00:00 AM,-3.9,981.5,5.2,-999,-999
10-03-2012 12:00:00 PM,-2.7,981.9,6.2,-999,-999
10-03-2012 01:00:00 PM,-2.3,982.2,6.2,-999,-999
10-03-2012 02:00:00 PM,-1.1,982.6,3.7,-999,-999
10-03-2012 03:00:00 PM,-2.2,983.3,7.8,-999,-999
10-03-2012 04:00:00 PM,-1.7,983.8,4.9,-999,-999
10-03-2012 05:00:00 PM,-3.2,984.2,6.0,-999,-999
10-03-2012 06:00:00 PM,-3.8,984.4,12.9,-999,-999
10-03-2012 07:00:00 PM,-4.1,984.7,13.7,-999,-999
10-03-2012 08:00:00 PM,-5.5,985.2,16.6,-999,-999
10-03-2012 09:00:00 PM,-5.4,985.7,19.3,-999,-999
10-03-2012 10:00:00 PM,-5.1,986.6,10.0,-999,-999
10-03-2012 11:00:00 PM,-6.4,986.9,19.3,-999,-999
11-03-2012 12:00:00 AM,-6.7,987.2,15.7,-999,-999
11-03-2012 01:00:00 AM,-7.2,987.3,18.9,-999,-999
11-03-2012 02:00:00 AM,-7.1,987.6,12.4,-999,-999
11-03-2012 03:00:00 AM,-7.1,987.9,13.0,-999,-999
11-03-2012 04:00:00 AM,-7.1,988.1,16.2,-999,-999
11-03-2012 05:00:00 AM,-7.5,988.5,6.3,-999,-999
11-03-2012 06:00:00 AM,-7.1,988.6,4.6,-999,-999
11-03-2012 07:00:00 AM,-5.8,988.5,10.4,-999,-999
11-03-2012 08:00:00 AM,-5.3,988.6,5.4,-999,-999
11-03-2012 09:00:00 AM,-5.1,988.8,3.1,-999,-999
11-03-2012 10:00:00 AM,-4.7,988.7,6.6,-999,-999
11-03-2012 11:00:00 AM,-4.3,988.6,8.4,-999,-999
11-03-2012 12:00:00 PM,-4.6,988.5,6.2,-999,-999
11-03-2012 01:00:00 PM,-4.5,988.4,6.9,-999,-999
11-03-2012 02:00:00 PM,-4.0,988.3,7.6,-999,-999
11-03-2012 03:00:00 PM,-3.9,988.2,9.3,-999,-999
11-03-2012 04:00:00 PM,-4.7,987.9,5.8,-999,-999
11-03-2012 05:00:00 PM,-5.6,987.7,6.6,-999,-999
11-03-2012 06:00:00 PM,-5.9,987.4,8.8,-999,-999
11-03-2012 07:00:00 PM,-6.1,987.3,6.8,-999,-999
11-03-2012 08:00:00 PM,-6.1,987.2,8.5,-999,-999
11-03-2012 09:00:00 PM,-6.4,987.2,7.7,-999,-999
11-03-2012 10:00:00 PM,-6.6,987.1,10.5,-999,-999
11-03-2012 11:00:00 PM,-6.6,987.1,13.1,-999,-999
12-03-2012 12:00:00 AM,-6.4,987.0,14.0,-999,-999
12-03-2012 01:00:00 AM,-6.4,986.7,16.8,-999,-999
12-03-2012 02:00:00 AM,-6.2,986.9,11.4,-999,-999
12-03-2012 03:00:00 AM,-6.9,986.7,9.4,-999,-999
12-03-2012 04:00:00 AM,-6.7,986.5,14.1,-999,-999
12-03-2012 05:00:00 AM,-7.1,987.0,11.9,-999,-999
12-03-2012 06:00:00 AM,-7.7,987.5,5.5,-999,-999
12-03-2012 07:00:00 AM,-8.0,987.4,11.3,-999,-999
12-03-2012 08:00:00 AM,-8.1,987.6,9.0,-999,-999
12-03-2012 09:00:00 AM,-7.9,987.6,8.7,-999,-999
12-03-2012 10:00:00 AM,-7.3,987.7,8.9,-999,-999
12-03-2012 11:00:00 AM,-6.6,987.8,8.1,-999,-999
12-03-2012 12:00:00 PM,-6.7,987.9,9.1,-999,-999
12-03-2012 01:00:00 PM,-7.4,987.9,4.2,-999,-999
12-03-2012 02:00:00 PM,-7.3,988.2,9.0,-999,-999
12-03-2012 03:00:00 PM,-8.2,988.6,3.8,-999,-999
12-03-2012 04:00:00 PM,-8.5,988.4,7.3,-999,-999
12-03-2012 05:00:00 PM,-9.0,988.6,7.0,-999,-999
12-03-2012 06:00:00 PM,-9.6,988.8,4.4,-999,-999
12-03-2012 07:00:00 PM,-9.5,988.9,5.5,-999,-999
12-03-2012 08:00:00 PM,-9.9,988.9,7.1,-999,-999
12-03-2012 09:00:00 PM,-11.4,989.1,6.0,-999,-999
12-03-2012 10:00:00 PM,-11.9,989.4,5.5,-999,-999
12-03-2012 11:00:00 PM,-12.9,989.5,5.2,-999,-999
13-03-2012 12:00:00 AM,-13.0,989.8,4.6,-999,-999
13-03-2012 01:00:00 AM,-13.5,989.7,9.2,-999,-999
13-03-2012 02:00:00 AM,-13.3,989.7,7.1,-999,-999
13-03-2012 03:00:00 AM,-13.2,989.5,10.4,-999,-999
13-03-2012 04:00:00 AM,-12.8,989.5,8.7,-999,-999
13-03-2012 05:00:00 AM,-13.2,989.4,10.6,-999,-999
13-03-2012 06:00:00 AM,-12.5,989.2,14.5,-999,-999
13-03-2012 07:00:00 AM,-11.8,988.7,13.3,-999,-999
13-03-2012 08:00:00 AM,-11.4,988.2,17.1,-999,-999
13-03-2012 09:00:00 AM,-11.1,988.0,17.7,-999,-999
13-03-2012 10:00:00 AM,-9.5,987.8,13.0,-999,-999
13-03-2012 11:00:00 AM,-9.0,986.8,25.4,-999,-999
13-03-2012 12:00:00 PM,-9.0,986.8,14.7,-999,-999
13-03-2012 01:00:00 PM,-9.0,985.8,18.4,-999,-999
13-03-2012 02:00:00 PM,-9.2,984.8,18.6,-999,-999
13-03-2012 03:00:00 PM,-9.5,983.8,19.9,-999,-999
13-03-2012 04:00:00 PM,-9.7,983.3,19.7,-999,-999
13-03-2012 05:00:00 PM,-10.5,982.6,22.2,-999,-999
13-03-2012 06:00:00 PM,-10.7,981.2,22.8,-999,-999
13-03-2012 07:00:00 PM,-10.7,980.3,21.8,-999,-999
13-03-2012 08:00:00 PM,-10.4,979.5,23.0,-999,-999
13-03-2012 09:00:00 PM,-10.7,978.9,23.5,-999,-999
13-03-2012 10:00:00 PM,-10.2,977.5,30.6,-999,-999
13-03-2012 11:00:00 PM,-9.8,976.4,33.0,-999,-999
14-03-2012 12:00:00 AM,-9.9,975.3,31.4,-999,-999
14-03-2012 01:00:00 AM,-10.0,975.0,26.2,-999,-999
14-03-2012 02:00:00 AM,-10.2,974.1,31.6,-999,-999
14-03-2012 03:00:00 AM,-10.3,974.0,32.8,-999,-999
14-03-2012 04:00:00 AM,-10.8,974.1,32.8,-999,-999
14-03-2012 05:00:00 AM,-10.2,973.5,33.7,-999,-999
14-03-2012 06:00:00 AM,-9.7,973.6,33.2,-999,-999
14-03-2012 07:00:00 AM,-9.5,973.7,31.0,-999,-999
14-03-2012 08:00:00 AM,-9.2,973.7,31.5,-999,-999
14-03-2012 09:00:00 AM,-8.7,974.1,31.1,-999,-999
14-03-2012 10:00:00 AM,-8.4,973.9,32.4,-999,-999
14-03-2012 11:00:00 AM,-7.6,974.1,32.3,-999,-999
14-03-2012 12:00:00 PM,-7.7,974.3,28.4,-999,-999
14-03-2012 01:00:00 PM,-7.1,973.9,28.1,-999,-999
14-03-2012 02:00:00 PM,-6.8,973.9,30.1,-999,-999
14-03-2012 03:00:00 PM,-6.9,974.0,26.4,-999,-999
14-03-2012 04:00:00 PM,-6.6,973.7,24.9,-999,-999
14-03-2012 05:00:00 PM,-6.4,973.8,29.5,-999,-999
14-03-2012 06:00:00 PM,-6.6,974.4,26.9,-999,-999
14-03-2012 07:00:00 PM,-7.0,974.7,25.5,-999,-999
14-03-2012 08:00:00 PM,-7.5,975.3,22.0,-999,-999
14-03-2012 09:00:00 PM,-8.8,975.6,16.9,-999,-999
14-03-2012 10:00:00 PM,-8.3,975.6,23.0,-999,-999
14-03-2012 11:00:00 PM,-8.4,975.9,22.0,-999,-999
15-03-2012 12:00:00 AM,-8.5,975.7,17.9,-999,-999
15-03-2012 01:00:00 AM,-8.8,975.9,20.5,-999,-999
15-03-2012 02:00:00 AM,-8.4,976.0,16.3,-999,-999
15-03-2012 03:00:00 AM,-9.1,975.8,22.3,-999,-999
15-03-2012 04:00:00 AM,-9.0,975.8,24.1,-999,-999
15-03-2012 05:00:00 AM,-8.9,976.3,21.7,-999,-999
15-03-2012 06:00:00 AM,-8.7,976.7,23.1,-999,-999
15-03-2012 07:00:00 AM,-8.1,977.6,16.2,-999,-999
15-03-2012 08:00:00 AM,-7.5,978.0,9.4,-999,-999
15-03-2012 09:00:00 AM,-6.4,978.3,15.9,-999,-999
15-03-2012 10:00:00 AM,-6.3,978.6,8.8,-999,-999
15-03-2012 11:00:00 AM,-6.2,978.8,11.8,-999,-999
15-03-2012 12:00:00 PM,-5.9,979.0,9.1,-999,-999
15-03-2012 01:00:00 PM,-5.2,979.3,11.5,-999,-999
15-03-2012 02:00:00 PM,-5.7,979.8,12.4,-999,-999
15-03-2012 03:00:00 PM,-6.1,980.3,19.4,-999,-999
15-03-2012 04:00:00 PM,-7.1,980.9,9.8,-999,-999
15-03-2012 05:00:00 PM,-8.2,981.7,12.4,-999,-999
15-03-2012 06:00:00 PM,-8.9,982.4,15.0,-999,-999
15-03-2012 07:00:00 PM,-9.4,983.2,17.1,-999,-999
15-03-2012 08:00:00 PM,-9.2,983.4,16.5,-999,-999
15-03-2012 09:00:00 PM,-10.0,984.7,17.6,-999,-999
15-03-2012 10:00:00 PM,-9.7,985.5,22.8,-999,-999
15-03-2012 11:00:00 PM,-9.9,985.6,15.8,-999,-999
16-03-2012 12:00:00 AM,-10.2,986.1,22.5,-999,-999
16-03-2012 01:00:00 AM,-10.1,986.5,20.3,-999,-999
16-03-2012 02:00:00 AM,-9.8,986.9,22.1,-999,-999
16-03-2012 03:00:00 AM,-10.8,987.8,18.8,-999,-999
16-03-2012 04:00:00 AM,-10.4,988.0,20.9,-999,-999
16-03-2012 05:00:00 AM,-10.8,988.5,21.2,-999,-999
16-03-2012 06:00:00 AM,-11.2,989.0,20.1,-999,-999
16-03-2012 07:00:00 AM,-10.3,989.4,21.3,-999,-999
16-03-2012 08:00:00 AM,-9.5,989.6,20.8,-999,-999
16-03-2012 09:00:00 AM,-9.0,990.0,19.5,-999,-999
16-03-2012 10:00:00 AM,-8.8,990.1,20.5,-999,-999
16-03-2012 11:00:00 AM,-7.9,990.7,15.9,-999,-999
16-03-2012 12:00:00 PM,-6.5,990.9,13.9,-999,-999
16-03-2012 01:00:00 PM,-7.2,990.6,17.9,-999,-999
16-03-2012 02:00:00 PM,-6.5,990.9,13.1,-999,-999
16-03-2012 03:00:00 PM,-6.5,990.7,14.6,-999,-999
16-03-2012 04:00:00 PM,-6.7,990.9,17.6,-999,-999
16-03-2012 05:00:00 PM,-7.0,991.0,19.3,-999,-999
16-03-2012 06:00:00 PM,-7.5,991.3,21.7,-999,-999
16-03-2012 07:00:00 PM,-7.9,991.7,24.1,-999,-999
16-03-2012 08:00:00 PM,-7.9,992.0,23.2,-999,-999
16-03-2012 09:00:00 PM,-7.9,992.4,24.4,-999,-999
16-03-2012 10:00:00 PM,-8.5,992.5,23.6,-999,-999
16-03-2012 11:00:00 PM,-9.4,992.6,27.9,-999,-999
17-03-2012 12:00:00 AM,-9.6,992.9,27.6,-999,-999
17-03-2012 01:00:00 AM,-9.4,992.8,29.0,-999,-999
17-03-2012 02:00:00 AM,-8.3,993.0,24.8,-999,-999
17-03-2012 03:00:00 AM,-9.8,993.0,26.3,-999,-999
17-03-2012 04:00:00 AM,-9.6,992.9,25.9,-999,-999
17-03-2012 05:00:00 AM,-10.0,993.3,25.2,-999,-999
17-03-2012 06:00:00 AM,-9.6,993.4,26.1,-999,-999
17-03-2012 07:00:00 AM,-10.1,993.6,28.9,-999,-999
17-03-2012 08:00:00 AM,-8.9,993.6,26.3,-999,-999
17-03-2012 09:00:00 AM,-7.5,993.4,21.6,-999,-999
17-03-2012 10:00:00 AM,-7.4,993.3,25.8,-999,-999
17-03-2012 11:00:00 AM,-6.8,993.1,25.9,-999,-999
17-03-2012 12:00:00 PM,-5.9,993.0,21.3,-999,-999
17-03-2012 01:00:00 PM,-3.8,993.5,5.8,-999,-999
17-03-2012 02:00:00 PM,-4.8,992.7,16.4,-999,-999
17-03-2012 03:00:00 PM,-5.0,992.8,12.1,-999,-999
17-03-2012 04:00:00 PM,-5.5,993.0,6.7,-999,-999
17-03-2012 05:00:00 PM,-6.9,993.0,9.2,-999,-999
17-03-2012 06:00:00 PM,-7.9,992.9,18.3,-999,-999
17-03-2012 07:00:00 PM,-7.8,992.4,23.4,-999,-999
17-03-2012 08:00:00 PM,-7.8,992.0,24.9,-999,-999
17-03-2012 09:00:00 PM,-7.9,991.7,22.9,-999,-999
17-03-2012 10:00:00 PM,-9.0,991.5,28.1,-999,-999
17-03-2012 11:00:00 PM,-8.8,991.7,22.3,-999,-999
18-03-2012 12:00:00 AM,-9.3,991.7,25.2,-999,-999
18-03-2012 01:00:00 AM,-7.6,991.5,20.5,-999,-999
18-03-2012 02:00:00 AM,-10.2,991.4,24.0,-999,-999
18-03-2012 03:00:00 AM,-9.3,991.9,3.4,-999,-999
18-03-2012 04:00:00 AM,-9.5,991.5,3.8,-999,-999
18-03-2012 05:00:00 AM,-8.5,991.4,11.0,-999,-999
18-03-2012 06:00:00 AM,-8.8,991.2,5.9,-999,-999
18-03-2012 07:00:00 AM,-8.1,991.3,4.8,-999,-999
18-03-2012 08:00:00 AM,-7.8,991.3,3.4,-999,-999
18-03-2012 09:00:00 AM,-5.3,991.5,5.6,-999,-999
18-03-2012 10:00:00 AM,-7.2,991.2,10.3,-999,-999
18-03-2012 11:00:00 AM,-7.2,991.1,8.6,-999,-999
18-03-2012 12:00:00 PM,-5.9,990.9,8.9,-999,-999
18-03-2012 01:00:00 PM,-5.3,991.1,8.3,-999,-999
18-03-2012 02:00:00 PM,-5.5,990.9,9.7,-999,-999
18-03-2012 03:00:00 PM,-8.0,991.2,10.5,-999,-999
18-03-2012 04:00:00 PM,-11.0,991.5,7.5,-999,-999
18-03-2012 05:00:00 PM,-11.0,991.7,7.5,-999,-999
18-03-2012 06:00:00 PM,-10.1,991.8,6.7,-999,-999
18-03-2012 07:00:00 PM,-9.7,991.6,14.6,-999,-999
18-03-2012 08:00:00 PM,-10.2,992.5,7.4,-999,-999
18-03-2012 09:00:00 PM,-11.0,992.9,7.6,-999,-999
18-03-2012 10:00:00 PM,-12.4,993.4,8.5,-999,-999
18-03-2012 11:00:00 PM,-13.2,993.8,6.6,-999,-999
19-03-2012 12:00:00 AM,-13.6,994.3,9.6,-999,-999
19-03-2012 01:00:00 AM,-14.0,995.0,6.1,-999,-999
19-03-2012 02:00:00 AM,-14.3,995.2,3.6,-999,-999
19-03-2012 03:00:00 AM,-14.6,995.0,6.1,-999,-999
19-03-2012 04:00:00 AM,-14.5,995.6,6.9,-999,-999
19-03-2012 05:00:00 AM,-14.4,995.6,8.4,-999,-999
19-03-2012 06:00:00 AM,-14.2,996.2,5.0,-999,-999
19-03-2012 07:00:00 AM,-13.8,996.9,5.4,-999,-999
19-03-2012 08:00:00 AM,-12.1,997.2,8.3,-999,-999
19-03-2012 09:00:00 AM,-10.6,997.8,6.0,-999,-999
19-03-2012 10:00:00 AM,-11.6,998.3,7.5,-999,-999
19-03-2012 11:00:00 AM,-11.5,999.0,6.6,-999,-999
19-03-2012 12:00:00 PM,-10.5,999.0,9.3,-999,-999
19-03-2012 01:00:00 PM,-10.4,999.1,6.2,-999,-999
19-03-2012 02:00:00 PM,-10.4,998.7,7.5,-999,-999
19-03-2012 03:00:00 PM,-9.2,998.3,5.0,-999,-999
19-03-2012 04:00:00 PM,-9.9,998.5,7.2,-999,-999
19-03-2012 05:00:00 PM,-9.8,998.8,6.4,-999,-999
19-03-2012 06:00:00 PM,-9.9,999.1,6.2,-999,-999
19-03-2012 07:00:00 PM,-9.7,999.5,6.2,-999,-999
19-03-2012 08:00:00 PM,-11.2,999.5,4.0,-999,-999
19-03-2012 09:00:00 PM,-12.0,999.7,6.1,-999,-999
19-03-2012 10:00:00 PM,-11.9,999.9,4.5,-999,-999
19-03-2012 11:00:00 PM,-10.0,999.9,3.0,-999,-999
20-03-2012 12:00:00 AM,-10.3,1000.4,5.5,-999,-999
20-03-2012 01:00:00 AM,-10.8,1000.1,4.9,-999,-999
20-03-2012 02:00:00 AM,-10.6,999.9,4.5,-999,-999
20-03-2012 03:00:00 AM,-10.4,1000.1,6.2,-999,-999
20-03-2012 04:00:00 AM,-9.4,999.8,6.4,-999,-999
20-03-2012 05:00:00 AM,-10.8,999.8,9.0,-999,-999
20-03-2012 06:00:00 AM,-10.0,999.8,5.7,-999,-999
20-03-2012 07:00:00 AM,-9.3,1000.2,6.1,-999,-999
20-03-2012 08:00:00 AM,-7.6,1000.2,5.7,-999,-999
20-03-2012 09:00:00 AM,-5.0,1000.0,18.3,-999,-999
20-03-2012 10:00:00 AM,-4.0,1000.0,18.8,-999,-999
20-03-2012 11:00:00 AM,-4.1,1000.0,17.7,-999,-999
20-03-2012 12:00:00 PM,-6.2,1000.7,11.0,-999,-999
20-03-2012 01:00:00 PM,-7.7,1001.0,13.0,-999,-999
20-03-2012 02:00:00 PM,-7.8,1001.0,9.4,-999,-999
20-03-2012 03:00:00 PM,-8.3,1001.1,13.5,-999,-999
20-03-2012 04:00:00 PM,-7.9,1001.0,13.8,-999,-999
20-03-2012 05:00:00 PM,-8.0,1001.0,14.7,-999,-999
20-03-2012 06:00:00 PM,-8.2,1001.2,16.7,-999,-999
20-03-2012 07:00:00 PM,-8.3,1001.6,13.2,-999,-999
20-03-2012 08:00:00 PM,-8.4,1001.5,13.7,-999,-999
20-03-2012 09:00:00 PM,-9.0,1001.4,14.5,-999,-999
20-03-2012 10:00:00 PM,-8.2,1001.2,19.2,-999,-999
20-03-2012 11:00:00 PM,-8.4,1001.7,15.6,-999,-999
21-03-2012 12:00:00 AM,-8.6,1001.8,15.8,-999,-999
21-03-2012 01:00:00 AM,-8.2,1002.0,15.5,-999,-999
21-03-2012 02:00:00 AM,-8.6,1002.0,10.8,-999,-999
21-03-2012 03:00:00 AM,-8.5,1001.7,10.6,-999,-999
21-03-2012 04:00:00 AM,-8.3,1001.5,12.1,-999,-999
21-03-2012 05:00:00 AM,-7.7,1001.4,15.4,-999,-999
21-03-2012 06:00:00 AM,-7.5,1001.4,17.6,-999,-999
21-03-2012 07:00:00 AM,-7.5,1001.4,9.9,-999,-999
21-03-2012 08:00:00 AM,-6.4,1001.2,9.5,-999,-999
21-03-2012 09:00:00 AM,-4.9,1000.9,6.7,-999,-999
21-03-2012 10:00:00 AM,-5.5,1000.7,6.4,-999,-999
21-03-2012 11:00:00 AM,-5.5,1000.1,8.6,-999,-999
21-03-2012 12:00:00 PM,-2.5,999.6,5.1,-999,-999
21-03-2012 01:00:00 PM,-2.9,999.1,7.3,-999,-999
21-03-2012 02:00:00 PM,-2.2,998.2,6.7,-999,-999
21-03-2012 03:00:00 PM,-4.6,997.6,7.3,-999,-999
21-03-2012 04:00:00 PM,-6.4,996.7,5.6,-999,-999
21-03-2012 05:00:00 PM,-8.1,995.9,5.4,-999,-999
21-03-2012 06:00:00 PM,-10.0,995.7,7.3,-999,-999
21-03-2012 07:00:00 PM,-10.6,995.4,5.6,-999,-999
21-03-2012 08:00:00 PM,-10.7,995.4,8.2,-999,-999
21-03-2012 09:00:00 PM,-10.8,996.0,7.6,-999,-999
21-03-2012 10:00:00 PM,-11.5,996.2,4.4,-999,-999
21-03-2012 11:00:00 PM,-11.3,996.6,9.5,-999,-999
22-03-2012 12:00:00 AM,-11.2,996.4,5.6,-999,-999
22-03-2012 01:00:00 AM,-11.4,996.7,20.9,-999,-999
22-03-2012 02:00:00 AM,-9.6,997.7,16.0,-999,-999
22-03-2012 03:00:00 AM,-10.0,997.7,20.5,-999,-999
22-03-2012 04:00:00 AM,-9.7,997.3,22.3,-999,-999
22-03-2012 05:00:00 AM,-9.4,998.0,16.8,-999,-999
22-03-2012 06:00:00 AM,-9.4,997.7,19.4,-999,-999
22-03-2012 07:00:00 AM,-8.6,997.7,23.3,-999,-999
22-03-2012 08:00:00 AM,-9.4,998.7,17.8,-999,-999
22-03-2012 09:00:00 AM,-9.0,998.9,14.6,-999,-999
22-03-2012 10:00:00 AM,-8.1,998.8,12.6,-999,-999
22-03-2012 11:00:00 AM,-8.2,998.6,7.6,-999,-999
22-03-2012 12:00:00 PM,-7.0,998.4,7.1,-999,-999
22-03-2012 01:00:00 PM,-5.2,998.0,7.8,-999,-999
22-03-2012 02:00:00 PM,-6.8,997.7,10.3,-999,-999
22-03-2012 03:00:00 PM,-9.0,997.3,13.1,-999,-999
22-03-2012 04:00:00 PM,-9.8,996.9,10.6,-999,-999
22-03-2012 05:00:00 PM,-10.1,996.7,5.3,-999,-999
22-03-2012 06:00:00 PM,-11.2,996.7,5.2,-999,-999
22-03-2012 07:00:00 PM,-11.6,996.2,8.5,-999,-999
22-03-2012 08:00:00 PM,-10.5,995.6,17.1,-999,-999
22-03-2012 09:00:00 PM,-10.4,995.4,17.5,-999,-999
22-03-2012 10:00:00 PM,-10.8,994.9,12.7,-999,-999
22-03-2012 11:00:00 PM,-10.4,994.4,17.8,-999,-999
23-03-2012 12:00:00 AM,-12.3,994.6,19.2,-999,-999
23-03-2012 01:00:00 AM,-12.5,994.9,17.3,-999,-999
23-03-2012 02:00:00 AM,-11.8,993.9,18.6,-999,-999
23-03-2012 03:00:00 AM,-12.0,993.4,15.3,-999,-999
23-03-2012 04:00:00 AM,-11.6,992.5,15.8,-999,-999
23-03-2012 05:00:00 AM,-12.1,992.8,21.1,-999,-999
23-03-2012 06:00:00 AM,-11.7,992.2,15.2,-999,-999
23-03-2012 07:00:00 AM,-11.3,991.3,13.6,-999,-999
23-03-2012 08:00:00 AM,-10.5,991.1,13.5,-999,-999
23-03-2012 09:00:00 AM,-11.3,991.2,17.3,-999,-999
23-03-2012 10:00:00 AM,-11.0,991.5,14.6,-999,-999
23-03-2012 11:00:00 AM,-10.8,990.8,13.6,-999,-999
23-03-2012 12:00:00 PM,-10.6,990.4,9.1,-999,-999
23-03-2012 01:00:00 PM,-10.3,990.3,13.8,-999,-999
23-03-2012 02:00:00 PM,-11.0,990.3,12.6,-999,-999
23-03-2012 03:00:00 PM,-11.3,989.7,10.0,-999,-999
23-03-2012 04:00:00 PM,-12.0,989.4,12.2,-999,-999
23-03-2012 05:00:00 PM,-12.8,989.4,15.9,-999,-999
23-03-2012 06:00:00 PM,-13.1,989.4,18.6,-999,-999
23-03-2012 07:00:00 PM,-13.4,989.0,19.4,-999,-999
23-03-2012 08:00:00 PM,-13.1,988.7,18.5,-999,-999
23-03-2012 09:00:00 PM,-13.7,988.7,12.7,-999,-999
23-03-2012 10:00:00 PM,-14.5,988.4,10.8,-999,-999
23-03-2012 11:00:00 PM,-14.6,988.3,13.8,-999,-999
24-03-2012 12:00:00 AM,-14.9,988.5,14.0,-999,-999
24-03-2012 01:00:00 AM,-14.9,986.8,17.4,-999,-999
24-03-2012 02:00:00 AM,-13.8,986.6,21.4,-999,-999
24-03-2012 03:00:00 AM,-14.9,986.6,17.6,-999,-999
24-03-2012 04:00:00 AM,-14.4,986.1,20.7,-999,-999
24-03-2012 05:00:00 AM,-14.6,985.2,18.5,-999,-999
24-03-2012 06:00:00 AM,-14.3,984.8,15.7,-999,-999
24-03-2012 07:00:00 AM,-14.4,984.5,19.0,-999,-999
24-03-2012 08:00:00 AM,-13.7,985.1,19.9,-999,-999
24-03-2012 09:00:00 AM,-13.0,984.9,19.3,-999,-999
24-03-2012 10:00:00 AM,-12.3,984.1,14.5,-999,-999
24-03-2012 11:00:00 AM,-11.9,983.5,12.1,-999,-999
24-03-2012 12:00:00 PM,-11.7,982.8,10.2,-999,-999
24-03-2012 01:00:00 PM,-11.2,982.4,11.6,-999,-999
24-03-2012 02:00:00 PM,-11.6,982.6,15.2,-999,-999
24-03-2012 03:00:00 PM,-11.6,982.0,9.7,-999,-999
24-03-2012 04:00:00 PM,-11.9,981.5,11.3,-999,-999
24-03-2012 05:00:00 PM,-12.8,981.4,13.6,-999,-999
24-03-2012 06:00:00 PM,-13.3,981.6,11.5,-999,-999
24-03-2012 07:00:00 PM,-13.6,981.2,14.9,-999,-999
24-03-2012 08:00:00 PM,-13.8,981.1,17.6,-999,-999
24-03-2012 09:00:00 PM,-14.0,981.0,22.1,-999,-999
24-03-2012 10:00:00 PM,-14.0,981.1,22.2,-999,-999
24-03-2012 11:00:00 PM,-14.0,980.9,23.1,-999,-999
25-03-2012 12:00:00 AM,-14.4,980.8,21.0,-999,-999
25-03-2012 01:00:00 AM,-14.1,980.8,21.0,-999,-999
25-03-2012 02:00:00 AM,-15.0,980.6,21.5,-999,-999
25-03-2012 03:00:00 AM,-15.2,980.7,21.1,-999,-999
25-03-2012 04:00:00 AM,-14.7,980.7,23.1,-999,-999
25-03-2012 05:00:00 AM,-15.3,980.7,19.2,-999,-999
25-03-2012 06:00:00 AM,-14.9,980.8,20.5,-999,-999
25-03-2012 07:00:00 AM,-15.1,981.0,20.5,-999,-999
25-03-2012 08:00:00 AM,-14.7,981.1,20.6,-999,-999
25-03-2012 09:00:00 AM,-14.6,981.1,16.4,-999,-999
25-03-2012 10:00:00 AM,-13.7,981.4,11.6,-999,-999
25-03-2012 11:00:00 AM,-13.1,981.3,14.6,-999,-999
25-03-2012 12:00:00 PM,-12.6,981.4,13.5,-999,-999
25-03-2012 01:00:00 PM,-12.6,981.3,14.9,-999,-999
25-03-2012 02:00:00 PM,-12.3,981.3,12.3,-999,-999
25-03-2012 03:00:00 PM,-12.9,981.2,15.7,-999,-999
25-03-2012 04:00:00 PM,-13.6,981.3,16.0,-999,-999
25-03-2012 05:00:00 PM,-14.1,981.3,18.6,-999,-999
25-03-2012 06:00:00 PM,-13.9,981.4,20.3,-999,-999
25-03-2012 07:00:00 PM,-14.8,981.4,21.0,-999,-999
25-03-2012 08:00:00 PM,-15.1,981.4,23.0,-999,-999
25-03-2012 09:00:00 PM,-15.6,981.5,23.4,-999,-999
25-03-2012 10:00:00 PM,-15.1,981.4,24.8,-999,-999
25-03-2012 11:00:00 PM,-15.0,981.4,24.8,-999,-999
26-03-2012 12:00:00 AM,-15.8,981.6,24.4,-999,-999
26-03-2012 01:00:00 AM,-15.4,981.7,25.4,-999,-999
26-03-2012 02:00:00 AM,-15.7,981.7,24.3,-999,-999
26-03-2012 03:00:00 AM,-15.6,981.8,23.2,-999,-999
26-03-2012 04:00:00 AM,-15.3,981.8,23.7,-999,-999
26-03-2012 05:00:00 AM,-16.0,981.6,23.8,-999,-999
26-03-2012 06:00:00 AM,-15.7,981.6,21.1,-999,-999
26-03-2012 07:00:00 AM,-14.8,981.6,20.0,-999,-999
26-03-2012 08:00:00 AM,-13.5,981.6,27.5,-999,-999
26-03-2012 09:00:00 AM,-12.7,981.8,26.0,-999,-999
26-03-2012 10:00:00 AM,-12.9,982.1,24.5,-999,-999
26-03-2012 11:00:00 AM,-11.8,982.2,23.3,-999,-999
26-03-2012 12:00:00 PM,-11.1,982.3,24.3,-999,-999
26-03-2012 01:00:00 PM,-10.6,982.3,24.4,-999,-999
26-03-2012 02:00:00 PM,-10.4,982.8,23.2,-999,-999
26-03-2012 03:00:00 PM,-10.3,983.1,21.9,-999,-999
26-03-2012 04:00:00 PM,-10.9,984.1,14.2,-999,-999
26-03-2012 05:00:00 PM,-13.0,984.8,3.0,-999,-999
26-03-2012 06:00:00 PM,-13.0,985.3,9.0,-999,-999
26-03-2012 07:00:00 PM,-13.1,985.9,9.5,-999,-999
26-03-2012 08:00:00 PM,-12.8,986.0,17.2,-999,-999
26-03-2012 09:00:00 PM,-12.4,985.8,14.0,-999,-999
26-03-2012 10:00:00 PM,-12.5,985.8,21.2,-999,-999
26-03-2012 11:00:00 PM,-12.2,985.4,18.7,-999,-999
27-03-2012 12:00:00 AM,-12.8,985.1,28.1,-999,-999
27-03-2012 01:00:00 AM,-12.5,984.6,30.1,-999,-999
27-03-2012 02:00:00 AM,-11.8,984.2,28.6,-999,-999
27-03-2012 03:00:00 AM,-11.3,983.8,28.4,-999,-999
27-03-2012 04:00:00 AM,-10.9,983.7,26.1,-999,-999
27-03-2012 05:00:00 AM,-9.7,983.6,28.9,-999,-999
27-03-2012 06:00:00 AM,-9.2,983.6,25.6,-999,-999
27-03-2012 07:00:00 AM,-8.9,984.1,27.6,-999,-999
27-03-2012 08:00:00 AM,-8.3,984.5,24.9,-999,-999
27-03-2012 09:00:00 AM,-8.0,984.6,32.2,-999,-999
27-03-2012 10:00:00 AM,-8.2,985.2,29.3,-999,-999
27-03-2012 11:00:00 AM,-8.2,985.7,28.1,-999,-999
27-03-2012 12:00:00 PM,-8.2,986.1,30.0,-999,-999
27-03-2012 01:00:00 PM,-8.1,986.6,30.5,-999,-999
27-03-2012 02:00:00 PM,-7.9,986.6,32.2,-999,-999
27-03-2012 03:00:00 PM,-7.3,987.0,28.4,-999,-999
27-03-2012 04:00:00 PM,-7.2,987.1,32.7,-999,-999
27-03-2012 05:00:00 PM,-7.4,987.0,33.2,-999,-999
27-03-2012 06:00:00 PM,-9.2,986.8,30.3,-999,-999
27-03-2012 07:00:00 PM,-9.8,986.4,30.2,-999,-999
27-03-2012 08:00:00 PM,-9.7,986.2,33.8,-999,-999
27-03-2012 09:00:00 PM,-9.3,985.8,31.5,-999,-999
27-03-2012 10:00:00 PM,-9.9,985.3,29.9,-999,-999
27-03-2012 11:00:00 PM,-9.3,984.5,31.3,-999,-999
28-03-2012 12:00:00 AM,-9.1,983.4,34.4,-999,-999
28-03-2012 01:00:00 AM,-8.9,982.6,30.8,-999,-999
28-03-2012 02:00:00 AM,-8.3,982.0,30.2,-999,-999
28-03-2012 03:00:00 AM,-8.0,981.8,30.2,-999,-999
28-03-2012 04:00:00 AM,-7.4,981.3,33.3,-999,-999
28-03-2012 05:00:00 AM,-7.7,980.9,27.7,-999,-999
28-03-2012 06:00:00 AM,-6.6,980.6,32.3,-999,-999
28-03-2012 07:00:00 AM,-7.0,980.5,28.9,-999,-999
28-03-2012 08:00:00 AM,-6.3,980.3,27.0,-999,-999
28-03-2012 09:00:00 AM,-6.4,979.9,25.4,-999,-999
28-03-2012 10:00:00 AM,-6.9,979.1,29.4,-999,-999
28-03-2012 11:00:00 AM,-6.4,978.1,29.5,-999,-999
28-03-2012 12:00:00 PM,-6.5,977.5,30.3,-999,-999
28-03-2012 01:00:00 PM,-6.9,977.4,28.4,-999,-999
28-03-2012 02:00:00 PM,-6.8,977.2,26.0,-999,-999
28-03-2012 03:00:00 PM,-8.1,976.5,29.3,-999,-999
28-03-2012 04:00:00 PM,-8.7,975.7,32.3,-999,-999
28-03-2012 05:00:00 PM,-10.2,975.4,31.2,-999,-999
28-03-2012 06:00:00 PM,-10.8,974.8,32.4,-999,-999
28-03-2012 07:00:00 PM,-11.1,973.6,32.6,-999,-999
28-03-2012 08:00:00 PM,-11.4,972.9,26.1,-999,-999
28-03-2012 09:00:00 PM,-11.2,972.5,28.0,-999,-999
28-03-2012 10:00:00 PM,-11.2,973.4,7.7,-999,-999
28-03-2012 11:00:00 PM,-10.9,972.8,18.6,-999,-999
29-03-2012 12:00:00 AM,-9.9,973.0,18.7,-999,-999
29-03-2012 01:00:00 AM,-11.2,973.8,5.5,-999,-999
29-03-2012 02:00:00 AM,-10.2,974.1,12.7,-999,-999
29-03-2012 03:00:00 AM,-10.9,974.9,14.4,-999,-999
29-03-2012 04:00:00 AM,-9.4,975.8,11.7,-999,-999
29-03-2012 05:00:00 AM,-10.1,976.6,14.7,-999,-999
29-03-2012 06:00:00 AM,-10.6,977.1,19.8,-999,-999
29-03-2012 07:00:00 AM,-9.8,977.6,21.9,-999,-999
29-03-2012 08:00:00 AM,-8.6,978.3,23.0,-999,-999
29-03-2012 09:00:00 AM,-8.1,979.0,22.1,-999,-999
29-03-2012 10:00:00 AM,-7.1,979.4,21.2,-999,-999
29-03-2012 11:00:00 AM,-6.7,980.1,16.4,-999,-999
29-03-2012 12:00:00 PM,-6.5,980.8,15.0,-999,-999
29-03-2012 01:00:00 PM,-6.3,981.6,14.0,-999,-999
29-03-2012 02:00:00 PM,-5.9,982.4,11.8,-999,-999
29-03-2012 03:00:00 PM,-6.6,983.0,11.1,-999,-999
29-03-2012 04:00:00 PM,-6.8,983.8,13.5,-999,-999
29-03-2012 05:00:00 PM,-6.7,984.6,7.2,-999,-999
29-03-2012 06:00:00 PM,-6.6,985.3,11.3,-999,-999
29-03-2012 07:00:00 PM,-7.3,985.9,14.5,-999,-999
29-03-2012 08:00:00 PM,-7.1,986.4,11.7,-999,-999
29-03-2012 09:00:00 PM,-7.6,986.9,12.1,-999,-999
29-03-2012 10:00:00 PM,-7.2,987.6,14.7,-999,-999
29-03-2012 11:00:00 PM,-7.0,988.3,17.9,-999,-999
30-03-2012 12:00:00 AM,-7.2,988.9,16.4,-999,-999
30-03-2012 01:00:00 AM,-8.5,989.6,15.2,-999,-999
30-03-2012 02:00:00 AM,-8.9,990.0,15.6,-999,-999
30-03-2012 03:00:00 AM,-9.4,990.4,20.5,-999,-999
30-03-2012 04:00:00 AM,-11.2,990.8,23.5,-999,-999
30-03-2012 05:00:00 AM,-10.4,991.5,19.7,-999,-999
30-03-2012 06:00:00 AM,-10.8,992.1,20.1,-999,-999
30-03-2012 07:00:00 AM,-12.4,992.4,25.7,-999,-999
30-03-2012 08:00:00 AM,-11.4,993.5,20.2,-999,-999
30-03-2012 09:00:00 AM,-9.9,994.0,15.5,-999,-999
30-03-2012 10:00:00 AM,-9.6,994.5,18.3,-999,-999
30-03-2012 11:00:00 AM,-10.2,995.0,17.3,-999,-999
30-03-2012 12:00:00 PM,-9.8,995.4,15.9,-999,-999
30-03-2012 01:00:00 PM,-10.6,995.6,20.5,-999,-999
30-03-2012 02:00:00 PM,-11.2,996.2,10.2,-999,-999
30-03-2012 03:00:00 PM,-10.0,996.6,7.0,-999,-999
30-03-2012 04:00:00 PM,-11.5,997.1,10.4,-999,-999
30-03-2012 05:00:00 PM,-12.5,997.3,10.1,-999,-999
30-03-2012 06:00:00 PM,-13.2,997.9,14.6,-999,-999
30-03-2012 07:00:00 PM,-13.6,998.4,13.6,-999,-999
30-03-2012 08:00:00 PM,-12.9,998.8,14.5,-999,-999
30-03-2012 09:00:00 PM,-13.4,999.3,14.4,-999,-999
30-03-2012 10:00:00 PM,-12.2,999.5,13.2,-999,-999
30-03-2012 11:00:00 PM,-11.3,999.6,12.9,-999,-999
31-03-2012 12:00:00 AM,-12.5,999.5,15.9,-999,-999
31-03-2012 01:00:00 AM,-14.7,999.3,22.4,-999,-999
31-03-2012 02:00:00 AM,-14.1,999.8,3.2,-999,-999
31-03-2012 03:00:00 AM,-13.5,999.4,16.6,-999,-999
31-03-2012 04:00:00 AM,-13.4,999.8,9.3,-999,-999
31-03-2012 05:00:00 AM,-14.4,999.6,16.4,-999,-999
31-03-2012 06:00:00 AM,-11.0,999.7,11.3,-999,-999
31-03-2012 07:00:00 AM,-11.2,999.3,10.0,-999,-999
31-03-2012 08:00:00 AM,-12.7,999.6,5.0,-999,-999
31-03-2012 09:00:00 AM,-9.6,999.3,9.0,-999,-999
31-03-2012 10:00:00 AM,-8.5,999.9,11.7,-999,-999
31-03-2012 11:00:00 AM,-8.6,999.5,11.9,-999,-999
31-03-2012 12:00:00 PM,-7.9,999.6,6.5,-999,-999
31-03-2012 01:00:00 PM,-6.4,999.2,5.3,-999,-999
31-03-2012 02:00:00 PM,-7.7,999.2,5.1,-999,-999
31-03-2012 03:00:00 PM,-8.5,998.9,6.6,-999,-999
31-03-2012 04:00:00 PM,-10.2,998.7,8.1,-999,-999
31-03-2012 05:00:00 PM,-11.7,998.4,10.5,-999,-999
31-03-2012 06:00:00 PM,-12.2,998.8,9.9,-999,-999
31-03-2012 07:00:00 PM,-12.3,998.3,7.7,-999,-999
31-03-2012 08:00:00 PM,-12.0,998.3,8.6,-999,-999
31-03-2012 09:00:00 PM,-9.5,998.4,14.7,-999,-999
31-03-2012 10:00:00 PM,-11.1,999.0,7.3,-999,-999
31-03-2012 11:00:00 PM,-11.8,999.3,10.3,-999,-999
01-04-2012 12:00:00 AM,-10.8,999.5,14.3,-999,-999
01-04-2012 01:00:00 AM,-9.8,999.5,25.4,-999,-999
01-04-2012 02:00:00 AM,-9.6,999.3,22.8,-999,-999
01-04-2012 03:00:00 AM,-10.0,998.7,22.1,-999,-999
01-04-2012 04:00:00 AM,-9.5,998.1,21.1,-999,-999
01-04-2012 05:00:00 AM,-9.3,998.0,19.8,-999,-999
01-04-2012 06:00:00 AM,-8.8,997.6,25.2,-999,-999
01-04-2012 07:00:00 AM,-8.8,997.9,21.9,-999,-999
01-04-2012 08:00:00 AM,-8.4,997.6,23.5,-999,-999
01-04-2012 09:00:00 AM,-8.7,997.8,23.7,-999,-999
01-04-2012 10:00:00 AM,-8.2,997.8,23.8,-999,-999
01-04-2012 11:00:00 AM,-7.4,997.2,26.8,-999,-999
01-04-2012 12:00:00 PM,-7.3,997.2,27.2,-999,-999
01-04-2012 01:00:00 PM,-7.2,996.6,25.7,-999,-999
01-04-2012 02:00:00 PM,-6.6,996.4,23.1,-999,-999
01-04-2012 03:00:00 PM,-5.7,996.0,30.4,-999,-999
01-04-2012 04:00:00 PM,-6.1,995.6,28.1,-999,-999
01-04-2012 05:00:00 PM,-7.5,995.7,19.0,-999,-999
01-04-2012 06:00:00 PM,-7.0,995.5,28.8,-999,-999
01-04-2012 07:00:00 PM,-7.2,995.7,29.1,-999,-999
01-04-2012 08:00:00 PM,-7.4,995.4,25.4,-999,-999
01-04-2012 09:00:00 PM,-7.1,994.7,36.2,-999,-999
01-04-2012 10:00:00 PM,-7.0,994.2,28.3,-999,-999
01-04-2012 11:00:00 PM,-6.9,994.7,26.3,-999,-999
02-04-2012 12:00:00 AM,-7.2,993.7,27.1,-999,-999
02-04-2012 01:00:00 AM,-6.5,993.1,29.5,-999,-999
02-04-2012 02:00:00 AM,-6.2,992.3,30.7,-999,-999
02-04-2012 03:00:00 AM,-6.4,991.9,27.7,-999,-999
02-04-2012 04:00:00 AM,-6.2,991.1,31.6,-999,-999
02-04-2012 05:00:00 AM,-6.2,991.0,29.8,-999,-999
02-04-2012 06:00:00 AM,-6.3,991.1,32.5,-999,-999
02-04-2012 07:00:00 AM,-6.0,990.3,30.1,-999,-999
02-04-2012 08:00:00 AM,-4.9,989.8,32.9,-999,-999
02-04-2012 09:00:00 AM,-5.0,989.1,28.2,-999,-999
02-04-2012 10:00:00 AM,-4.5,988.7,28.9,-999,-999
02-04-2012 11:00:00 AM,-3.0,988.2,30.7,-999,-999
02-04-2012 12:00:00 PM,-3.2,988.0,27.9,-999,-999
02-04-2012 01:00:00 PM,-3.2,987.5,28.8,-999,-999
02-04-2012 02:00:00 PM,-3.5,987.2,24.6,-999,-999
02-04-2012 03:00:00 PM,-3.5,986.9,25.2,-999,-999
02-04-2012 04:00:00 PM,-4.1,986.9,25.9,-999,-999
02-04-2012 05:00:00 PM,-4.5,987.0,23.6,-999,-999
02-04-2012 06:00:00 PM,-4.4,986.9,27.3,-999,-999
02-04-2012 07:00:00 PM,-5.1,986.7,25.2,-999,-999
02-04-2012 08:00:00 PM,-5.4,987.1,22.2,-999,-999
02-04-2012 09:00:00 PM,-5.9,987.2,18.2,-999,-999
02-04-2012 10:00:00 PM,-6.4,986.9,18.4,-999,-999
02-04-2012 11:00:00 PM,-5.9,986.8,18.8,-999,-999
03-04-2012 12:00:00 AM,-7.1,986.5,19.1,-999,-999
03-04-2012 01:00:00 AM,-7.3,986.0,26.1,-999,-999
03-04-2012 02:00:00 AM,-7.4,986.2,25.1,-999,-999
03-04-2012 03:00:00 AM,-7.7,986.4,24.3,-999,-999
03-04-2012 04:00:00 AM,-7.8,986.4,23.3,-999,-999
03-04-2012 05:00:00 AM,-8.1,986.3,27.8,-999,-999
03-04-2012 06:00:00 AM,-6.7,985.9,28.4,-999,-999
03-04-2012 07:00:00 AM,-6.9,985.8,29.9,-999,-999
03-04-2012 08:00:00 AM,-6.9,985.9,31.8,-999,-999
03-04-2012 09:00:00 AM,-6.0,985.7,34.5,-999,-999
03-04-2012 10:00:00 AM,-5.4,986.3,26.6,-999,-999
03-04-2012 11:00:00 AM,-4.1,986.1,35.5,-999,-999
03-04-2012 12:00:00 PM,-4.3,986.1,34.0,-999,-999
03-04-2012 01:00:00 PM,-3.9,986.3,31.3,-999,-999
03-04-2012 02:00:00 PM,-3.7,986.6,30.0,-999,-999
03-04-2012 03:00:00 PM,-3.9,987.2,32.1,-999,-999
03-04-2012 04:00:00 PM,-3.9,987.8,32.3,-999,-999
03-04-2012 05:00:00 PM,-4.5,988.8,29.1,-999,-999
03-04-2012 06:00:00 PM,-4.3,989.2,29.4,-999,-999
03-04-2012 07:00:00 PM,-4.6,990.3,23.1,-999,-999
03-04-2012 08:00:00 PM,-4.7,990.8,23.0,-999,-999
03-04-2012 09:00:00 PM,-5.1,991.3,16.5,-999,-999
03-04-2012 10:00:00 PM,-5.6,991.8,15.1,-999,-999
03-04-2012 11:00:00 PM,-5.9,992.0,19.0,-999,-999
04-04-2012 12:00:00 AM,-6.0,992.4,18.8,-999,-999
04-04-2012 01:00:00 AM,-5.9,992.5,18.4,-999,-999
04-04-2012 02:00:00 AM,-6.0,992.6,15.0,-999,-999
04-04-2012 03:00:00 AM,-6.3,992.7,12.4,-999,-999
04-04-2012 04:00:00 AM,-6.2,992.8,14.3,-999,-999
04-04-2012 05:00:00 AM,-6.6,992.9,11.9,-999,-999
04-04-2012 06:00:00 AM,-7.0,992.8,8.2,-999,-999
04-04-2012 07:00:00 AM,-7.7,993.2,7.0,-999,-999
04-04-2012 08:00:00 AM,-7.9,993.0,7.1,-999,-999
04-04-2012 09:00:00 AM,-8.0,992.7,8.3,-999,-999
04-04-2012 10:00:00 AM,-8.6,992.7,8.4,-999,-999
04-04-2012 11:00:00 AM,-8.0,992.6,5.6,-999,-999
04-04-2012 12:00:00 PM,-8.0,992.3,10.1,-999,-999
04-04-2012 01:00:00 PM,-8.1,992.2,9.2,-999,-999
04-04-2012 02:00:00 PM,-8.6,991.7,10.2,-999,-999
04-04-2012 03:00:00 PM,-8.7,991.2,6.8,-999,-999
04-04-2012 04:00:00 PM,-9.0,990.9,7.3,-999,-999
04-04-2012 05:00:00 PM,-9.7,991.0,9.6,-999,-999
04-04-2012 06:00:00 PM,-10.5,991.0,8.9,-999,-999
04-04-2012 07:00:00 PM,-10.6,990.9,6.9,-999,-999
04-04-2012 08:00:00 PM,-10.3,990.7,8.9,-999,-999
04-04-2012 09:00:00 PM,-10.4,990.5,8.7,-999,-999
04-04-2012 10:00:00 PM,-10.6,989.9,6.8,-999,-999
04-04-2012 11:00:00 PM,-10.6,989.5,1.6,-999,-999
05-04-2012 12:00:00 AM,-10.5,989.2,4.3,-999,-999
05-04-2012 01:00:00 AM,-11.0,988.4,11.2,-999,-999
05-04-2012 02:00:00 AM,-11.2,988.0,12.4,-999,-999
05-04-2012 03:00:00 AM,-11.4,987.3,18.7,-999,-999
05-04-2012 04:00:00 AM,-12.9,986.9,21.6,-999,-999
05-04-2012 05:00:00 AM,-12.9,986.3,18.8,-999,-999
05-04-2012 06:00:00 AM,-13.8,985.9,24.4,-999,-999
05-04-2012 07:00:00 AM,-13.7,985.5,24.1,-999,-999
05-04-2012 08:00:00 AM,-13.7,985.0,23.7,-999,-999
05-04-2012 09:00:00 AM,-13.6,984.7,24.5,-999,-999
05-04-2012 10:00:00 AM,-13.2,984.4,25.7,-999,-999
05-04-2012 11:00:00 AM,-13.3,983.8,24.6,-999,-999
05-04-2012 12:00:00 PM,-12.8,983.9,7.5,-999,-999
05-04-2012 01:00:00 PM,-12.5,983.2,19.1,-999,-999
05-04-2012 02:00:00 PM,-12.2,983.2,12.5,-999,-999
05-04-2012 03:00:00 PM,-12.5,982.8,15.6,-999,-999
05-04-2012 04:00:00 PM,-12.6,982.7,14.0,-999,-999
05-04-2012 05:00:00 PM,-13.6,982.7,14.6,-999,-999
05-04-2012 06:00:00 PM,-13.1,982.6,15.5,-999,-999
05-04-2012 07:00:00 PM,-14.6,982.6,21.6,-999,-999
05-04-2012 08:00:00 PM,-14.3,982.8,22.4,-999,-999
05-04-2012 09:00:00 PM,-14.3,982.8,22.2,-999,-999
05-04-2012 10:00:00 PM,-14.5,983.1,19.8,-999,-999
05-04-2012 11:00:00 PM,-15.0,983.4,20.3,-999,-999
06-04-2012 12:00:00 AM,-14.1,983.8,18.9,-999,-999
06-04-2012 01:00:00 AM,-13.4,984.4,18.9,-999,-999
06-04-2012 02:00:00 AM,-13.3,985.0,20.0,-999,-999
06-04-2012 03:00:00 AM,-14.3,985.4,19.1,-999,-999
06-04-2012 04:00:00 AM,-13.4,986.1,20.5,-999,-999
06-04-2012 05:00:00 AM,-13.9,986.5,16.9,-999,-999
06-04-2012 06:00:00 AM,-14.2,987.2,19.4,-999,-999
06-04-2012 07:00:00 AM,-13.6,988.0,20.0,-999,-999
06-04-2012 08:00:00 AM,-13.6,988.3,21.9,-999,-999
06-04-2012 09:00:00 AM,-13.5,988.9,21.5,-999,-999
06-04-2012 10:00:00 AM,-12.1,989.7,22.5,-999,-999
06-04-2012 11:00:00 AM,-11.4,990.4,19.5,-999,-999
06-04-2012 12:00:00 PM,-10.8,991.3,20.3,-999,-999
06-04-2012 01:00:00 PM,-10.0,991.8,16.3,-999,-999
06-04-2012 02:00:00 PM,-10.0,992.2,17.9,-999,-999
06-04-2012 03:00:00 PM,-10.1,992.3,20.7,-999,-999
06-04-2012 04:00:00 PM,-10.3,992.9,21.3,-999,-999
06-04-2012 05:00:00 PM,-10.4,993.6,23.6,-999,-999
06-04-2012 06:00:00 PM,-10.2,994.3,22.4,-999,-999
06-04-2012 07:00:00 PM,-10.4,994.7,21.2,-999,-999
06-04-2012 08:00:00 PM,-10.2,995.5,18.8,-999,-999
06-04-2012 09:00:00 PM,-9.4,996.1,19.4,-999,-999
06-04-2012 10:00:00 PM,-9.5,996.6,21.1,-999,-999
06-04-2012 11:00:00 PM,-10.4,997.1,18.3,-999,-999
07-04-2012 12:00:00 AM,-10.5,997.6,17.9,-999,-999
07-04-2012 01:00:00 AM,-11.6,998.3,18.0,-999,-999
07-04-2012 02:00:00 AM,-10.7,999.3,20.9,-999,-999
07-04-2012 03:00:00 AM,-10.3,999.4,22.8,-999,-999
07-04-2012 04:00:00 AM,-10.4,999.6,20.1,-999,-999
07-04-2012 05:00:00 AM,-10.7,999.4,27.7,-999,-999
07-04-2012 06:00:00 AM,-11.7,1000.3,26.2,-999,-999
07-04-2012 07:00:00 AM,-12.7,1000.7,21.5,-999,-999
07-04-2012 08:00:00 AM,-12.5,1000.7,27.0,-999,-999
07-04-2012 09:00:00 AM,-12.4,1000.9,25.7,-999,-999
07-04-2012 10:00:00 AM,-11.8,1001.1,24.7,-999,-999
07-04-2012 11:00:00 AM,-10.5,1000.5,24.8,-999,-999
07-04-2012 12:00:00 PM,-10.3,1000.6,23.1,-999,-999
07-04-2012 01:00:00 PM,-10.6,1000.5,23.1,-999,-999
07-04-2012 02:00:00 PM,-10.4,1000.8,21.3,-999,-999
07-04-2012 03:00:00 PM,-10.8,1000.5,22.5,-999,-999
07-04-2012 04:00:00 PM,-11.2,1000.1,25.6,-999,-999
07-04-2012 05:00:00 PM,-11.5,999.5,23.4,-999,-999
07-04-2012 06:00:00 PM,-10.8,999.7,21.5,-999,-999
07-04-2012 07:00:00 PM,-10.1,999.5,28.2,-999,-999
07-04-2012 08:00:00 PM,-10.2,998.7,31.3,-999,-999
07-04-2012 09:00:00 PM,-10.3,998.3,30.5,-999,-999
07-04-2012 10:00:00 PM,-10.0,998.2,29.0,-999,-999
07-04-2012 11:00:00 PM,-9.8,998.1,28.1,-999,-999
08-04-2012 12:00:00 AM,-10.2,997.7,24.9,-999,-999
08-04-2012 01:00:00 AM,-10.4,997.4,26.0,-999,-999
08-04-2012 02:00:00 AM,-10.7,997.1,26.9,-999,-999
08-04-2012 03:00:00 AM,-11.2,996.3,25.7,-999,-999
08-04-2012 04:00:00 AM,-10.8,996.1,27.2,-999,-999
08-04-2012 05:00:00 AM,-10.7,995.8,27.1,-999,-999
08-04-2012 06:00:00 AM,-10.3,995.2,26.9,-999,-999
08-04-2012 07:00:00 AM,-10.5,994.8,23.1,-999,-999
08-04-2012 08:00:00 AM,-11.7,994.4,25.1,-999,-999
08-04-2012 09:00:00 AM,-11.5,994.1,26.0,-999,-999
08-04-2012 10:00:00 AM,-11.3,993.3,25.2,-999,-999
08-04-2012 11:00:00 AM,-11.0,992.8,23.1,-999,-999
08-04-2012 12:00:00 PM,-11.0,992.5,25.2,-999,-999
08-04-2012 01:00:00 PM,-10.7,992.7,4.9,-999,-999
08-04-2012 02:00:00 PM,-9.8,992.2,5.9,-999,-999
08-04-2012 03:00:00 PM,-11.6,991.3,13.5,-999,-999
08-04-2012 04:00:00 PM,-12.9,990.8,15.2,-999,-999
08-04-2012 05:00:00 PM,-13.2,990.2,8.8,-999,-999
08-04-2012 06:00:00 PM,-13.5,989.6,8.0,-999,-999
08-04-2012 07:00:00 PM,-14.3,989.0,5.8,-999,-999
08-04-2012 08:00:00 PM,-14.9,988.3,5.3,-999,-999
08-04-2012 09:00:00 PM,-15.6,987.5,17.0,-999,-999
08-04-2012 10:00:00 PM,-16.5,986.4,18.9,-999,-999
08-04-2012 11:00:00 PM,-15.9,985.7,5.8,-999,-999
09-04-2012 12:00:00 AM,-15.9,985.0,7.3,-999,-999
09-04-2012 01:00:00 AM,-17.5,984.3,4.9,-999,-999
09-04-2012 02:00:00 AM,-18.5,983.7,6.0,-999,-999
09-04-2012 03:00:00 AM,-19.2,983.0,5.8,-999,-999
09-04-2012 04:00:00 AM,-19.5,982.6,5.4,-999,-999
09-04-2012 05:00:00 AM,-19.5,982.3,6.2,-999,-999
09-04-2012 06:00:00 AM,-18.8,981.4,6.1,-999,-999
09-04-2012 07:00:00 AM,-19.1,981.1,5.1,-999,-999
09-04-2012 08:00:00 AM,-19.8,981.0,5.9,-999,-999
09-04-2012 09:00:00 AM,-17.9,980.4,6.2,-999,-999
09-04-2012 10:00:00 AM,-17.0,980.5,7.5,-999,-999
09-04-2012 11:00:00 AM,-18.4,980.2,5.6,-999,-999
09-04-2012 12:00:00 PM,-17.1,979.9,10.3,-999,-999
09-04-2012 01:00:00 PM,-16.0,979.7,3.4,-999,-999
09-04-2012 02:00:00 PM,-16.4,980.2,9.5,-999,-999
09-04-2012 03:00:00 PM,-17.2,980.7,14.6,-999,-999
09-04-2012 04:00:00 PM,-18.5,980.9,12.3,-999,-999
09-04-2012 05:00:00 PM,-19.0,981.3,12.5,-999,-999
09-04-2012 06:00:00 PM,-19.2,981.4,9.4,-999,-999
09-04-2012 07:00:00 PM,-18.9,981.3,11.8,-999,-999
09-04-2012 08:00:00 PM,-18.1,981.3,17.5,-999,-999
09-04-2012 09:00:00 PM,-18.4,981.7,22.7,-999,-999
09-04-2012 10:00:00 PM,-18.7,982.1,17.7,-999,-999
09-04-2012 11:00:00 PM,-18.5,982.9,18.6,-999,-999
10-04-2012 12:00:00 AM,-18.6,983.4,17.1,-999,-999
10-04-2012 01:00:00 AM,-18.9,983.5,13.2,-999,-999
10-04-2012 02:00:00 AM,-19.0,983.9,8.0,-999,-999
10-04-2012 03:00:00 AM,-21.5,983.8,10.6,-999,-999
10-04-2012 04:00:00 AM,-21.6,984.4,11.5,-999,-999
10-04-2012 05:00:00 AM,-21.9,984.2,20.5,-999,-999
10-04-2012 06:00:00 AM,-21.8,984.9,8.7,-999,-999
10-04-2012 07:00:00 AM,-22.0,985.3,10.1,-999,-999
10-04-2012 08:00:00 AM,-19.8,984.9,15.8,-999,-999
10-04-2012 09:00:00 AM,-20.8,985.7,5.7,-999,-999
10-04-2012 10:00:00 AM,-17.5,985.5,4.0,-999,-999
10-04-2012 11:00:00 AM,-17.5,985.3,18.8,-999,-999
10-04-2012 12:00:00 PM,-16.9,985.2,18.7,-999,-999
10-04-2012 01:00:00 PM,-16.8,985.6,19.9,-999,-999
10-04-2012 02:00:00 PM,-16.2,986.0,14.0,-999,-999
10-04-2012 03:00:00 PM,-15.9,985.7,20.1,-999,-999
10-04-2012 04:00:00 PM,-16.4,985.5,19.6,-999,-999
10-04-2012 05:00:00 PM,-16.6,985.7,21.9,-999,-999
10-04-2012 06:00:00 PM,-16.7,986.1,19.0,-999,-999
10-04-2012 07:00:00 PM,-16.3,986.1,21.7,-999,-999
10-04-2012 08:00:00 PM,-16.3,986.4,20.2,-999,-999
10-04-2012 09:00:00 PM,-16.4,986.6,23.9,-999,-999
10-04-2012 10:00:00 PM,-16.1,986.4,24.4,-999,-999
10-04-2012 11:00:00 PM,-15.9,985.9,25.0,-999,-999
11-04-2012 12:00:00 AM,-15.6,985.6,25.6,-999,-999
11-04-2012 01:00:00 AM,-15.5,985.7,24.2,-999,-999
11-04-2012 02:00:00 AM,-15.1,985.8,23.5,-999,-999
11-04-2012 03:00:00 AM,-14.8,985.6,22.5,-999,-999
11-04-2012 04:00:00 AM,-14.9,985.4,22.5,-999,-999
11-04-2012 05:00:00 AM,-14.9,985.4,23.5,-999,-999
11-04-2012 06:00:00 AM,-14.7,985.3,21.0,-999,-999
11-04-2012 07:00:00 AM,-14.1,985.9,20.0,-999,-999
11-04-2012 08:00:00 AM,-14.0,986.0,19.0,-999,-999
11-04-2012 09:00:00 AM,-12.7,986.0,15.5,-999,-999
11-04-2012 10:00:00 AM,-12.4,985.8,17.2,-999,-999
11-04-2012 11:00:00 AM,-14.2,985.6,21.4,-999,-999
11-04-2012 12:00:00 PM,-14.1,986.2,19.0,-999,-999
11-04-2012 01:00:00 PM,-12.9,986.4,16.3,-999,-999
11-04-2012 02:00:00 PM,-13.2,986.2,20.8,-999,-999
11-04-2012 03:00:00 PM,-13.1,986.5,20.6,-999,-999
11-04-2012 04:00:00 PM,-13.7,986.7,18.3,-999,-999
11-04-2012 05:00:00 PM,-14.6,986.9,18.7,-999,-999
11-04-2012 06:00:00 PM,-14.6,987.1,19.3,-999,-999
11-04-2012 07:00:00 PM,-16.0,987.4,5.4,-999,-999
11-04-2012 08:00:00 PM,-15.2,987.0,19.5,-999,-999
11-04-2012 09:00:00 PM,-15.1,987.0,14.1,-999,-999
11-04-2012 10:00:00 PM,-15.0,986.7,19.2,-999,-999
11-04-2012 11:00:00 PM,-15.1,986.6,7.2,-999,-999
12-04-2012 12:00:00 AM,-15.2,986.0,17.8,-999,-999
12-04-2012 01:00:00 AM,-15.5,985.7,20.1,-999,-999
12-04-2012 02:00:00 AM,-15.5,984.8,24.8,-999,-999
12-04-2012 03:00:00 AM,-15.6,984.4,20.6,-999,-999
12-04-2012 04:00:00 AM,-15.8,983.9,22.1,-999,-999
12-04-2012 05:00:00 AM,-16.4,983.7,23.6,-999,-999
12-04-2012 06:00:00 AM,-16.2,983.4,21.7,-999,-999
12-04-2012 07:00:00 AM,-16.3,983.3,20.9,-999,-999
12-04-2012 08:00:00 AM,-15.7,982.7,21.0,-999,-999
12-04-2012 09:00:00 AM,-15.4,982.3,21.1,-999,-999
12-04-2012 10:00:00 AM,-14.7,982.0,23.6,-999,-999
12-04-2012 11:00:00 AM,-14.0,981.6,21.0,-999,-999
12-04-2012 12:00:00 PM,-13.8,981.4,19.2,-999,-999
12-04-2012 01:00:00 PM,-14.8,981.1,19.1,-999,-999
12-04-2012 02:00:00 PM,-15.5,980.9,18.7,-999,-999
12-04-2012 03:00:00 PM,-16.5,980.5,24.7,-999,-999
12-04-2012 04:00:00 PM,-16.5,980.3,21.8,-999,-999
12-04-2012 05:00:00 PM,-16.7,980.4,21.2,-999,-999
12-04-2012 06:00:00 PM,-17.0,980.1,22.1,-999,-999
12-04-2012 07:00:00 PM,-17.7,980.4,5.3,-999,-999
12-04-2012 08:00:00 PM,-18.3,980.5,18.4,-999,-999
12-04-2012 09:00:00 PM,-16.4,980.7,14.8,-999,-999
12-04-2012 10:00:00 PM,-18.1,980.8,7.3,-999,-999
12-04-2012 11:00:00 PM,-18.0,981.1,10.2,-999,-999
13-04-2012 12:00:00 AM,-19.4,981.2,4.8,-999,-999
13-04-2012 01:00:00 AM,-19.7,981.7,12.5,-999,-999
13-04-2012 02:00:00 AM,-19.0,981.8,11.1,-999,-999
13-04-2012 03:00:00 AM,-18.9,982.3,6.6,-999,-999
13-04-2012 04:00:00 AM,-18.8,982.9,3.4,-999,-999
13-04-2012 05:00:00 AM,-20.3,983.4,4.5,-999,-999
13-04-2012 06:00:00 AM,-20.6,984.2,4.1,-999,-999
13-04-2012 07:00:00 AM,-21.2,984.6,12.8,-999,-999
13-04-2012 08:00:00 AM,-21.0,985.3,13.8,-999,-999
13-04-2012 09:00:00 AM,-19.9,986.1,9.6,-999,-999
13-04-2012 10:00:00 AM,-18.5,986.5,5.7,-999,-999
13-04-2012 11:00:00 AM,-18.9,986.6,10.4,-999,-999
13-04-2012 12:00:00 PM,-18.4,986.8,8.9,-999,-999
13-04-2012 01:00:00 PM,-18.6,986.8,7.8,-999,-999
13-04-2012 02:00:00 PM,-19.8,987.2,10.1,-999,-999
13-04-2012 03:00:00 PM,-20.7,987.3,14.7,-999,-999
13-04-2012 04:00:00 PM,-21.0,987.5,2.2,-999,-999
13-04-2012 05:00:00 PM,-21.4,987.8,5.6,-999,-999
13-04-2012 06:00:00 PM,-21.0,988.1,4.3,-999,-999
13-04-2012 07:00:00 PM,-20.5,988.4,5.9,-999,-999
13-04-2012 08:00:00 PM,-21.4,988.0,19.1,-999,-999
13-04-2012 09:00:00 PM,-20.0,987.9,7.3,-999,-999
13-04-2012 10:00:00 PM,-23.6,988.1,7.4,-999,-999
13-04-2012 11:00:00 PM,-23.5,988.1,2.7,-999,-999
14-04-2012 12:00:00 AM,-22.4,988.8,4.4,-999,-999
14-04-2012 01:00:00 AM,-17.7,988.6,16.0,-999,-999
14-04-2012 02:00:00 AM,-19.7,988.6,7.3,-999,-999
14-04-2012 03:00:00 AM,-20.6,988.5,10.1,-999,-999
14-04-2012 04:00:00 AM,-20.1,988.4,8.8,-999,-999
14-04-2012 05:00:00 AM,-20.0,989.3,8.0,-999,-999
14-04-2012 06:00:00 AM,-19.5,989.2,2.1,-999,-999
14-04-2012 07:00:00 AM,-19.5,989.2,9.1,-999,-999
14-04-2012 08:00:00 AM,-19.7,989.3,9.2,-999,-999
14-04-2012 09:00:00 AM,-19.9,990.2,5.2,-999,-999
14-04-2012 10:00:00 AM,-20.7,990.4,5.4,-999,-999
14-04-2012 11:00:00 AM,-19.9,990.4,5.5,-999,-999
14-04-2012 12:00:00 PM,-18.4,990.7,6.5,-999,-999
14-04-2012 01:00:00 PM,-17.3,990.8,6.9,-999,-999
14-04-2012 02:00:00 PM,-16.6,990.8,5.1,-999,-999
14-04-2012 03:00:00 PM,-17.4,991.2,5.5,-999,-999
14-04-2012 04:00:00 PM,-18.3,991.5,4.4,-999,-999
14-04-2012 05:00:00 PM,-18.4,991.6,5.2,-999,-999
14-04-2012 06:00:00 PM,-18.7,992.1,4.4,-999,-999
14-04-2012 07:00:00 PM,-16.8,992.1,7.5,-999,-999
14-04-2012 08:00:00 PM,-19.1,992.9,5.8,-999,-999
14-04-2012 09:00:00 PM,-18.3,993.0,2.6,-999,-999
14-04-2012 10:00:00 PM,-17.1,993.2,6.0,-999,-999
14-04-2012 11:00:00 PM,-15.4,992.6,11.6,-999,-999
15-04-2012 12:00:00 AM,-16.2,993.1,6.1,-999,-999
15-04-2012 01:00:00 AM,-16.8,993.2,5.8,-999,-999
15-04-2012 02:00:00 AM,-18.0,993.9,7.8,-999,-999
15-04-2012 03:00:00 AM,-18.4,994.3,8.5,-999,-999
15-04-2012 04:00:00 AM,-19.0,994.6,4.9,-999,-999
15-04-2012 05:00:00 AM,-17.6,994.8,11.9,-999,-999
15-04-2012 06:00:00 AM,-18.2,994.9,8.4,-999,-999
15-04-2012 07:00:00 AM,-17.1,994.9,13.0,-999,-999
15-04-2012 08:00:00 AM,-16.9,994.9,18.0,-999,-999
15-04-2012 09:00:00 AM,-17.1,995.3,20.2,-999,-999
15-04-2012 10:00:00 AM,-17.1,995.3,18.9,-999,-999
15-04-2012 11:00:00 AM,-16.8,994.6,21.2,-999,-999
15-04-2012 12:00:00 PM,-15.9,994.1,14.7,-999,-999
15-04-2012 01:00:00 PM,-15.4,993.8,17.2,-999,-999
15-04-2012 02:00:00 PM,-15.0,993.0,18.5,-999,-999
15-04-2012 03:00:00 PM,-14.9,992.4,15.6,-999,-999
15-04-2012 04:00:00 PM,-15.3,991.5,15.5,-999,-999
15-04-2012 05:00:00 PM,-15.2,990.8,14.9,-999,-999
15-04-2012 06:00:00 PM,-15.3,990.2,12.6,-999,-999
15-04-2012 07:00:00 PM,-15.1,989.6,10.7,-999,-999
15-04-2012 08:00:00 PM,-15.3,988.8,11.7,-999,-999
15-04-2012 09:00:00 PM,-15.3,988.1,17.2,-999,-999
15-04-2012 10:00:00 PM,-15.3,987.4,13.6,-999,-999
15-04-2012 11:00:00 PM,-14.7,986.5,13.7,-999,-999
16-04-2012 12:00:00 AM,-14.4,985.0,13.6,-999,-999
16-04-2012 01:00:00 AM,-12.7,983.5,23.6,-999,-999
16-04-2012 02:00:00 AM,-12.3,982.3,20.7,-999,-999
16-04-2012 03:00:00 AM,-11.2,981.7,23.3,-999,-999
16-04-2012 04:00:00 AM,-12.0,981.0,18.3,-999,-999
16-04-2012 05:00:00 AM,-12.1,981.0,6.0,-999,-999
16-04-2012 06:00:00 AM,-13.2,980.0,8.2,-999,-999
16-04-2012 07:00:00 AM,-13.6,978.8,24.4,-999,-999
16-04-2012 08:00:00 AM,-14.4,978.8,6.2,-999,-999
16-04-2012 09:00:00 AM,-14.2,978.1,6.6,-999,-999
16-04-2012 10:00:00 AM,-12.7,977.0,1.8,-999,-999
16-04-2012 11:00:00 AM,-13.7,976.2,6.9,-999,-999
16-04-2012 12:00:00 PM,-13.0,974.2,28.9,-999,-999
16-04-2012 01:00:00 PM,-12.9,973.3,29.8,-999,-999
16-04-2012 02:00:00 PM,-13.2,972.3,24.7,-999,-999
16-04-2012 03:00:00 PM,-13.5,971.8,25.4,-999,-999
16-04-2012 04:00:00 PM,-12.9,972.8,2.9,-999,-999
16-04-2012 05:00:00 PM,-12.4,972.8,5.7,-999,-999
16-04-2012 06:00:00 PM,-13.0,972.0,21.4,-999,-999
16-04-2012 07:00:00 PM,-14.0,971.9,25.8,-999,-999
16-04-2012 08:00:00 PM,-13.3,971.6,25.7,-999,-999
16-04-2012 09:00:00 PM,-12.8,971.4,20.3,-999,-999
16-04-2012 10:00:00 PM,-12.8,971.3,19.7,-999,-999
16-04-2012 11:00:00 PM,-12.0,971.3,27.2,-999,-999
17-04-2012 12:00:00 AM,-11.0,971.4,28.0,-999,-999
17-04-2012 01:00:00 AM,-9.7,971.7,24.3,-999,-999
17-04-2012 02:00:00 AM,-9.1,971.8,24.8,-999,-999
17-04-2012 03:00:00 AM,-8.7,971.8,23.6,-999,-999
17-04-2012 04:00:00 AM,-8.8,972.0,22.2,-999,-999
17-04-2012 05:00:00 AM,-8.2,972.3,24.3,-999,-999
17-04-2012 06:00:00 AM,-8.1,972.5,24.2,-999,-999
17-04-2012 07:00:00 AM,-7.3,973.0,22.4,-999,-999
17-04-2012 08:00:00 AM,-7.1,973.4,22.7,-999,-999
17-04-2012 09:00:00 AM,-7.1,973.7,22.7,-999,-999
17-04-2012 10:00:00 AM,-7.0,974.2,22.2,-999,-999
17-04-2012 11:00:00 AM,-6.8,974.8,20.1,-999,-999
17-04-2012 12:00:00 PM,-6.1,975.3,19.4,-999,-999
17-04-2012 01:00:00 PM,-5.7,975.7,16.1,-999,-999
17-04-2012 02:00:00 PM,-5.8,976.1,12.4,-999,-999
17-04-2012 03:00:00 PM,-5.4,976.5,14.2,-999,-999
17-04-2012 04:00:00 PM,-5.1,977.3,17.4,-999,-999
17-04-2012 05:00:00 PM,-4.1,977.9,26.0,-999,-999
17-04-2012 06:00:00 PM,-4.3,978.3,30.8,-999,-999
17-04-2012 07:00:00 PM,-4.4,978.8,25.4,-999,-999
17-04-2012 08:00:00 PM,-4.6,979.2,21.7,-999,-999
17-04-2012 09:00:00 PM,-4.6,979.3,24.9,-999,-999
17-04-2012 10:00:00 PM,-4.8,979.5,23.7,-999,-999
17-04-2012 11:00:00 PM,-4.3,980.0,25.9,-999,-999
18-04-2012 12:00:00 AM,-4.3,980.2,26.7,-999,-999
18-04-2012 01:00:00 AM,-4.9,980.3,28.2,-999,-999
18-04-2012 02:00:00 AM,-5.8,980.6,24.7,-999,-999
18-04-2012 03:00:00 AM,-5.6,980.6,25.4,-999,-999
18-04-2012 04:00:00 AM,-5.6,981.1,22.2,-999,-999
18-04-2012 05:00:00 AM,-5.8,981.2,23.2,-999,-999
18-04-2012 06:00:00 AM,-6.0,981.6,19.7,-999,-999
18-04-2012 07:00:00 AM,-5.6,982.6,18.4,-999,-999
18-04-2012 08:00:00 AM,-6.7,983.0,20.2,-999,-999
18-04-2012 09:00:00 AM,-6.7,983.0,17.5,-999,-999
18-04-2012 10:00:00 AM,-6.3,983.1,8.2,-999,-999
18-04-2012 11:00:00 AM,-5.7,983.4,9.9,-999,-999
18-04-2012 12:00:00 PM,-5.9,983.6,5.3,-999,-999
18-04-2012 01:00:00 PM,-6.9,983.6,6.4,-999,-999
18-04-2012 02:00:00 PM,-8.4,984.0,9.8,-999,-999
18-04-2012 03:00:00 PM,-9.1,984.2,10.9,-999,-999
18-04-2012 04:00:00 PM,-9.5,984.3,7.3,-999,-999
18-04-2012 05:00:00 PM,-11.1,985.0,8.2,-999,-999
18-04-2012 06:00:00 PM,-12.0,985.3,8.6,-999,-999
18-04-2012 07:00:00 PM,-12.2,985.7,9.1,-999,-999
18-04-2012 08:00:00 PM,-12.0,985.8,9.4,-999,-999
18-04-2012 09:00:00 PM,-13.1,986.0,1.1,-999,-999
18-04-2012 10:00:00 PM,-14.8,986.0,18.1,-999,-999
18-04-2012 11:00:00 PM,-15.2,986.6,14.9,-999,-999
19-04-2012 12:00:00 AM,-13.4,986.7,9.0,-999,-999
19-04-2012 01:00:00 AM,-15.9,986.4,20.1,-999,-999
19-04-2012 02:00:00 AM,-16.3,986.6,19.0,-999,-999
19-04-2012 03:00:00 AM,-16.5,987.0,19.3,-999,-999
19-04-2012 04:00:00 AM,-15.2,987.4,9.5,-999,-999
19-04-2012 05:00:00 AM,-17.3,987.6,23.4,-999,-999
19-04-2012 06:00:00 AM,-16.3,988.2,6.6,-999,-999
19-04-2012 07:00:00 AM,-17.6,989.1,6.0,-999,-999
19-04-2012 08:00:00 AM,-15.6,989.1,15.5,-999,-999
19-04-2012 09:00:00 AM,-15.7,989.4,15.5,-999,-999
19-04-2012 10:00:00 AM,-16.1,990.1,18.0,-999,-999
19-04-2012 11:00:00 AM,-15.4,990.6,14.8,-999,-999
19-04-2012 12:00:00 PM,-15.3,990.9,15.3,-999,-999
19-04-2012 01:00:00 PM,-16.0,991.0,17.1,-999,-999
19-04-2012 02:00:00 PM,-16.8,991.4,13.8,-999,-999
19-04-2012 03:00:00 PM,-16.3,991.8,8.0,-999,-999
19-04-2012 04:00:00 PM,-16.5,991.9,5.2,-999,-999
19-04-2012 05:00:00 PM,-16.6,992.5,4.9,-999,-999
19-04-2012 06:00:00 PM,-17.7,992.8,5.1,-999,-999
19-04-2012 07:00:00 PM,-17.6,992.7,4.3,-999,-999
19-04-2012 08:00:00 PM,-16.3,992.9,3.8,-999,-999
19-04-2012 09:00:00 PM,-16.1,992.8,4.9,-999,-999
19-04-2012 10:00:00 PM,-15.7,992.9,4.7,-999,-999
19-04-2012 11:00:00 PM,-15.6,992.7,4.7,-999,-999
20-04-2012 12:00:00 AM,-15.4,992.7,6.0,-999,-999
20-04-2012 01:00:00 AM,-13.6,992.5,8.2,-999,-999
20-04-2012 02:00:00 AM,-14.3,992.3,12.4,-999,-999
20-04-2012 03:00:00 AM,-12.9,992.4,15.2,-999,-999
20-04-2012 04:00:00 AM,-13.1,992.5,12.0,-999,-999
20-04-2012 05:00:00 AM,-13.2,992.5,12.4,-999,-999
20-04-2012 06:00:00 AM,-13.7,992.5,11.3,-999,-999
20-04-2012 07:00:00 AM,-14.3,992.1,15.1,-999,-999
20-04-2012 08:00:00 AM,-14.4,991.2,16.1,-999,-999
20-04-2012 09:00:00 AM,-14.2,990.9,17.7,-999,-999
20-04-2012 10:00:00 AM,-13.9,990.1,14.8,-999,-999
20-04-2012 11:00:00 AM,-13.5,989.3,19.1,-999,-999
20-04-2012 12:00:00 PM,-13.5,988.4,24.9,-999,-999
20-04-2012 01:00:00 PM,-13.2,987.9,21.7,-999,-999
20-04-2012 02:00:00 PM,-13.2,987.0,22.7,-999,-999
20-04-2012 03:00:00 PM,-12.8,986.0,23.4,-999,-999
20-04-2012 04:00:00 PM,-12.7,986.1,22.9,-999,-999
20-04-2012 05:00:00 PM,-12.6,986.3,20.3,-999,-999
20-04-2012 06:00:00 PM,-12.4,986.1,19.0,-999,-999
20-04-2012 07:00:00 PM,-11.7,987.0,13.5,-999,-999
20-04-2012 08:00:00 PM,-11.8,987.6,10.5,-999,-999
20-04-2012 09:00:00 PM,-13.2,987.9,10.3,-999,-999
20-04-2012 10:00:00 PM,-12.9,987.9,13.0,-999,-999
20-04-2012 11:00:00 PM,-12.2,988.6,12.1,-999,-999
21-04-2012 12:00:00 AM,-12.9,988.9,10.7,-999,-999
21-04-2012 01:00:00 AM,-13.0,989.1,5.0,-999,-999
21-04-2012 02:00:00 AM,-13.8,988.9,4.2,-999,-999
21-04-2012 03:00:00 AM,-14.5,988.9,5.2,-999,-999
21-04-2012 04:00:00 AM,-14.9,988.6,4.5,-999,-999
21-04-2012 05:00:00 AM,-15.3,988.4,4.9,-999,-999
21-04-2012 06:00:00 AM,-15.6,988.0,5.6,-999,-999
21-04-2012 07:00:00 AM,-15.0,987.8,6.8,-999,-999
21-04-2012 08:00:00 AM,-14.4,987.3,8.9,-999,-999
21-04-2012 09:00:00 AM,-14.5,986.7,5.7,-999,-999
21-04-2012 10:00:00 AM,-13.8,986.0,12.0,-999,-999
21-04-2012 11:00:00 AM,-12.5,984.8,12.7,-999,-999
21-04-2012 12:00:00 PM,-13.4,984.6,9.5,-999,-999
21-04-2012 01:00:00 PM,-13.0,983.9,20.8,-999,-999
21-04-2012 02:00:00 PM,-13.4,982.8,19.6,-999,-999
21-04-2012 03:00:00 PM,-13.4,982.3,20.5,-999,-999
21-04-2012 04:00:00 PM,-13.9,981.1,25.7,-999,-999
21-04-2012 05:00:00 PM,-13.5,979.9,25.4,-999,-999
21-04-2012 06:00:00 PM,-13.0,979.2,24.8,-999,-999
21-04-2012 07:00:00 PM,-12.7,978.3,29.9,-999,-999
21-04-2012 08:00:00 PM,-12.4,977.8,29.7,-999,-999
21-04-2012 09:00:00 PM,-12.2,976.9,30.7,-999,-999
21-04-2012 10:00:00 PM,-12.2,977.0,23.2,-999,-999
21-04-2012 11:00:00 PM,-11.8,976.1,29.6,-999,-999
22-04-2012 12:00:00 AM,-11.5,975.9,30.5,-999,-999
22-04-2012 01:00:00 AM,-11.3,975.9,30.1,-999,-999
22-04-2012 02:00:00 AM,-11.0,975.8,30.0,-999,-999
22-04-2012 03:00:00 AM,-11.3,976.0,27.1,-999,-999
22-04-2012 04:00:00 AM,-10.9,976.0,29.9,-999,-999
22-04-2012 05:00:00 AM,-10.7,976.4,28.1,-999,-999
22-04-2012 06:00:00 AM,-10.7,976.7,21.2,-999,-999
22-04-2012 07:00:00 AM,-10.7,977.1,20.0,-999,-999
22-04-2012 08:00:00 AM,-10.6,977.5,22.0,-999,-999
22-04-2012 09:00:00 AM,-10.7,977.4,16.7,-999,-999
22-04-2012 10:00:00 AM,-10.6,977.6,14.3,-999,-999
22-04-2012 11:00:00 AM,-11.2,977.7,11.1,-999,-999
22-04-2012 12:00:00 PM,-11.2,977.6,12.8,-999,-999
22-04-2012 01:00:00 PM,-11.2,977.1,12.5,-999,-999
22-04-2012 02:00:00 PM,-11.6,977.1,11.1,-999,-999
22-04-2012 03:00:00 PM,-11.8,976.8,17.5,-999,-999
22-04-2012 04:00:00 PM,-11.9,975.9,17.1,-999,-999
22-04-2012 05:00:00 PM,-12.1,975.4,16.0,-999,-999
22-04-2012 06:00:00 PM,-12.3,974.8,22.0,-999,-999
22-04-2012 07:00:00 PM,-12.5,974.0,19.9,-999,-999
22-04-2012 08:00:00 PM,-12.6,973.3,16.0,-999,-999
22-04-2012 09:00:00 PM,-12.4,972.6,13.1,-999,-999
22-04-2012 10:00:00 PM,-12.7,971.8,18.2,-999,-999
22-04-2012 11:00:00 PM,-12.9,971.3,18.6,-999,-999
23-04-2012 12:00:00 AM,-13.1,970.5,17.9,-999,-999
23-04-2012 01:00:00 AM,-13.0,970.1,16.1,-999,-999
23-04-2012 02:00:00 AM,-13.1,969.3,16.8,-999,-999
23-04-2012 03:00:00 AM,-12.9,968.4,24.8,-999,-999
23-04-2012 04:00:00 AM,-13.1,967.7,16.4,-999,-999
23-04-2012 05:00:00 AM,-13.2,967.5,16.8,-999,-999
23-04-2012 06:00:00 AM,-13.4,967.0,15.6,-999,-999
23-04-2012 07:00:00 AM,-13.4,966.3,19.8,-999,-999
23-04-2012 08:00:00 AM,-13.4,966.0,15.7,-999,-999
23-04-2012 09:00:00 AM,-13.5,965.4,16.4,-999,-999
23-04-2012 10:00:00 AM,-13.7,965.2,14.8,-999,-999
23-04-2012 11:00:00 AM,-13.7,964.8,14.4,-999,-999
23-04-2012 12:00:00 PM,-13.7,964.7,17.2,-999,-999
23-04-2012 01:00:00 PM,-13.4,964.2,21.3,-999,-999
23-04-2012 02:00:00 PM,-13.7,964.1,20.7,-999,-999
23-04-2012 03:00:00 PM,-13.9,964.1,22.4,-999,-999
23-04-2012 04:00:00 PM,-14.0,964.1,21.4,-999,-999
23-04-2012 05:00:00 PM,-13.8,963.9,19.9,-999,-999
23-04-2012 06:00:00 PM,-14.0,964.6,23.9,-999,-999
23-04-2012 07:00:00 PM,-14.2,964.9,23.8,-999,-999
23-04-2012 08:00:00 PM,-14.4,965.3,24.3,-999,-999
23-04-2012 09:00:00 PM,-14.6,965.7,21.7,-999,-999
23-04-2012 10:00:00 PM,-14.5,966.2,20.0,-999,-999
23-04-2012 11:00:00 PM,-14.6,966.7,23.8,-999,-999
24-04-2012 12:00:00 AM,-14.2,967.1,19.4,-999,-999
24-04-2012 01:00:00 AM,-13.8,967.5,21.4,-999,-999
24-04-2012 02:00:00 AM,-13.4,967.7,19.8,-999,-999
24-04-2012 03:00:00 AM,-13.1,967.7,23.1,-999,-999
24-04-2012 04:00:00 AM,-12.7,968.0,22.8,-999,-999
24-04-2012 05:00:00 AM,-12.6,968.2,17.5,-999,-999
24-04-2012 06:00:00 AM,-12.5,968.6,22.6,-999,-999
24-04-2012 07:00:00 AM,-12.7,969.5,19.6,-999,-999
24-04-2012 08:00:00 AM,-13.5,970.1,24.7,-999,-999
24-04-2012 09:00:00 AM,-13.1,970.3,16.6,-999,-999
24-04-2012 10:00:00 AM,-13.1,970.6,20.7,-999,-999
24-04-2012 11:00:00 AM,-13.0,971.2,23.5,-999,-999
24-04-2012 12:00:00 PM,-13.1,972.0,15.3,-999,-999
24-04-2012 01:00:00 PM,-13.3,972.8,22.9,-999,-999
24-04-2012 02:00:00 PM,-13.2,972.8,13.2,-999,-999
24-04-2012 03:00:00 PM,-12.8,973.3,20.8,-999,-999
24-04-2012 04:00:00 PM,-12.5,973.3,24.7,-999,-999
24-04-2012 05:00:00 PM,-12.2,973.8,21.8,-999,-999
24-04-2012 06:00:00 PM,-12.0,974.2,23.9,-999,-999
24-04-2012 07:00:00 PM,-11.6,974.4,23.1,-999,-999
24-04-2012 08:00:00 PM,-11.5,974.9,20.7,-999,-999
24-04-2012 09:00:00 PM,-11.3,975.5,19.9,-999,-999
24-04-2012 10:00:00 PM,-11.4,976.6,18.3,-999,-999
24-04-2012 11:00:00 PM,-11.1,977.6,20.3,-999,-999
25-04-2012 12:00:00 AM,-10.6,978.0,15.2,-999,-999
25-04-2012 01:00:00 AM,-10.3,978.2,25.8,-999,-999
25-04-2012 02:00:00 AM,-11.0,978.1,28.3,-999,-999
25-04-2012 03:00:00 AM,-11.7,978.8,30.1,-999,-999
25-04-2012 04:00:00 AM,-10.9,978.8,29.2,-999,-999
25-04-2012 05:00:00 AM,-11.6,979.3,25.8,-999,-999
25-04-2012 06:00:00 AM,-12.3,979.5,25.0,-999,-999
25-04-2012 07:00:00 AM,-11.7,980.0,24.0,-999,-999
25-04-2012 08:00:00 AM,-13.6,980.6,22.3,-999,-999
25-04-2012 09:00:00 AM,-13.7,981.6,11.5,-999,-999
25-04-2012 10:00:00 AM,-12.4,981.9,6.8,-999,-999
25-04-2012 11:00:00 AM,-12.8,982.0,6.3,-999,-999
25-04-2012 12:00:00 PM,-15.5,982.5,8.4,-999,-999
25-04-2012 01:00:00 PM,-15.0,982.1,13.7,-999,-999
25-04-2012 02:00:00 PM,-14.4,982.6,15.1,-999,-999
25-04-2012 03:00:00 PM,-14.7,982.6,13.4,-999,-999
25-04-2012 04:00:00 PM,-15.1,982.8,13.2,-999,-999
25-04-2012 05:00:00 PM,-15.6,983.2,11.6,-999,-999
25-04-2012 06:00:00 PM,-16.2,983.2,10.5,-999,-999
25-04-2012 07:00:00 PM,-16.8,983.1,13.7,-999,-999
25-04-2012 08:00:00 PM,-18.0,983.0,15.7,-999,-999
25-04-2012 09:00:00 PM,-17.9,982.6,15.3,-999,-999
25-04-2012 10:00:00 PM,-17.7,982.7,13.8,-999,-999
25-04-2012 11:00:00 PM,-17.9,982.4,14.0,-999,-999
26-04-2012 12:00:00 AM,-16.9,981.9,14.5,-999,-999
26-04-2012 01:00:00 AM,-15.3,981.6,18.0,-999,-999
26-04-2012 02:00:00 AM,-15.2,981.5,16.6,-999,-999
26-04-2012 03:00:00 AM,-15.5,981.2,21.4,-999,-999
26-04-2012 04:00:00 AM,-15.7,980.7,24.1,-999,-999
26-04-2012 05:00:00 AM,-15.9,980.5,21.5,-999,-999
26-04-2012 06:00:00 AM,-15.3,980.6,19.9,-999,-999
26-04-2012 07:00:00 AM,-15.4,979.9,16.4,-999,-999
26-04-2012 08:00:00 AM,-14.8,979.6,20.3,-999,-999
26-04-2012 09:00:00 AM,-15.1,979.8,17.8,-999,-999
26-04-2012 10:00:00 AM,-15.7,979.2,16.4,-999,-999
26-04-2012 11:00:00 AM,-14.6,978.6,14.6,-999,-999
26-04-2012 12:00:00 PM,-14.7,979.1,16.1,-999,-999
26-04-2012 01:00:00 PM,-15.9,979.0,12.3,-999,-999
26-04-2012 02:00:00 PM,-16.3,978.9,17.3,-999,-999
26-04-2012 03:00:00 PM,-17.0,978.6,22.4,-999,-999
26-04-2012 04:00:00 PM,-17.5,977.8,24.9,-999,-999
26-04-2012 05:00:00 PM,-17.0,977.9,32.1,-999,-999
26-04-2012 06:00:00 PM,-16.5,979.0,18.4,-999,-999
26-04-2012 07:00:00 PM,-15.9,978.0,26.3,-999,-999
26-04-2012 08:00:00 PM,-14.8,978.5,23.2,-999,-999
26-04-2012 09:00:00 PM,-16.0,978.7,21.6,-999,-999
26-04-2012 10:00:00 PM,-15.6,978.6,21.7,-999,-999
26-04-2012 11:00:00 PM,-15.1,979.1,11.6,-999,-999
27-04-2012 12:00:00 AM,-15.0,979.6,15.7,-999,-999
27-04-2012 01:00:00 AM,-15.8,979.8,16.0,-999,-999
27-04-2012 02:00:00 AM,-16.3,979.9,17.8,-999,-999
27-04-2012 03:00:00 AM,-16.0,980.5,19.1,-999,-999
27-04-2012 04:00:00 AM,-15.7,979.6,24.8,-999,-999
27-04-2012 05:00:00 AM,-15.8,980.1,24.8,-999,-999
27-04-2012 06:00:00 AM,-15.6,980.4,22.1,-999,-999
27-04-2012 07:00:00 AM,-14.4,980.1,22.0,-999,-999
27-04-2012 08:00:00 AM,-14.5,980.7,26.1,-999,-999
27-04-2012 09:00:00 AM,-14.6,981.3,24.1,-999,-999
27-04-2012 10:00:00 AM,-15.3,982.1,16.1,-999,-999
27-04-2012 11:00:00 AM,-14.4,981.6,25.3,-999,-999
27-04-2012 12:00:00 PM,-14.6,981.7,25.2,-999,-999
27-04-2012 01:00:00 PM,-14.9,981.6,27.0,-999,-999
27-04-2012 02:00:00 PM,-15.0,982.5,23.7,-999,-999
27-04-2012 03:00:00 PM,-15.0,983.3,21.6,-999,-999
27-04-2012 04:00:00 PM,-15.2,983.0,25.7,-999,-999
27-04-2012 05:00:00 PM,-14.6,983.1,26.5,-999,-999
27-04-2012 06:00:00 PM,-15.1,983.6,28.5,-999,-999
27-04-2012 07:00:00 PM,-16.4,984.3,24.7,-999,-999
27-04-2012 08:00:00 PM,-16.3,984.6,22.8,-999,-999
27-04-2012 09:00:00 PM,-15.9,985.1,21.0,-999,-999
27-04-2012 10:00:00 PM,-15.8,985.2,23.1,-999,-999
27-04-2012 11:00:00 PM,-15.4,985.6,25.1,-999,-999
28-04-2012 12:00:00 AM,-15.8,986.2,22.6,-999,-999
28-04-2012 01:00:00 AM,-16.2,986.3,23.9,-999,-999
28-04-2012 02:00:00 AM,-17.5,986.3,28.1,-999,-999
28-04-2012 03:00:00 AM,-18.1,986.7,23.9,-999,-999
28-04-2012 04:00:00 AM,-17.9,987.2,24.8,-999,-999
28-04-2012 05:00:00 AM,-18.1,987.5,21.6,-999,-999
28-04-2012 06:00:00 AM,-17.8,987.8,23.7,-999,-999
28-04-2012 07:00:00 AM,-18.3,988.0,22.0,-999,-999
28-04-2012 08:00:00 AM,-17.5,988.3,20.4,-999,-999
28-04-2012 09:00:00 AM,-16.2,988.8,18.6,-999,-999
28-04-2012 10:00:00 AM,-16.8,988.9,19.5,-999,-999
28-04-2012 11:00:00 AM,-16.6,989.2,20.1,-999,-999
28-04-2012 12:00:00 PM,-16.2,989.4,21.4,-999,-999
28-04-2012 01:00:00 PM,-16.0,989.5,20.2,-999,-999
28-04-2012 02:00:00 PM,-17.1,990.0,18.8,-999,-999
28-04-2012 03:00:00 PM,-16.9,990.2,19.5,-999,-999
28-04-2012 04:00:00 PM,-16.5,990.2,19.2,-999,-999
28-04-2012 05:00:00 PM,-17.0,990.6,18.8,-999,-999
28-04-2012 06:00:00 PM,-17.3,990.8,17.8,-999,-999
28-04-2012 07:00:00 PM,-17.0,990.9,18.1,-999,-999
28-04-2012 08:00:00 PM,-16.9,990.9,17.6,-999,-999
28-04-2012 09:00:00 PM,-18.1,991.1,14.1,-999,-999
28-04-2012 10:00:00 PM,-18.4,991.3,6.6,-999,-999
28-04-2012 11:00:00 PM,-16.8,991.2,18.9,-999,-999
29-04-2012 12:00:00 AM,-17.5,991.8,4.9,-999,-999
29-04-2012 01:00:00 AM,-18.2,991.6,7.6,-999,-999
29-04-2012 02:00:00 AM,-18.5,991.4,13.9,-999,-999
29-04-2012 03:00:00 AM,-19.8,991.1,15.1,-999,-999
29-04-2012 04:00:00 AM,-20.5,991.1,15.5,-999,-999
29-04-2012 05:00:00 AM,-20.2,991.2,7.6,-999,-999
29-04-2012 06:00:00 AM,-21.1,991.2,16.3,-999,-999
29-04-2012 07:00:00 AM,-22.3,991.5,9.5,-999,-999
29-04-2012 08:00:00 AM,-22.8,992.3,2.9,-999,-999
29-04-2012 09:00:00 AM,-21.9,992.0,17.8,-999,-999
29-04-2012 10:00:00 AM,-20.4,992.5,14.9,-999,-999
29-04-2012 11:00:00 AM,-19.7,992.3,13.5,-999,-999
29-04-2012 12:00:00 PM,-19.4,992.2,13.6,-999,-999
29-04-2012 01:00:00 PM,-21.0,993.0,8.1,-999,-999
29-04-2012 02:00:00 PM,-20.9,993.3,4.0,-999,-999
29-04-2012 03:00:00 PM,-19.9,993.7,9.7,-999,-999
29-04-2012 04:00:00 PM,-19.4,994.1,7.6,-999,-999
29-04-2012 05:00:00 PM,-19.6,994.4,3.9,-999,-999
29-04-2012 06:00:00 PM,-20.4,994.7,6.8,-999,-999
29-04-2012 07:00:00 PM,-21.4,995.1,10.1,-999,-999
29-04-2012 08:00:00 PM,-20.7,995.5,8.2,-999,-999
29-04-2012 09:00:00 PM,-20.3,995.4,10.6,-999,-999
29-04-2012 10:00:00 PM,-20.5,995.8,9.4,-999,-999
29-04-2012 11:00:00 PM,-21.3,996.0,5.7,-999,-999
30-04-2012 12:00:00 AM,-20.7,996.3,5.2,-999,-999
30-04-2012 01:00:00 AM,-20.5,996.6,5.2,-999,-999
30-04-2012 02:00:00 AM,-21.4,996.6,6.5,-999,-999
30-04-2012 03:00:00 AM,-21.0,997.0,8.8,-999,-999
30-04-2012 04:00:00 AM,-21.2,996.9,11.9,-999,-999
30-04-2012 05:00:00 AM,-21.9,996.9,11.6,-999,-999
30-04-2012 06:00:00 AM,-21.2,997.0,14.9,-999,-999
30-04-2012 07:00:00 AM,-21.7,997.0,10.4,-999,-999
30-04-2012 08:00:00 AM,-21.3,996.8,5.9,-999,-999
30-04-2012 09:00:00 AM,-21.4,996.8,6.1,-999,-999
30-04-2012 10:00:00 AM,-20.9,997.3,10.4,-999,-999
30-04-2012 11:00:00 AM,-19.0,996.9,12.1,-999,-999
30-04-2012 12:00:00 PM,-17.8,996.1,13.2,-999,-999
30-04-2012 01:00:00 PM,-18.2,996.3,14.3,-999,-999
30-04-2012 02:00:00 PM,-17.8,996.2,15.6,-999,-999
30-04-2012 03:00:00 PM,-17.0,995.8,19.1,-999,-999
30-04-2012 04:00:00 PM,-16.0,995.4,22.5,-999,-999
30-04-2012 05:00:00 PM,-15.6,995.2,15.9,-999,-999
30-04-2012 06:00:00 PM,-14.3,994.9,16.2,-999,-999
30-04-2012 07:00:00 PM,-13.9,995.2,15.4,-999,-999
30-04-2012 08:00:00 PM,-13.4,994.9,15.6,-999,-999
30-04-2012 09:00:00 PM,-12.7,994.8,17.2,-999,-999
30-04-2012 10:00:00 PM,-12.0,994.2,18.5,-999,-999
30-04-2012 11:00:00 PM,-10.5,993.8,20.3,-999,-999
01-05-2012 12:00:00 AM,-10.8,994.1,18.2,-999,-999
01-05-2012 01:00:00 AM,-10.8,994.0,18.9,-999,-999
01-05-2012 02:00:00 AM,-10.4,994.1,20.1,-999,-999
01-05-2012 03:00:00 AM,-10.8,993.9,16.9,-999,-999
01-05-2012 04:00:00 AM,-10.8,993.6,19.0,-999,-999
01-05-2012 05:00:00 AM,-10.5,992.9,21.7,-999,-999
01-05-2012 06:00:00 AM,-10.6,992.6,26.1,-999,-999
01-05-2012 07:00:00 AM,-9.8,992.3,26.7,-999,-999
01-05-2012 08:00:00 AM,-9.6,992.4,22.6,-999,-999
01-05-2012 09:00:00 AM,-9.7,992.7,24.9,-999,-999
01-05-2012 10:00:00 AM,-9.5,993.0,26.5,-999,-999
01-05-2012 11:00:00 AM,-8.9,993.0,24.1,-999,-999
01-05-2012 12:00:00 PM,-9.4,992.6,21.9,-999,-999
01-05-2012 01:00:00 PM,-9.2,992.4,24.1,-999,-999
01-05-2012 02:00:00 PM,-9.1,991.9,26.2,-999,-999
01-05-2012 03:00:00 PM,-8.8,991.2,27.1,-999,-999
01-05-2012 04:00:00 PM,-8.4,991.1,26.8,-999,-999
01-05-2012 05:00:00 PM,-8.4,991.1,24.7,-999,-999
01-05-2012 06:00:00 PM,-8.2,990.9,23.3,-999,-999
01-05-2012 07:00:00 PM,-8.2,990.9,22.3,-999,-999
01-05-2012 08:00:00 PM,-8.3,990.9,19.7,-999,-999
01-05-2012 09:00:00 PM,-7.9,990.8,23.0,-999,-999
01-05-2012 10:00:00 PM,-7.8,990.9,18.5,-999,-999
01-05-2012 11:00:00 PM,-8.0,990.2,27.0,-999,-999
02-05-2012 12:00:00 AM,-8.0,989.9,22.8,-999,-999
02-05-2012 01:00:00 AM,-8.1,990.3,20.1,-999,-999
02-05-2012 02:00:00 AM,-8.2,989.7,25.5,-999,-999
02-05-2012 03:00:00 AM,-7.8,989.3,25.1,-999,-999
02-05-2012 04:00:00 AM,-7.3,989.4,18.8,-999,-999
02-05-2012 05:00:00 AM,-7.0,989.5,19.5,-999,-999
02-05-2012 06:00:00 AM,-8.4,990.0,14.0,-999,-999
02-05-2012 07:00:00 AM,-8.1,990.0,17.9,-999,-999
02-05-2012 08:00:00 AM,-8.5,990.5,15.9,-999,-999
02-05-2012 09:00:00 AM,-9.2,991.0,19.8,-999,-999
02-05-2012 10:00:00 AM,-9.2,991.5,15.1,-999,-999
02-05-2012 11:00:00 AM,-9.2,991.6,16.0,-999,-999
02-05-2012 12:00:00 PM,-8.7,991.7,16.5,-999,-999
02-05-2012 01:00:00 PM,-8.3,991.6,14.5,-999,-999
02-05-2012 02:00:00 PM,-8.3,991.8,17.8,-999,-999
02-05-2012 03:00:00 PM,-8.2,991.7,19.0,-999,-999
02-05-2012 04:00:00 PM,-7.7,991.7,16.0,-999,-999
02-05-2012 05:00:00 PM,-7.9,991.4,16.3,-999,-999
02-05-2012 06:00:00 PM,-8.7,991.8,16.1,-999,-999
02-05-2012 07:00:00 PM,-9.3,992.0,19.2,-999,-999
02-05-2012 08:00:00 PM,-8.8,991.7,13.5,-999,-999
02-05-2012 09:00:00 PM,-8.0,991.0,18.0,-999,-999
02-05-2012 10:00:00 PM,-8.8,991.5,10.3,-999,-999
02-05-2012 11:00:00 PM,-9.8,990.6,11.9,-999,-999
03-05-2012 12:00:00 AM,-10.0,990.6,4.8,-999,-999
03-05-2012 01:00:00 AM,-11.1,990.1,5.3,-999,-999
03-05-2012 02:00:00 AM,-9.9,989.4,2.6,-999,-999
03-05-2012 03:00:00 AM,-9.8,988.4,19.3,-999,-999
03-05-2012 04:00:00 AM,-10.4,988.1,2.7,-999,-999
03-05-2012 05:00:00 AM,-9.2,987.1,18.6,-999,-999
03-05-2012 06:00:00 AM,-9.5,987.4,3.0,-999,-999
03-05-2012 07:00:00 AM,-9.0,986.4,15.3,-999,-999
03-05-2012 08:00:00 AM,-9.2,986.6,3.0,-999,-999
03-05-2012 09:00:00 AM,-11.8,986.1,7.5,-999,-999
03-05-2012 10:00:00 AM,-11.9,985.5,5.3,-999,-999
03-05-2012 11:00:00 AM,-11.9,985.2,11.4,-999,-999
03-05-2012 12:00:00 PM,-11.0,984.3,7.5,-999,-999
03-05-2012 01:00:00 PM,-9.7,983.8,4.3,-999,-999
03-05-2012 02:00:00 PM,-10.4,983.5,7.4,-999,-999
03-05-2012 03:00:00 PM,-10.6,983.1,6.3,-999,-999
03-05-2012 04:00:00 PM,-10.3,982.9,5.5,-999,-999
03-05-2012 05:00:00 PM,-10.3,982.5,6.1,-999,-999
03-05-2012 06:00:00 PM,-9.5,982.1,9.5,-999,-999
03-05-2012 07:00:00 PM,-10.0,981.8,7.0,-999,-999
03-05-2012 08:00:00 PM,-10.1,981.6,5.9,-999,-999
03-05-2012 09:00:00 PM,-10.8,981.5,12.7,-999,-999
03-05-2012 10:00:00 PM,-10.5,981.6,7.8,-999,-999
03-05-2012 11:00:00 PM,-11.1,981.5,10.4,-999,-999
04-05-2012 12:00:00 AM,-11.7,981.6,7.8,-999,-999
04-05-2012 01:00:00 AM,-12.7,981.2,10.4,-999,-999
04-05-2012 02:00:00 AM,-13.9,981.0,15.9,-999,-999
04-05-2012 03:00:00 AM,-12.8,980.8,10.3,-999,-999
04-05-2012 04:00:00 AM,-12.3,980.6,5.2,-999,-999
04-05-2012 05:00:00 AM,-13.3,981.0,6.4,-999,-999
04-05-2012 06:00:00 AM,-12.9,980.8,14.1,-999,-999
04-05-2012 07:00:00 AM,-11.8,980.7,16.9,-999,-999
04-05-2012 08:00:00 AM,-15.2,981.3,7.3,-999,-999
04-05-2012 09:00:00 AM,-15.1,981.5,5.6,-999,-999
04-05-2012 10:00:00 AM,-12.3,981.3,7.6,-999,-999
04-05-2012 11:00:00 AM,-11.7,981.0,9.7,-999,-999
04-05-2012 12:00:00 PM,-10.8,980.9,7.8,-999,-999
04-05-2012 01:00:00 PM,-10.4,980.8,11.5,-999,-999
04-05-2012 02:00:00 PM,-10.5,981.1,8.8,-999,-999
04-05-2012 03:00:00 PM,-10.9,981.2,11.2,-999,-999
04-05-2012 04:00:00 PM,-11.0,981.0,10.2,-999,-999
04-05-2012 05:00:00 PM,-10.9,981.1,10.2,-999,-999
04-05-2012 06:00:00 PM,-10.6,980.9,11.8,-999,-999
04-05-2012 07:00:00 PM,-11.0,981.1,10.5,-999,-999
04-05-2012 08:00:00 PM,-11.5,980.9,16.1,-999,-999
04-05-2012 09:00:00 PM,-12.5,981.3,17.0,-999,-999
04-05-2012 10:00:00 PM,-12.5,981.5,19.1,-999,-999
04-05-2012 11:00:00 PM,-12.6,981.2,21.3,-999,-999
05-05-2012 12:00:00 AM,-12.9,980.9,21.9,-999,-999
05-05-2012 01:00:00 AM,-13.1,981.0,20.9,-999,-999
05-05-2012 02:00:00 AM,-13.0,980.9,21.3,-999,-999
05-05-2012 03:00:00 AM,-12.6,980.8,23.0,-999,-999
05-05-2012 04:00:00 AM,-12.9,981.0,21.7,-999,-999
05-05-2012 05:00:00 AM,-13.2,980.9,17.4,-999,-999
05-05-2012 06:00:00 AM,-14.5,980.8,22.4,-999,-999
05-05-2012 07:00:00 AM,-15.1,980.6,23.1,-999,-999
05-05-2012 08:00:00 AM,-15.0,980.7,26.4,-999,-999
05-05-2012 09:00:00 AM,-15.1,980.8,25.4,-999,-999
05-05-2012 10:00:00 AM,-14.1,980.6,24.3,-999,-999
05-05-2012 11:00:00 AM,-13.2,980.5,25.3,-999,-999
05-05-2012 12:00:00 PM,-12.0,980.5,25.5,-999,-999
05-05-2012 01:00:00 PM,-11.1,980.5,27.1,-999,-999
05-05-2012 02:00:00 PM,-10.4,980.6,26.0,-999,-999
05-05-2012 03:00:00 PM,-10.0,980.6,27.5,-999,-999
05-05-2012 04:00:00 PM,-9.6,981.2,27.7,-999,-999
05-05-2012 05:00:00 PM,-9.5,981.8,26.3,-999,-999
05-05-2012 06:00:00 PM,-9.6,982.3,26.7,-999,-999
05-05-2012 07:00:00 PM,-10.0,982.5,27.5,-999,-999
05-05-2012 08:00:00 PM,-10.2,983.2,24.5,-999,-999
05-05-2012 09:00:00 PM,-10.0,983.9,26.8,-999,-999
05-05-2012 10:00:00 PM,-9.6,984.5,22.3,-999,-999
05-05-2012 11:00:00 PM,-9.3,985.0,19.0,-999,-999
06-05-2012 12:00:00 AM,-9.0,985.2,18.6,-999,-999
06-05-2012 01:00:00 AM,-8.2,985.0,13.6,-999,-999
06-05-2012 02:00:00 AM,-8.4,984.8,10.7,-999,-999
06-05-2012 03:00:00 AM,-9.2,984.6,6.4,-999,-999
06-05-2012 04:00:00 AM,-10.5,983.9,20.7,-999,-999
06-05-2012 05:00:00 AM,-11.3,983.6,22.0,-999,-999
06-05-2012 06:00:00 AM,-13.3,983.3,21.5,-999,-999
06-05-2012 07:00:00 AM,-13.2,982.8,21.3,-999,-999
06-05-2012 08:00:00 AM,-14.3,982.8,21.5,-999,-999
06-05-2012 09:00:00 AM,-13.6,982.6,21.2,-999,-999
06-05-2012 10:00:00 AM,-12.1,982.9,17.3,-999,-999
06-05-2012 11:00:00 AM,-13.5,983.4,4.7,-999,-999
06-05-2012 12:00:00 PM,-14.8,983.6,6.8,-999,-999
06-05-2012 01:00:00 PM,-14.1,983.7,3.7,-999,-999
06-05-2012 02:00:00 PM,-15.4,983.7,3.8,-999,-999
06-05-2012 03:00:00 PM,-15.0,984.1,5.8,-999,-999
06-05-2012 04:00:00 PM,-12.6,984.2,20.6,-999,-999
06-05-2012 05:00:00 PM,-14.7,985.1,10.9,-999,-999
06-05-2012 06:00:00 PM,-12.5,986.1,5.7,-999,-999
06-05-2012 07:00:00 PM,-12.4,985.9,17.5,-999,-999
06-05-2012 08:00:00 PM,-11.5,986.2,20.9,-999,-999
06-05-2012 09:00:00 PM,-10.0,986.5,25.5,-999,-999
06-05-2012 10:00:00 PM,-9.4,987.3,21.6,-999,-999
06-05-2012 11:00:00 PM,-8.6,988.1,13.8,-999,-999
07-05-2012 12:00:00 AM,-8.0,989.0,15.2,-999,-999
07-05-2012 01:00:00 AM,-7.9,989.8,16.7,-999,-999
07-05-2012 02:00:00 AM,-8.2,990.6,12.0,-999,-999
07-05-2012 03:00:00 AM,-8.6,991.5,12.5,-999,-999
07-05-2012 04:00:00 AM,-9.2,992.5,11.7,-999,-999
07-05-2012 05:00:00 AM,-9.1,993.6,13.1,-999,-999
07-05-2012 06:00:00 AM,-8.8,994.2,15.0,-999,-999
07-05-2012 07:00:00 AM,-8.5,995.2,15.8,-999,-999
07-05-2012 08:00:00 AM,-8.0,996.0,20.0,-999,-999
07-05-2012 09:00:00 AM,-7.6,997.1,16.5,-999,-999
07-05-2012 10:00:00 AM,-7.7,998.0,17.7,-999,-999
07-05-2012 11:00:00 AM,-7.1,998.6,14.6,-999,-999
07-05-2012 12:00:00 PM,-6.8,999.1,15.4,-999,-999
07-05-2012 01:00:00 PM,-6.8,999.5,18.7,-999,-999
07-05-2012 02:00:00 PM,-6.7,1000.1,19.1,-999,-999
07-05-2012 03:00:00 PM,-6.9,1000.4,17.1,-999,-999
07-05-2012 04:00:00 PM,-6.6,1000.8,16.9,-999,-999
07-05-2012 05:00:00 PM,-6.8,1001.5,15.7,-999,-999
07-05-2012 06:00:00 PM,-6.6,1001.5,20.5,-999,-999
07-05-2012 07:00:00 PM,-6.5,1001.6,25.6,-999,-999
07-05-2012 08:00:00 PM,-6.8,1001.8,24.6,-999,-999
07-05-2012 09:00:00 PM,-7.1,1001.9,30.8,-999,-999
07-05-2012 10:00:00 PM,-7.6,1002.1,29.3,-999,-999
07-05-2012 11:00:00 PM,-7.6,1002.8,24.3,-999,-999
08-05-2012 12:00:00 AM,-7.1,1002.9,26.4,-999,-999
08-05-2012 01:00:00 AM,-7.4,1002.9,31.0,-999,-999
08-05-2012 02:00:00 AM,-7.6,1002.5,31.2,-999,-999
08-05-2012 03:00:00 AM,-7.6,1002.5,28.7,-999,-999
08-05-2012 04:00:00 AM,-6.9,1002.0,31.1,-999,-999
08-05-2012 05:00:00 AM,-6.7,1001.6,32.8,-999,-999
08-05-2012 06:00:00 AM,-6.4,1001.3,28.6,-999,-999
08-05-2012 07:00:00 AM,-5.6,1001.2,24.5,-999,-999
08-05-2012 08:00:00 AM,-5.6,1000.7,28.6,-999,-999
08-05-2012 09:00:00 AM,-4.6,1000.5,20.2,-999,-999
08-05-2012 10:00:00 AM,-4.7,1000.1,27.3,-999,-999
08-05-2012 11:00:00 AM,-4.9,1000.0,20.1,-999,-999
08-05-2012 12:00:00 PM,-5.1,1000.0,19.7,-999,-999
08-05-2012 01:00:00 PM,-5.4,999.3,22.4,-999,-999
08-05-2012 02:00:00 PM,-5.6,999.0,19.2,-999,-999
08-05-2012 03:00:00 PM,-5.4,998.4,18.0,-999,-999
08-05-2012 04:00:00 PM,-5.3,997.9,19.8,-999,-999
08-05-2012 05:00:00 PM,-5.4,997.5,19.6,-999,-999
08-05-2012 06:00:00 PM,-5.1,996.6,28.0,-999,-999
08-05-2012 07:00:00 PM,-5.2,996.6,24.1,-999,-999
08-05-2012 08:00:00 PM,-5.9,996.3,21.9,-999,-999
08-05-2012 09:00:00 PM,-6.2,995.8,25.3,-999,-999
08-05-2012 10:00:00 PM,-6.2,995.2,24.9,-999,-999
08-05-2012 11:00:00 PM,-6.9,995.2,28.4,-999,-999
09-05-2012 12:00:00 AM,-7.2,994.5,26.5,-999,-999
09-05-2012 01:00:00 AM,-7.2,993.7,24.7,-999,-999
09-05-2012 02:00:00 AM,-7.5,993.7,21.3,-999,-999
09-05-2012 03:00:00 AM,-7.9,993.6,22.8,-999,-999
09-05-2012 04:00:00 AM,-8.4,993.3,24.7,-999,-999
09-05-2012 05:00:00 AM,-8.5,992.8,23.8,-999,-999
09-05-2012 06:00:00 AM,-8.6,993.2,20.4,-999,-999
09-05-2012 07:00:00 AM,-8.7,992.7,20.6,-999,-999
09-05-2012 08:00:00 AM,-8.7,992.3,24.4,-999,-999
09-05-2012 09:00:00 AM,-8.8,992.1,24.9,-999,-999
09-05-2012 10:00:00 AM,-8.9,991.5,24.6,-999,-999
09-05-2012 11:00:00 AM,-9.2,991.3,24.6,-999,-999
09-05-2012 12:00:00 PM,-9.4,991.2,22.2,-999,-999
09-05-2012 01:00:00 PM,-9.8,990.7,22.5,-999,-999
09-05-2012 02:00:00 PM,-9.9,990.5,27.3,-999,-999
09-05-2012 03:00:00 PM,-9.7,990.2,23.5,-999,-999
09-05-2012 04:00:00 PM,-9.5,989.9,16.8,-999,-999
09-05-2012 05:00:00 PM,-9.6,989.8,20.9,-999,-999
09-05-2012 06:00:00 PM,-10.0,989.8,21.9,-999,-999
09-05-2012 07:00:00 PM,-10.0,990.3,17.9,-999,-999
09-05-2012 08:00:00 PM,-10.4,990.6,18.6,-999,-999
09-05-2012 09:00:00 PM,-11.6,991.2,23.7,-999,-999
09-05-2012 10:00:00 PM,-11.4,991.0,20.3,-999,-999
09-05-2012 11:00:00 PM,-11.4,992.0,22.7,-999,-999
10-05-2012 12:00:00 AM,-11.8,992.4,19.8,-999,-999
10-05-2012 01:00:00 AM,-10.8,992.6,16.4,-999,-999
10-05-2012 02:00:00 AM,-12.2,993.8,22.2,-999,-999
10-05-2012 03:00:00 AM,-12.5,994.2,20.7,-999,-999
10-05-2012 04:00:00 AM,-12.9,994.6,22.9,-999,-999
10-05-2012 05:00:00 AM,-13.0,994.1,13.3,-999,-999
10-05-2012 06:00:00 AM,-12.6,994.9,22.7,-999,-999
10-05-2012 07:00:00 AM,-13.6,995.7,19.1,-999,-999
10-05-2012 08:00:00 AM,-14.1,996.9,21.1,-999,-999
10-05-2012 09:00:00 AM,-14.7,998.0,17.6,-999,-999
10-05-2012 10:00:00 AM,-14.9,997.7,21.0,-999,-999
10-05-2012 11:00:00 AM,-14.7,997.3,19.5,-999,-999
10-05-2012 12:00:00 PM,-13.7,997.5,18.9,-999,-999
10-05-2012 01:00:00 PM,-13.5,997.5,21.0,-999,-999
10-05-2012 02:00:00 PM,-13.6,997.4,26.1,-999,-999
10-05-2012 03:00:00 PM,-13.8,997.3,26.4,-999,-999
10-05-2012 04:00:00 PM,-13.2,997.3,26.6,-999,-999
10-05-2012 05:00:00 PM,-13.1,997.7,23.5,-999,-999
10-05-2012 06:00:00 PM,-13.6,997.6,19.3,-999,-999
10-05-2012 07:00:00 PM,-14.2,998.4,18.7,-999,-999
10-05-2012 08:00:00 PM,-13.9,997.4,21.5,-999,-999
10-05-2012 09:00:00 PM,-14.2,997.0,24.3,-999,-999
10-05-2012 10:00:00 PM,-12.9,996.9,33.9,-999,-999
10-05-2012 11:00:00 PM,-12.9,996.9,34.6,-999,-999
11-05-2012 12:00:00 AM,-12.7,996.1,38.1,-999,-999
11-05-2012 01:00:00 AM,-12.2,996.2,33.4,-999,-999
11-05-2012 02:00:00 AM,-12.0,996.6,33.7,-999,-999
11-05-2012 03:00:00 AM,-11.7,996.9,34.5,-999,-999
11-05-2012 04:00:00 AM,-11.7,997.1,37.3,-999,-999
11-05-2012 05:00:00 AM,-11.6,997.0,33.4,-999,-999
11-05-2012 06:00:00 AM,-11.7,997.1,38.4,-999,-999
11-05-2012 07:00:00 AM,-11.7,997.7,34.5,-999,-999
11-05-2012 08:00:00 AM,-11.4,997.9,36.2,-999,-999
11-05-2012 09:00:00 AM,-11.0,998.4,33.3,-999,-999
11-05-2012 10:00:00 AM,-10.8,998.6,32.5,-999,-999
11-05-2012 11:00:00 AM,-11.2,998.1,32.2,-999,-999
11-05-2012 12:00:00 PM,-11.2,998.3,41.3,-999,-999
11-05-2012 01:00:00 PM,-11.3,998.3,37.3,-999,-999
11-05-2012 02:00:00 PM,-11.9,997.6,40.5,-999,-999
11-05-2012 03:00:00 PM,-11.7,997.5,41.3,-999,-999
11-05-2012 04:00:00 PM,-11.6,997.4,38.0,-999,-999
11-05-2012 05:00:00 PM,-11.2,997.9,30.6,-999,-999
11-05-2012 06:00:00 PM,-11.1,997.2,37.1,-999,-999
11-05-2012 07:00:00 PM,-10.7,997.5,35.1,-999,-999
11-05-2012 08:00:00 PM,-10.6,998.5,29.0,-999,-999
11-05-2012 09:00:00 PM,-10.6,998.8,20.8,-999,-999
11-05-2012 10:00:00 PM,-10.6,998.7,19.1,-999,-999
11-05-2012 11:00:00 PM,-10.7,998.4,27.8,-999,-999
12-05-2012 12:00:00 AM,-10.7,998.7,23.2,-999,-999
12-05-2012 01:00:00 AM,-10.2,998.3,32.1,-999,-999
12-05-2012 02:00:00 AM,-9.8,998.5,27.4,-999,-999
12-05-2012 03:00:00 AM,-9.1,997.4,38.2,-999,-999
12-05-2012 04:00:00 AM,-8.8,997.5,36.3,-999,-999
12-05-2012 05:00:00 AM,-8.6,997.8,29.4,-999,-999
12-05-2012 06:00:00 AM,-8.6,998.0,27.8,-999,-999
12-05-2012 07:00:00 AM,-8.4,997.7,31.5,-999,-999
12-05-2012 08:00:00 AM,-8.3,997.9,23.6,-999,-999
12-05-2012 09:00:00 AM,-8.5,997.6,22.6,-999,-999
12-05-2012 10:00:00 AM,-8.9,997.8,20.1,-999,-999
12-05-2012 11:00:00 AM,-8.9,997.4,19.3,-999,-999
12-05-2012 12:00:00 PM,-9.2,996.9,23.4,-999,-999
12-05-2012 01:00:00 PM,-9.6,996.6,20.3,-999,-999
12-05-2012 02:00:00 PM,-9.7,996.4,15.9,-999,-999
12-05-2012 03:00:00 PM,-9.3,995.9,16.2,-999,-999
12-05-2012 04:00:00 PM,-8.8,996.0,12.4,-999,-999
12-05-2012 05:00:00 PM,-9.0,995.9,16.7,-999,-999
12-05-2012 06:00:00 PM,-9.1,995.9,21.1,-999,-999
12-05-2012 07:00:00 PM,-9.3,995.8,11.7,-999,-999
12-05-2012 08:00:00 PM,-9.4,995.4,10.5,-999,-999
12-05-2012 09:00:00 PM,-9.8,994.9,13.1,-999,-999
12-05-2012 10:00:00 PM,-9.5,994.2,16.7,-999,-999
12-05-2012 11:00:00 PM,-9.2,994.4,13.5,-999,-999
13-05-2012 12:00:00 AM,-8.9,993.7,16.5,-999,-999
13-05-2012 01:00:00 AM,-8.7,993.6,12.1,-999,-999
13-05-2012 02:00:00 AM,-8.5,993.5,16.2,-999,-999
13-05-2012 03:00:00 AM,-8.9,992.7,19.5,-999,-999
13-05-2012 04:00:00 AM,-9.0,992.3,21.0,-999,-999
13-05-2012 05:00:00 AM,-8.4,992.5,14.7,-999,-999
13-05-2012 06:00:00 AM,-9.7,992.5,5.7,-999,-999
13-05-2012 07:00:00 AM,-12.4,992.5,6.3,-999,-999
13-05-2012 08:00:00 AM,-14.3,992.3,6.8,-999,-999
13-05-2012 09:00:00 AM,-13.9,992.3,4.5,-999,-999
13-05-2012 10:00:00 AM,-10.9,992.5,15.2,-999,-999
13-05-2012 11:00:00 AM,-11.6,992.2,6.0,-999,-999
13-05-2012 12:00:00 PM,-12.0,992.4,5.4,-999,-999
13-05-2012 01:00:00 PM,-13.4,992.5,7.2,-999,-999
13-05-2012 02:00:00 PM,-12.8,992.5,8.5,-999,-999
13-05-2012 03:00:00 PM,-14.2,992.3,6.9,-999,-999
13-05-2012 04:00:00 PM,-14.1,992.8,9.4,-999,-999
13-05-2012 05:00:00 PM,-14.5,992.7,11.8,-999,-999
13-05-2012 06:00:00 PM,-14.6,992.6,7.5,-999,-999
13-05-2012 07:00:00 PM,-14.3,993.0,14.3,-999,-999
13-05-2012 08:00:00 PM,-13.6,992.9,15.7,-999,-999
13-05-2012 09:00:00 PM,-14.2,992.3,11.8,-999,-999
13-05-2012 10:00:00 PM,-14.0,992.3,11.2,-999,-999
13-05-2012 11:00:00 PM,-14.9,992.6,7.3,-999,-999
14-05-2012 12:00:00 AM,-14.9,992.7,18.0,-999,-999
14-05-2012 01:00:00 AM,-15.3,992.5,18.9,-999,-999
14-05-2012 02:00:00 AM,-15.2,992.1,20.8,-999,-999
14-05-2012 03:00:00 AM,-16.3,991.5,8.4,-999,-999
14-05-2012 04:00:00 AM,-16.4,991.5,10.1,-999,-999
14-05-2012 05:00:00 AM,-16.1,991.7,14.7,-999,-999
14-05-2012 06:00:00 AM,-16.2,991.7,16.5,-999,-999
14-05-2012 07:00:00 AM,-16.2,991.8,17.1,-999,-999
14-05-2012 08:00:00 AM,-15.7,991.3,20.5,-999,-999
14-05-2012 09:00:00 AM,-16.6,991.7,14.3,-999,-999
14-05-2012 10:00:00 AM,-16.2,990.8,11.9,-999,-999
14-05-2012 11:00:00 AM,-15.3,990.7,14.3,-999,-999
14-05-2012 12:00:00 PM,-15.9,990.7,15.2,-999,-999
14-05-2012 01:00:00 PM,-16.4,990.3,16.4,-999,-999
14-05-2012 02:00:00 PM,-16.6,989.7,17.1,-999,-999
14-05-2012 03:00:00 PM,-16.1,989.5,16.4,-999,-999
14-05-2012 04:00:00 PM,-15.7,989.2,17.4,-999,-999
14-05-2012 05:00:00 PM,-15.2,988.4,15.8,-999,-999
14-05-2012 06:00:00 PM,-14.9,988.3,19.3,-999,-999
14-05-2012 07:00:00 PM,-14.2,988.3,19.1,-999,-999
14-05-2012 08:00:00 PM,-13.8,988.3,20.2,-999,-999
14-05-2012 09:00:00 PM,-13.5,988.0,18.7,-999,-999
14-05-2012 10:00:00 PM,-13.2,987.9,18.5,-999,-999
14-05-2012 11:00:00 PM,-13.2,987.8,18.4,-999,-999
15-05-2012 12:00:00 AM,-13.2,988.2,17.4,-999,-999
15-05-2012 01:00:00 AM,-13.5,988.2,20.8,-999,-999
15-05-2012 02:00:00 AM,-14.1,988.1,21.3,-999,-999
15-05-2012 03:00:00 AM,-14.2,987.8,21.5,-999,-999
15-05-2012 04:00:00 AM,-14.4,988.0,21.8,-999,-999
15-05-2012 05:00:00 AM,-14.6,987.8,21.1,-999,-999
15-05-2012 06:00:00 AM,-14.4,988.0,20.7,-999,-999
15-05-2012 07:00:00 AM,-14.4,988.2,20.2,-999,-999
15-05-2012 08:00:00 AM,-14.7,988.3,18.3,-999,-999
15-05-2012 09:00:00 AM,-14.9,988.2,18.5,-999,-999
15-05-2012 10:00:00 AM,-14.1,988.4,19.0,-999,-999
15-05-2012 11:00:00 AM,-13.8,988.3,17.0,-999,-999
15-05-2012 12:00:00 PM,-14.2,988.5,15.2,-999,-999
15-05-2012 01:00:00 PM,-14.6,988.8,15.6,-999,-999
15-05-2012 02:00:00 PM,-14.3,988.5,16.1,-999,-999
15-05-2012 03:00:00 PM,-14.2,988.1,16.6,-999,-999
15-05-2012 04:00:00 PM,-14.4,988.2,18.4,-999,-999
15-05-2012 05:00:00 PM,-15.1,988.1,20.1,-999,-999
15-05-2012 06:00:00 PM,-15.1,987.7,19.7,-999,-999
15-05-2012 07:00:00 PM,-15.7,987.6,20.1,-999,-999
15-05-2012 08:00:00 PM,-15.3,987.4,21.2,-999,-999
15-05-2012 09:00:00 PM,-15.6,987.2,21.7,-999,-999
15-05-2012 10:00:00 PM,-15.0,987.3,17.9,-999,-999
15-05-2012 11:00:00 PM,-15.4,987.3,19.5,-999,-999
16-05-2012 12:00:00 AM,-15.9,987.1,22.4,-999,-999
16-05-2012 01:00:00 AM,-15.4,987.2,19.8,-999,-999
16-05-2012 02:00:00 AM,-15.3,987.0,17.6,-999,-999
16-05-2012 03:00:00 AM,-15.1,987.2,18.2,-999,-999
16-05-2012 04:00:00 AM,-15.0,987.5,18.6,-999,-999
16-05-2012 05:00:00 AM,-14.7,987.8,18.5,-999,-999
16-05-2012 06:00:00 AM,-14.7,987.9,18.1,-999,-999
16-05-2012 07:00:00 AM,-15.4,988.0,16.9,-999,-999
16-05-2012 08:00:00 AM,-15.0,988.3,14.5,-999,-999
16-05-2012 09:00:00 AM,-13.8,988.2,15.6,-999,-999
16-05-2012 10:00:00 AM,-13.4,988.2,13.9,-999,-999
16-05-2012 11:00:00 AM,-12.9,988.1,13.8,-999,-999
16-05-2012 12:00:00 PM,-12.9,988.3,13.9,-999,-999
16-05-2012 01:00:00 PM,-12.5,988.4,15.7,-999,-999
16-05-2012 02:00:00 PM,-12.3,988.5,12.3,-999,-999
16-05-2012 03:00:00 PM,-11.1,988.3,24.6,-999,-999
16-05-2012 04:00:00 PM,-10.6,988.7,25.7,-999,-999
16-05-2012 05:00:00 PM,-10.4,989.0,27.3,-999,-999
16-05-2012 06:00:00 PM,-10.6,989.6,26.6,-999,-999
16-05-2012 07:00:00 PM,-10.5,990.1,26.4,-999,-999
16-05-2012 08:00:00 PM,-10.7,990.7,25.0,-999,-999
16-05-2012 09:00:00 PM,-10.8,991.3,17.6,-999,-999
16-05-2012 10:00:00 PM,-10.7,991.6,21.5,-999,-999
16-05-2012 11:00:00 PM,-10.4,991.8,32.3,-999,-999
17-05-2012 12:00:00 AM,-10.5,992.3,31.5,-999,-999
17-05-2012 01:00:00 AM,-10.1,992.9,23.0,-999,-999
17-05-2012 02:00:00 AM,-9.8,993.3,20.5,-999,-999
17-05-2012 03:00:00 AM,-9.7,993.9,14.1,-999,-999
17-05-2012 04:00:00 AM,-9.3,994.4,19.8,-999,-999
17-05-2012 05:00:00 AM,-9.6,994.8,19.8,-999,-999
17-05-2012 06:00:00 AM,-9.5,995.0,20.8,-999,-999
17-05-2012 07:00:00 AM,-9.5,995.3,18.4,-999,-999
17-05-2012 08:00:00 AM,-10.4,996.0,15.7,-999,-999
17-05-2012 09:00:00 AM,-10.1,995.6,15.1,-999,-999
17-05-2012 10:00:00 AM,-12.0,995.5,14.6,-999,-999
17-05-2012 11:00:00 AM,-11.1,995.0,12.8,-999,-999
17-05-2012 12:00:00 PM,-13.9,994.8,14.7,-999,-999
17-05-2012 01:00:00 PM,-13.3,994.1,12.2,-999,-999
17-05-2012 02:00:00 PM,-12.9,993.4,13.4,-999,-999
17-05-2012 03:00:00 PM,-15.9,992.9,5.8,-999,-999
17-05-2012 04:00:00 PM,-16.4,992.6,5.7,-999,-999
17-05-2012 05:00:00 PM,-16.7,991.9,22.2,-999,-999
17-05-2012 06:00:00 PM,-16.4,992.0,10.7,-999,-999
17-05-2012 07:00:00 PM,-18.3,991.5,4.7,-999,-999
17-05-2012 08:00:00 PM,-16.8,990.5,17.8,-999,-999
17-05-2012 09:00:00 PM,-16.9,990.3,6.9,-999,-999
17-05-2012 10:00:00 PM,-17.8,989.8,6.5,-999,-999
17-05-2012 11:00:00 PM,-17.2,989.5,2.2,-999,-999
18-05-2012 12:00:00 AM,-16.9,989.7,7.4,-999,-999
18-05-2012 01:00:00 AM,-16.2,988.8,12.2,-999,-999
18-05-2012 02:00:00 AM,-18.0,988.7,5.6,-999,-999
18-05-2012 03:00:00 AM,-16.4,988.1,10.2,-999,-999
18-05-2012 04:00:00 AM,-17.1,987.6,15.5,-999,-999
18-05-2012 05:00:00 AM,-17.7,987.6,6.4,-999,-999
18-05-2012 06:00:00 AM,-15.0,987.6,20.4,-999,-999
18-05-2012 07:00:00 AM,-15.1,987.5,12.3,-999,-999
18-05-2012 08:00:00 AM,-15.8,987.7,14.8,-999,-999
18-05-2012 09:00:00 AM,-16.4,988.2,7.2,-999,-999
18-05-2012 10:00:00 AM,-17.6,988.8,12.5,-999,-999
18-05-2012 11:00:00 AM,-15.9,988.7,10.3,-999,-999
18-05-2012 12:00:00 PM,-18.5,988.5,17.1,-999,-999
18-05-2012 01:00:00 PM,-18.6,988.3,13.2,-999,-999
18-05-2012 02:00:00 PM,-16.1,989.0,19.4,-999,-999
18-05-2012 03:00:00 PM,-17.0,989.6,7.9,-999,-999
18-05-2012 04:00:00 PM,-18.3,989.6,6.0,-999,-999
18-05-2012 05:00:00 PM,-17.7,990.2,7.9,-999,-999
18-05-2012 06:00:00 PM,-18.7,990.7,4.8,-999,-999
18-05-2012 07:00:00 PM,-18.9,990.9,10.9,-999,-999
18-05-2012 08:00:00 PM,-18.5,991.2,4.0,-999,-999
18-05-2012 09:00:00 PM,-19.7,991.2,14.5,-999,-999
18-05-2012 10:00:00 PM,-20.3,991.0,15.2,-999,-999
18-05-2012 11:00:00 PM,-19.8,991.4,8.6,-999,-999
19-05-2012 12:00:00 AM,-18.0,991.3,10.4,-999,-999
19-05-2012 01:00:00 AM,-19.4,991.4,15.2,-999,-999
19-05-2012 02:00:00 AM,-20.1,991.0,16.2,-999,-999
19-05-2012 03:00:00 AM,-19.9,991.3,9.8,-999,-999
19-05-2012 04:00:00 AM,-20.9,991.4,4.7,-999,-999
19-05-2012 05:00:00 AM,-21.8,991.9,1.4,-999,-999
19-05-2012 06:00:00 AM,-20.7,991.5,12.9,-999,-999
19-05-2012 07:00:00 AM,-20.1,991.5,11.9,-999,-999
19-05-2012 08:00:00 AM,-20.8,991.5,12.2,-999,-999
19-05-2012 09:00:00 AM,-21.3,991.9,15.7,-999,-999
19-05-2012 10:00:00 AM,-19.6,991.9,13.5,-999,-999
19-05-2012 11:00:00 AM,-18.5,992.0,13.5,-999,-999
19-05-2012 12:00:00 PM,-18.7,991.8,14.9,-999,-999
19-05-2012 01:00:00 PM,-19.2,991.8,10.2,-999,-999
19-05-2012 02:00:00 PM,-20.5,992.0,11.2,-999,-999
19-05-2012 03:00:00 PM,-21.4,992.3,12.3,-999,-999
19-05-2012 04:00:00 PM,-21.1,992.0,11.3,-999,-999
19-05-2012 05:00:00 PM,-21.1,992.3,8.5,-999,-999
19-05-2012 06:00:00 PM,-23.5,992.0,1.3,-999,-999
19-05-2012 07:00:00 PM,-23.0,992.0,4.5,-999,-999
19-05-2012 08:00:00 PM,-22.8,991.9,5.9,-999,-999
19-05-2012 09:00:00 PM,-21.5,992.5,6.4,-999,-999
19-05-2012 10:00:00 PM,-21.7,992.8,8.1,-999,-999
19-05-2012 11:00:00 PM,-21.8,992.8,4.5,-999,-999
20-05-2012 12:00:00 AM,-22.0,992.7,7.3,-999,-999
20-05-2012 01:00:00 AM,-22.3,992.7,12.7,-999,-999
20-05-2012 02:00:00 AM,-22.7,992.8,5.5,-999,-999
20-05-2012 03:00:00 AM,-23.7,993.2,8.8,-999,-999
20-05-2012 04:00:00 AM,-23.5,992.8,10.7,-999,-999
20-05-2012 05:00:00 AM,-23.3,993.1,8.4,-999,-999
20-05-2012 06:00:00 AM,-22.7,993.4,11.0,-999,-999
20-05-2012 07:00:00 AM,-23.4,993.6,12.2,-999,-999
20-05-2012 08:00:00 AM,-23.1,994.1,8.9,-999,-999
20-05-2012 09:00:00 AM,-24.3,994.0,15.1,-999,-999
20-05-2012 10:00:00 AM,-23.3,993.9,10.6,-999,-999
20-05-2012 11:00:00 AM,-23.4,994.3,5.1,-999,-999
20-05-2012 12:00:00 PM,-24.1,993.8,17.7,-999,-999
20-05-2012 01:00:00 PM,-21.8,994.0,6.8,-999,-999
20-05-2012 02:00:00 PM,-22.6,993.9,8.7,-999,-999
20-05-2012 03:00:00 PM,-21.6,993.8,12.3,-999,-999
20-05-2012 04:00:00 PM,-22.4,993.4,13.8,-999,-999
20-05-2012 05:00:00 PM,-22.2,993.3,11.0,-999,-999
20-05-2012 06:00:00 PM,-21.1,992.5,23.1,-999,-999
20-05-2012 07:00:00 PM,-21.2,992.8,14.1,-999,-999
20-05-2012 08:00:00 PM,-20.5,992.7,5.8,-999,-999
20-05-2012 09:00:00 PM,-21.9,992.7,10.0,-999,-999
20-05-2012 10:00:00 PM,-22.3,992.9,5.0,-999,-999
20-05-2012 11:00:00 PM,-22.5,992.6,21.1,-999,-999
21-05-2012 12:00:00 AM,-20.7,992.4,12.0,-999,-999
21-05-2012 01:00:00 AM,-20.8,992.3,13.1,-999,-999
21-05-2012 02:00:00 AM,-22.6,993.0,5.4,-999,-999
21-05-2012 03:00:00 AM,-22.6,992.7,6.3,-999,-999
21-05-2012 04:00:00 AM,-21.9,992.4,16.8,-999,-999
21-05-2012 05:00:00 AM,-20.9,992.1,14.2,-999,-999
21-05-2012 06:00:00 AM,-20.3,991.9,14.6,-999,-999
21-05-2012 07:00:00 AM,-20.8,992.7,4.4,-999,-999
21-05-2012 08:00:00 AM,-23.8,993.2,7.0,-999,-999
21-05-2012 09:00:00 AM,-22.3,993.4,2.7,-999,-999
21-05-2012 10:00:00 AM,-21.3,993.3,13.7,-999,-999
21-05-2012 11:00:00 AM,-20.6,992.9,13.7,-999,-999
21-05-2012 12:00:00 PM,-20.6,993.1,5.6,-999,-999
21-05-2012 01:00:00 PM,-23.3,994.4,7.9,-999,-999
21-05-2012 02:00:00 PM,-23.5,994.1,12.4,-999,-999
21-05-2012 03:00:00 PM,-20.5,994.5,8.3,-999,-999
21-05-2012 04:00:00 PM,-22.7,994.9,1.6,-999,-999
21-05-2012 05:00:00 PM,-23.9,995.0,7.3,-999,-999
21-05-2012 06:00:00 PM,-23.2,995.0,4.9,-999,-999
21-05-2012 07:00:00 PM,-24.1,995.4,4.6,-999,-999
21-05-2012 08:00:00 PM,-24.6,995.4,5.4,-999,-999
21-05-2012 09:00:00 PM,-24.7,995.7,6.3,-999,-999
21-05-2012 10:00:00 PM,-24.6,995.6,6.6,-999,-999
21-05-2012 11:00:00 PM,-24.4,995.8,5.8,-999,-999
22-05-2012 12:00:00 AM,-23.8,995.6,7.8,-999,-999
22-05-2012 01:00:00 AM,-21.7,994.9,12.5,-999,-999
22-05-2012 02:00:00 AM,-20.3,994.3,15.2,-999,-999
22-05-2012 03:00:00 AM,-23.0,994.2,7.6,-999,-999
22-05-2012 04:00:00 AM,-24.4,993.9,5.8,-999,-999
22-05-2012 05:00:00 AM,-24.1,994.0,5.1,-999,-999
22-05-2012 06:00:00 AM,-23.8,993.4,4.3,-999,-999
22-05-2012 07:00:00 AM,-24.0,993.2,5.7,-999,-999
22-05-2012 08:00:00 AM,-23.5,992.6,2.4,-999,-999
22-05-2012 09:00:00 AM,-23.7,991.8,5.1,-999,-999
22-05-2012 10:00:00 AM,-23.8,991.6,5.2,-999,-999
22-05-2012 11:00:00 AM,-24.5,991.3,4.8,-999,-999
22-05-2012 12:00:00 PM,-24.3,991.0,4.6,-999,-999
22-05-2012 01:00:00 PM,-23.8,990.7,6.0,-999,-999
22-05-2012 02:00:00 PM,-23.9,989.7,3.7,-999,-999
22-05-2012 03:00:00 PM,-23.6,988.4,7.6,-999,-999
22-05-2012 04:00:00 PM,-21.8,987.7,2.8,-999,-999
22-05-2012 05:00:00 PM,-20.8,987.5,6.0,-999,-999
22-05-2012 06:00:00 PM,-21.0,986.5,8.5,-999,-999
22-05-2012 07:00:00 PM,-20.8,986.7,8.4,-999,-999
22-05-2012 08:00:00 PM,-20.3,986.1,11.1,-999,-999
22-05-2012 09:00:00 PM,-19.9,986.0,9.3,-999,-999
22-05-2012 10:00:00 PM,-19.7,985.4,10.0,-999,-999
22-05-2012 11:00:00 PM,-19.8,985.1,11.8,-999,-999
23-05-2012 12:00:00 AM,-20.0,984.4,11.1,-999,-999
23-05-2012 01:00:00 AM,-20.0,984.1,11.8,-999,-999
23-05-2012 02:00:00 AM,-19.5,983.6,13.0,-999,-999
23-05-2012 03:00:00 AM,-19.2,983.3,14.3,-999,-999
23-05-2012 04:00:00 AM,-19.1,983.2,17.7,-999,-999
23-05-2012 05:00:00 AM,-18.7,982.9,15.7,-999,-999
23-05-2012 06:00:00 AM,-19.5,983.1,11.3,-999,-999
23-05-2012 07:00:00 AM,-20.0,983.5,6.2,-999,-999
23-05-2012 08:00:00 AM,-20.2,983.7,4.5,-999,-999
23-05-2012 09:00:00 AM,-20.3,983.9,6.5,-999,-999
23-05-2012 10:00:00 AM,-20.6,984.3,4.9,-999,-999
23-05-2012 11:00:00 AM,-21.2,984.5,4.7,-999,-999
23-05-2012 12:00:00 PM,-21.3,984.6,11.0,-999,-999
23-05-2012 01:00:00 PM,-21.4,985.2,7.2,-999,-999
23-05-2012 02:00:00 PM,-21.2,985.1,10.2,-999,-999
23-05-2012 03:00:00 PM,-21.5,984.9,7.9,-999,-999
23-05-2012 04:00:00 PM,-21.7,984.9,1.6,-999,-999
23-05-2012 05:00:00 PM,-22.8,985.0,4.6,-999,-999
23-05-2012 06:00:00 PM,-22.8,985.0,3.0,-999,-999
23-05-2012 07:00:00 PM,-23.5,984.8,2.8,-999,-999
23-05-2012 08:00:00 PM,-23.7,984.9,4.3,-999,-999
23-05-2012 09:00:00 PM,-24.2,984.6,5.6,-999,-999
23-05-2012 10:00:00 PM,-24.0,984.3,5.9,-999,-999
23-05-2012 11:00:00 PM,-24.9,984.5,6.7,-999,-999
24-05-2012 12:00:00 AM,-24.9,984.4,5.4,-999,-999
24-05-2012 01:00:00 AM,-24.8,984.1,5.3,-999,-999
24-05-2012 02:00:00 AM,-25.4,984.3,6.5,-999,-999
24-05-2012 03:00:00 AM,-25.3,984.0,5.0,-999,-999
24-05-2012 04:00:00 AM,-25.2,983.3,5.5,-999,-999
24-05-2012 05:00:00 AM,-25.0,982.9,3.1,-999,-999
24-05-2012 06:00:00 AM,-25.0,981.9,4.6,-999,-999
24-05-2012 07:00:00 AM,-24.3,981.4,4.8,-999,-999
24-05-2012 08:00:00 AM,-24.9,981.1,5.9,-999,-999
24-05-2012 09:00:00 AM,-24.7,980.6,3.6,-999,-999
24-05-2012 10:00:00 AM,-24.1,980.5,6.5,-999,-999
24-05-2012 11:00:00 AM,-24.4,980.9,6.9,-999,-999
24-05-2012 12:00:00 PM,-23.7,981.3,6.3,-999,-999
24-05-2012 01:00:00 PM,-22.6,981.2,3.8,-999,-999
24-05-2012 02:00:00 PM,-22.6,981.5,3.4,-999,-999
24-05-2012 03:00:00 PM,-22.7,981.9,3.0,-999,-999
24-05-2012 04:00:00 PM,-21.5,982.1,10.8,-999,-999
24-05-2012 05:00:00 PM,-24.7,983.2,3.5,-999,-999
24-05-2012 06:00:00 PM,-20.4,984.0,15.1,-999,-999
24-05-2012 07:00:00 PM,-23.3,985.4,4.9,-999,-999
24-05-2012 08:00:00 PM,-23.7,986.5,5.9,-999,-999
24-05-2012 09:00:00 PM,-23.2,986.8,8.1,-999,-999
24-05-2012 10:00:00 PM,-23.2,987.3,9.4,-999,-999
24-05-2012 11:00:00 PM,-24.8,987.8,5.2,-999,-999
25-05-2012 12:00:00 AM,-25.6,988.2,1.9,-999,-999
25-05-2012 01:00:00 AM,-26.0,988.2,5.2,-999,-999
25-05-2012 02:00:00 AM,-26.1,988.1,5.1,-999,-999
25-05-2012 03:00:00 AM,-26.4,987.5,6.8,-999,-999
25-05-2012 04:00:00 AM,-26.2,987.4,2.3,-999,-999
25-05-2012 05:00:00 AM,-25.7,986.8,4.1,-999,-999
25-05-2012 06:00:00 AM,-24.9,986.8,3.3,-999,-999
25-05-2012 07:00:00 AM,-24.7,986.3,5.5,-999,-999
25-05-2012 08:00:00 AM,-24.1,986.2,6.7,-999,-999
25-05-2012 09:00:00 AM,-23.5,986.2,5.8,-999,-999
25-05-2012 10:00:00 AM,-22.3,985.1,14.4,-999,-999
25-05-2012 11:00:00 AM,-19.1,985.5,6.4,-999,-999
25-05-2012 12:00:00 PM,-22.7,985.4,6.2,-999,-999
25-05-2012 01:00:00 PM,-15.4,984.6,12.0,-999,-999
25-05-2012 02:00:00 PM,-14.0,985.2,19.7,-999,-999
25-05-2012 03:00:00 PM,-14.5,985.3,14.3,-999,-999
25-05-2012 04:00:00 PM,-14.8,985.0,13.7,-999,-999
25-05-2012 05:00:00 PM,-12.9,984.4,16.5,-999,-999
25-05-2012 06:00:00 PM,-11.4,984.0,19.4,-999,-999
25-05-2012 07:00:00 PM,-11.3,984.0,20.7,-999,-999
25-05-2012 08:00:00 PM,-11.7,983.9,20.6,-999,-999
25-05-2012 09:00:00 PM,-12.7,984.2,19.5,-999,-999
25-05-2012 10:00:00 PM,-14.2,984.8,16.8,-999,-999
25-05-2012 11:00:00 PM,-15.8,985.6,28.2,-999,-999
26-05-2012 12:00:00 AM,-16.6,986.3,23.6,-999,-999
26-05-2012 01:00:00 AM,-16.5,986.1,25.0,-999,-999
26-05-2012 02:00:00 AM,-16.0,985.5,26.7,-999,-999
26-05-2012 03:00:00 AM,-15.3,985.5,24.4,-999,-999
26-05-2012 04:00:00 AM,-14.4,984.5,30.3,-999,-999
26-05-2012 05:00:00 AM,-14.2,984.3,32.9,-999,-999
26-05-2012 06:00:00 AM,-14.2,983.8,36.2,-999,-999
26-05-2012 07:00:00 AM,-13.9,983.3,34.2,-999,-999
26-05-2012 08:00:00 AM,-13.8,982.7,32.3,-999,-999
26-05-2012 09:00:00 AM,-13.9,983.3,32.4,-999,-999
26-05-2012 10:00:00 AM,-13.9,983.2,34.8,-999,-999
26-05-2012 11:00:00 AM,-14.0,983.1,29.9,-999,-999
26-05-2012 12:00:00 PM,-13.8,982.5,37.1,-999,-999
26-05-2012 01:00:00 PM,-14.0,983.4,24.6,-999,-999
26-05-2012 02:00:00 PM,-14.5,983.3,29.2,-999,-999
26-05-2012 03:00:00 PM,-14.2,984.3,25.9,-999,-999
26-05-2012 04:00:00 PM,-14.4,984.6,28.7,-999,-999
26-05-2012 05:00:00 PM,-14.3,984.9,29.9,-999,-999
26-05-2012 06:00:00 PM,-14.3,985.6,26.4,-999,-999
26-05-2012 07:00:00 PM,-14.4,985.7,28.6,-999,-999
26-05-2012 08:00:00 PM,-14.2,985.5,31.2,-999,-999
26-05-2012 09:00:00 PM,-14.4,986.0,30.2,-999,-999
26-05-2012 10:00:00 PM,-14.3,986.0,32.2,-999,-999
26-05-2012 11:00:00 PM,-14.5,986.6,29.8,-999,-999
27-05-2012 12:00:00 AM,-14.6,986.5,34.1,-999,-999
27-05-2012 01:00:00 AM,-14.6,987.0,32.1,-999,-999
27-05-2012 02:00:00 AM,-14.9,987.7,28.5,-999,-999
27-05-2012 03:00:00 AM,-15.1,988.3,28.3,-999,-999
27-05-2012 04:00:00 AM,-15.0,988.8,28.3,-999,-999
27-05-2012 05:00:00 AM,-15.0,989.1,25.3,-999,-999
27-05-2012 06:00:00 AM,-14.8,989.6,25.3,-999,-999
27-05-2012 07:00:00 AM,-14.9,989.4,16.6,-999,-999
27-05-2012 08:00:00 AM,-14.7,989.1,20.2,-999,-999
27-05-2012 09:00:00 AM,-14.8,988.9,18.6,-999,-999
27-05-2012 10:00:00 AM,-14.7,988.8,24.1,-999,-999
27-05-2012 11:00:00 AM,-14.5,989.0,24.8,-999,-999
27-05-2012 12:00:00 PM,-14.3,988.9,23.4,-999,-999
27-05-2012 01:00:00 PM,-14.2,988.9,17.7,-999,-999
27-05-2012 02:00:00 PM,-14.1,988.8,20.7,-999,-999
27-05-2012 03:00:00 PM,-14.0,989.0,17.7,-999,-999
27-05-2012 04:00:00 PM,-14.1,988.6,20.0,-999,-999
27-05-2012 05:00:00 PM,-13.9,988.9,15.4,-999,-999
27-05-2012 06:00:00 PM,-14.2,988.7,12.9,-999,-999
27-05-2012 07:00:00 PM,-14.4,988.7,13.4,-999,-999
27-05-2012 08:00:00 PM,-14.1,988.8,18.8,-999,-999
27-05-2012 09:00:00 PM,-14.1,988.8,14.3,-999,-999
27-05-2012 10:00:00 PM,-13.9,988.5,22.4,-999,-999
27-05-2012 11:00:00 PM,-14.1,988.4,22.8,-999,-999
28-05-2012 12:00:00 AM,-14.2,988.0,16.9,-999,-999
28-05-2012 01:00:00 AM,-14.0,987.5,15.3,-999,-999
28-05-2012 02:00:00 AM,-13.5,987.1,25.0,-999,-999
28-05-2012 03:00:00 AM,-13.2,986.6,19.9,-999,-999
28-05-2012 04:00:00 AM,-12.8,986.4,15.4,-999,-999
28-05-2012 05:00:00 AM,-12.0,985.9,14.7,-999,-999
28-05-2012 06:00:00 AM,-11.7,985.4,23.1,-999,-999
28-05-2012 07:00:00 AM,-11.3,985.0,23.0,-999,-999
28-05-2012 08:00:00 AM,-11.1,984.4,18.6,-999,-999
28-05-2012 09:00:00 AM,-11.2,983.8,20.6,-999,-999
28-05-2012 10:00:00 AM,-11.3,983.4,24.3,-999,-999
28-05-2012 11:00:00 AM,-11.6,982.9,24.4,-999,-999
28-05-2012 12:00:00 PM,-10.9,982.1,26.3,-999,-999
28-05-2012 01:00:00 PM,-10.4,981.0,27.3,-999,-999
28-05-2012 02:00:00 PM,-10.1,980.2,29.4,-999,-999
28-05-2012 03:00:00 PM,-10.1,979.3,37.2,-999,-999
28-05-2012 04:00:00 PM,-10.5,979.1,35.2,-999,-999
28-05-2012 05:00:00 PM,-10.4,978.8,30.9,-999,-999
28-05-2012 06:00:00 PM,-10.6,978.4,30.9,-999,-999
28-05-2012 07:00:00 PM,-10.5,977.9,32.1,-999,-999
28-05-2012 08:00:00 PM,-10.4,978.0,29.4,-999,-999
28-05-2012 09:00:00 PM,-10.3,977.4,32.5,-999,-999
28-05-2012 10:00:00 PM,-10.2,977.1,29.8,-999,-999
28-05-2012 11:00:00 PM,-9.9,976.8,33.0,-999,-999
29-05-2012 12:00:00 AM,-10.0,977.2,32.0,-999,-999
29-05-2012 01:00:00 AM,-9.8,977.4,37.3,-999,-999
29-05-2012 02:00:00 AM,-9.9,977.5,34.5,-999,-999
29-05-2012 03:00:00 AM,-9.6,977.3,35.4,-999,-999
29-05-2012 04:00:00 AM,-9.5,977.0,34.8,-999,-999
29-05-2012 05:00:00 AM,-9.5,977.2,38.0,-999,-999
29-05-2012 06:00:00 AM,-9.4,977.5,35.0,-999,-999
29-05-2012 07:00:00 AM,-9.4,978.0,31.2,-999,-999
29-05-2012 08:00:00 AM,-9.6,977.9,36.9,-999,-999
29-05-2012 09:00:00 AM,-9.7,977.8,35.1,-999,-999
29-05-2012 10:00:00 AM,-9.6,977.5,38.6,-999,-999
29-05-2012 11:00:00 AM,-9.5,977.8,32.0,-999,-999
29-05-2012 12:00:00 PM,-9.3,977.6,36.4,-999,-999
29-05-2012 01:00:00 PM,-9.2,977.8,35.2,-999,-999
29-05-2012 02:00:00 PM,-9.1,977.8,36.1,-999,-999
29-05-2012 03:00:00 PM,-9.0,977.9,34.6,-999,-999
29-05-2012 04:00:00 PM,-8.6,978.1,35.4,-999,-999
29-05-2012 05:00:00 PM,-8.4,978.4,33.3,-999,-999
29-05-2012 06:00:00 PM,-8.2,979.2,30.1,-999,-999
29-05-2012 07:00:00 PM,-8.1,979.5,26.9,-999,-999
29-05-2012 08:00:00 PM,-7.8,980.0,24.8,-999,-999
29-05-2012 09:00:00 PM,-7.7,980.2,22.3,-999,-999
29-05-2012 10:00:00 PM,-7.5,979.9,24.9,-999,-999
29-05-2012 11:00:00 PM,-7.5,980.6,24.8,-999,-999
30-05-2012 12:00:00 AM,-7.7,980.7,21.2,-999,-999
30-05-2012 01:00:00 AM,-7.4,980.5,18.7,-999,-999
30-05-2012 02:00:00 AM,-6.9,979.8,29.4,-999,-999
30-05-2012 03:00:00 AM,-6.4,979.8,32.3,-999,-999
30-05-2012 04:00:00 AM,-6.8,979.8,34.6,-999,-999
30-05-2012 05:00:00 AM,-7.2,979.8,38.5,-999,-999
30-05-2012 06:00:00 AM,-7.6,979.9,35.7,-999,-999
30-05-2012 07:00:00 AM,-7.5,979.5,44.0,-999,-999
30-05-2012 08:00:00 AM,-7.9,979.9,33.3,-999,-999
30-05-2012 09:00:00 AM,-7.3,979.7,38.8,-999,-999
30-05-2012 10:00:00 AM,-7.5,980.6,38.5,-999,-999
30-05-2012 11:00:00 AM,-7.4,980.7,36.3,-999,-999
30-05-2012 12:00:00 PM,-7.5,981.2,34.1,-999,-999
30-05-2012 01:00:00 PM,-7.6,982.7,33.7,-999,-999
30-05-2012 02:00:00 PM,-7.7,983.3,27.6,-999,-999
30-05-2012 03:00:00 PM,-7.6,984.4,28.4,-999,-999
30-05-2012 04:00:00 PM,-7.7,984.5,26.7,-999,-999
30-05-2012 05:00:00 PM,-7.9,984.9,26.8,-999,-999
30-05-2012 06:00:00 PM,-7.9,985.6,20.9,-999,-999
30-05-2012 07:00:00 PM,-8.0,985.9,17.7,-999,-999
30-05-2012 08:00:00 PM,-8.0,985.8,22.7,-999,-999
30-05-2012 09:00:00 PM,-7.5,985.3,24.6,-999,-999
30-05-2012 10:00:00 PM,-7.4,985.1,32.9,-999,-999
30-05-2012 11:00:00 PM,-7.5,985.2,32.6,-999,-999
31-05-2012 12:00:00 AM,-7.9,985.7,28.8,-999,-999
31-05-2012 01:00:00 AM,-9.0,985.7,28.1,-999,-999
31-05-2012 02:00:00 AM,-8.3,985.5,29.0,-999,-999
31-05-2012 03:00:00 AM,-7.9,985.8,24.6,-999,-999
31-05-2012 04:00:00 AM,-7.3,985.5,25.8,-999,-999
31-05-2012 05:00:00 AM,-7.8,985.8,28.1,-999,-999
31-05-2012 06:00:00 AM,-7.8,986.0,26.2,-999,-999
31-05-2012 07:00:00 AM,-7.4,985.8,26.7,-999,-999
31-05-2012 08:00:00 AM,-7.1,985.8,24.6,-999,-999
31-05-2012 09:00:00 AM,-7.1,986.1,18.9,-999,-999
31-05-2012 10:00:00 AM,-6.9,985.8,22.5,-999,-999
31-05-2012 11:00:00 AM,-7.3,986.3,17.4,-999,-999
31-05-2012 12:00:00 PM,-7.9,986.2,23.3,-999,-999
31-05-2012 01:00:00 PM,-7.9,985.9,18.5,-999,-999
31-05-2012 02:00:00 PM,-7.4,985.8,12.7,-999,-999
31-05-2012 03:00:00 PM,-8.5,985.7,11.0,-999,-999
31-05-2012 04:00:00 PM,-8.8,985.8,11.1,-999,-999
31-05-2012 05:00:00 PM,-9.3,985.2,13.6,-999,-999
31-05-2012 06:00:00 PM,-9.2,984.8,14.1,-999,-999
31-05-2012 07:00:00 PM,-9.2,985.0,12.7,-999,-999
31-05-2012 08:00:00 PM,-9.6,984.4,15.5,-999,-999
31-05-2012 09:00:00 PM,-9.9,984.3,15.2,-999,-999
31-05-2012 10:00:00 PM,-10.4,984.1,19.2,-999,-999
31-05-2012 11:00:00 PM,-10.7,984.1,15.6,-999,-999
01-06-2012 12:00:00 AM,-11.1,983.9,14.6,-999,-999
01-06-2012 01:00:00 AM,-11.1,983.6,15.8,-999,-999
01-06-2012 02:00:00 AM,-11.2,983.3,16.4,-999,-999
01-06-2012 03:00:00 AM,-11.2,982.7,16.6,-999,-999
01-06-2012 04:00:00 AM,-11.3,982.3,16.2,-999,-999
01-06-2012 05:00:00 AM,-11.8,982.4,16.8,-999,-999
01-06-2012 06:00:00 AM,-12.1,982.3,14.8,-999,-999
01-06-2012 07:00:00 AM,-12.3,982.3,16.3,-999,-999
01-06-2012 08:00:00 AM,-12.2,982.0,15.8,-999,-999
01-06-2012 09:00:00 AM,-12.3,981.7,17.5,-999,-999
01-06-2012 10:00:00 AM,-12.2,981.3,16.6,-999,-999
01-06-2012 11:00:00 AM,-12.4,981.1,16.4,-999,-999
01-06-2012 12:00:00 PM,-12.5,981.1,16.4,-999,-999
01-06-2012 01:00:00 PM,-12.6,981.1,16.6,-999,-999
01-06-2012 02:00:00 PM,-12.7,980.8,19.8,-999,-999
01-06-2012 03:00:00 PM,-12.7,980.4,18.5,-999,-999
01-06-2012 04:00:00 PM,-12.8,980.2,20.2,-999,-999
01-06-2012 05:00:00 PM,-12.8,980.5,21.4,-999,-999
01-06-2012 06:00:00 PM,-12.9,980.5,21.6,-999,-999
01-06-2012 07:00:00 PM,-12.9,980.7,21.3,-999,-999
01-06-2012 08:00:00 PM,-13.1,980.9,19.0,-999,-999
01-06-2012 09:00:00 PM,-13.1,981.2,17.4,-999,-999
01-06-2012 10:00:00 PM,-13.2,981.7,19.5,-999,-999
01-06-2012 11:00:00 PM,-13.2,982.0,22.2,-999,-999
02-06-2012 12:00:00 AM,-13.2,982.6,20.0,-999,-999
02-06-2012 01:00:00 AM,-13.2,982.8,23.2,-999,-999
02-06-2012 02:00:00 AM,-13.2,982.9,21.3,-999,-999
02-06-2012 03:00:00 AM,-13.1,983.6,18.6,-999,-999
02-06-2012 04:00:00 AM,-13.0,984.4,17.8,-999,-999
02-06-2012 05:00:00 AM,-13.1,984.9,16.6,-999,-999
02-06-2012 06:00:00 AM,-13.5,985.4,24.5,-999,-999
02-06-2012 07:00:00 AM,-13.5,985.9,25.1,-999,-999
02-06-2012 08:00:00 AM,-13.2,986.8,26.1,-999,-999
02-06-2012 09:00:00 AM,-13.4,987.3,25.5,-999,-999
02-06-2012 10:00:00 AM,-13.4,988.1,24.6,-999,-999
02-06-2012 11:00:00 AM,-13.2,988.9,18.9,-999,-999
02-06-2012 12:00:00 PM,-13.2,989.5,21.9,-999,-999
02-06-2012 01:00:00 PM,-13.3,990.3,17.9,-999,-999
02-06-2012 02:00:00 PM,-13.1,991.0,16.9,-999,-999
02-06-2012 03:00:00 PM,-13.1,991.8,21.3,-999,-999
02-06-2012 04:00:00 PM,-13.1,991.8,22.8,-999,-999
02-06-2012 05:00:00 PM,-13.3,992.8,22.1,-999,-999
02-06-2012 06:00:00 PM,-13.5,993.4,21.1,-999,-999
02-06-2012 07:00:00 PM,-14.1,993.9,21.2,-999,-999
02-06-2012 08:00:00 PM,-13.8,994.4,22.0,-999,-999
02-06-2012 09:00:00 PM,-14.1,994.8,23.7,-999,-999
02-06-2012 10:00:00 PM,-13.7,994.9,21.1,-999,-999
02-06-2012 11:00:00 PM,-13.5,995.4,22.4,-999,-999
03-06-2012 12:00:00 AM,-13.5,995.6,24.0,-999,-999
03-06-2012 01:00:00 AM,-13.7,995.9,24.9,-999,-999
03-06-2012 02:00:00 AM,-13.9,996.4,25.7,-999,-999
03-06-2012 03:00:00 AM,-13.6,996.4,21.0,-999,-999
03-06-2012 04:00:00 AM,-13.1,996.3,23.5,-999,-999
03-06-2012 05:00:00 AM,-13.4,996.7,20.9,-999,-999
03-06-2012 06:00:00 AM,-13.7,996.9,19.4,-999,-999
03-06-2012 07:00:00 AM,-13.7,997.2,24.7,-999,-999
03-06-2012 08:00:00 AM,-13.3,997.2,24.3,-999,-999
03-06-2012 09:00:00 AM,-12.9,997.0,24.2,-999,-999
03-06-2012 10:00:00 AM,-13.3,996.8,24.4,-999,-999
03-06-2012 11:00:00 AM,-13.1,996.9,27.1,-999,-999
03-06-2012 12:00:00 PM,-12.9,997.0,25.8,-999,-999
03-06-2012 01:00:00 PM,-12.5,996.7,28.8,-999,-999
03-06-2012 02:00:00 PM,-12.5,996.7,30.2,-999,-999
03-06-2012 03:00:00 PM,-12.1,996.5,31.0,-999,-999
03-06-2012 04:00:00 PM,-12.2,996.4,28.6,-999,-999
03-06-2012 05:00:00 PM,-12.2,996.3,33.5,-999,-999
03-06-2012 06:00:00 PM,-12.1,996.5,33.6,-999,-999
03-06-2012 07:00:00 PM,-11.9,996.6,31.0,-999,-999
03-06-2012 08:00:00 PM,-11.6,996.3,30.0,-999,-999
03-06-2012 09:00:00 PM,-11.1,997.1,24.9,-999,-999
03-06-2012 10:00:00 PM,-11.0,996.9,23.5,-999,-999
03-06-2012 11:00:00 PM,-11.0,997.1,16.2,-999,-999
04-06-2012 12:00:00 AM,-10.8,997.1,22.8,-999,-999
04-06-2012 01:00:00 AM,-10.7,997.3,22.3,-999,-999
04-06-2012 02:00:00 AM,-10.8,996.9,19.9,-999,-999
04-06-2012 03:00:00 AM,-11.1,996.5,23.4,-999,-999
04-06-2012 04:00:00 AM,-11.2,996.5,22.4,-999,-999
04-06-2012 05:00:00 AM,-11.2,996.4,18.8,-999,-999
04-06-2012 06:00:00 AM,-11.4,996.5,17.7,-999,-999
04-06-2012 07:00:00 AM,-11.6,996.8,16.6,-999,-999
04-06-2012 08:00:00 AM,-11.8,996.5,21.4,-999,-999
04-06-2012 09:00:00 AM,-12.0,996.5,17.9,-999,-999
04-06-2012 10:00:00 AM,-11.9,996.4,18.9,-999,-999
04-06-2012 11:00:00 AM,-12.9,996.2,15.2,-999,-999
04-06-2012 12:00:00 PM,-13.5,996.5,5.9,-999,-999
04-06-2012 01:00:00 PM,-14.5,996.4,5.2,-999,-999
04-06-2012 02:00:00 PM,-15.9,996.2,19.0,-999,-999
04-06-2012 03:00:00 PM,-15.6,995.6,17.6,-999,-999
04-06-2012 04:00:00 PM,-16.7,995.6,16.8,-999,-999
04-06-2012 05:00:00 PM,-16.5,995.6,21.0,-999,-999
04-06-2012 06:00:00 PM,-16.3,995.7,3.6,-999,-999
04-06-2012 07:00:00 PM,-13.5,995.6,10.1,-999,-999
04-06-2012 08:00:00 PM,-16.2,995.6,8.2,-999,-999
04-06-2012 09:00:00 PM,-14.2,995.4,14.0,-999,-999
04-06-2012 10:00:00 PM,-15.9,995.4,5.8,-999,-999
04-06-2012 11:00:00 PM,-14.3,995.0,11.4,-999,-999
05-06-2012 12:00:00 AM,-15.3,994.8,9.1,-999,-999
05-06-2012 01:00:00 AM,-14.3,994.4,15.2,-999,-999
05-06-2012 02:00:00 AM,-18.7,995.4,6.2,-999,-999
05-06-2012 03:00:00 AM,-16.6,995.2,2.3,-999,-999
05-06-2012 04:00:00 AM,-14.9,995.1,4.7,-999,-999
05-06-2012 05:00:00 AM,-14.2,994.1,25.1,-999,-999
05-06-2012 06:00:00 AM,-13.3,995.3,9.1,-999,-999
05-06-2012 07:00:00 AM,-18.1,996.9,7.2,-999,-999
05-06-2012 08:00:00 AM,-13.5,997.7,17.2,-999,-999
05-06-2012 09:00:00 AM,-15.1,999.8,15.8,-999,-999
05-06-2012 10:00:00 AM,-15.3,1000.3,14.9,-999,-999
05-06-2012 11:00:00 AM,-15.5,1000.9,20.0,-999,-999
05-06-2012 12:00:00 PM,-16.3,1002.3,10.2,-999,-999
05-06-2012 01:00:00 PM,-17.3,1003.0,5.1,-999,-999
05-06-2012 02:00:00 PM,-18.6,1004.1,6.8,-999,-999
05-06-2012 03:00:00 PM,-19.1,1005.2,9.0,-999,-999
05-06-2012 04:00:00 PM,-19.4,1006.5,11.3,-999,-999
05-06-2012 05:00:00 PM,-18.7,1007.6,11.0,-999,-999
05-06-2012 06:00:00 PM,-18.7,1008.5,12.0,-999,-999
05-06-2012 07:00:00 PM,-19.5,1008.9,11.6,-999,-999
05-06-2012 08:00:00 PM,-20.5,1009.1,9.1,-999,-999
05-06-2012 09:00:00 PM,-21.2,1009.9,12.2,-999,-999
05-06-2012 10:00:00 PM,-21.3,1009.9,14.6,-999,-999
05-06-2012 11:00:00 PM,-20.8,1009.8,14.8,-999,-999
06-06-2012 12:00:00 AM,-20.0,1010.1,15.4,-999,-999
06-06-2012 01:00:00 AM,-18.6,1010.5,16.1,-999,-999
06-06-2012 02:00:00 AM,-19.2,1010.7,15.6,-999,-999
06-06-2012 03:00:00 AM,-19.9,1010.7,15.2,-999,-999
06-06-2012 04:00:00 AM,-20.1,1010.5,18.8,-999,-999
06-06-2012 05:00:00 AM,-19.8,1010.7,11.1,-999,-999
06-06-2012 06:00:00 AM,-19.7,1011.1,5.2,-999,-999
06-06-2012 07:00:00 AM,-22.7,1011.8,8.2,-999,-999
06-06-2012 08:00:00 AM,-23.2,1012.1,6.1,-999,-999
06-06-2012 09:00:00 AM,-19.5,1011.7,3.3,-999,-999
06-06-2012 10:00:00 AM,-18.5,1011.7,11.6,-999,-999
06-06-2012 11:00:00 AM,-17.6,1011.8,11.1,-999,-999
06-06-2012 12:00:00 PM,-18.5,1012.0,4.4,-999,-999
06-06-2012 01:00:00 PM,-16.8,1012.3,12.4,-999,-999
06-06-2012 02:00:00 PM,-19.0,1012.6,5.8,-999,-999
06-06-2012 03:00:00 PM,-15.5,1012.2,11.5,-999,-999
06-06-2012 04:00:00 PM,-14.8,1012.1,16.9,-999,-999
06-06-2012 05:00:00 PM,-14.9,1012.1,14.2,-999,-999
06-06-2012 06:00:00 PM,-19.3,1011.8,9.3,-999,-999
06-06-2012 07:00:00 PM,-18.8,1011.9,7.9,-999,-999
06-06-2012 08:00:00 PM,-20.6,1011.9,6.4,-999,-999
06-06-2012 09:00:00 PM,-16.6,1011.3,9.8,-999,-999
06-06-2012 10:00:00 PM,-17.3,1010.5,12.8,-999,-999
06-06-2012 11:00:00 PM,-17.3,1010.1,3.0,-999,-999
07-06-2012 12:00:00 AM,-18.3,1010.1,11.5,-999,-999
07-06-2012 01:00:00 AM,-15.9,1009.4,9.1,-999,-999
07-06-2012 02:00:00 AM,-17.2,1008.8,8.3,-999,-999
07-06-2012 03:00:00 AM,-16.3,1008.1,9.9,-999,-999
07-06-2012 04:00:00 AM,-18.7,1007.3,9.3,-999,-999
07-06-2012 05:00:00 AM,-20.2,1007.1,9.2,-999,-999
07-06-2012 06:00:00 AM,-15.4,1006.0,19.9,-999,-999
07-06-2012 07:00:00 AM,-20.0,1005.3,5.7,-999,-999
07-06-2012 08:00:00 AM,-19.7,1004.2,6.6,-999,-999
07-06-2012 09:00:00 AM,-19.9,1003.4,1.4,-999,-999
07-06-2012 10:00:00 AM,-18.7,1003.0,1.0,-999,-999
07-06-2012 11:00:00 AM,-19.8,1002.5,5.4,-999,-999
07-06-2012 12:00:00 PM,-19.8,1001.9,6.3,-999,-999
07-06-2012 01:00:00 PM,-19.1,1001.2,4.7,-999,-999
07-06-2012 02:00:00 PM,-17.2,1000.5,5.7,-999,-999
07-06-2012 03:00:00 PM,-15.8,999.7,4.9,-999,-999
07-06-2012 04:00:00 PM,-17.1,999.5,4.5,-999,-999
07-06-2012 05:00:00 PM,-17.0,999.1,6.2,-999,-999
07-06-2012 06:00:00 PM,-16.7,998.7,4.8,-999,-999
07-06-2012 07:00:00 PM,-17.4,998.2,4.5,-999,-999
07-06-2012 08:00:00 PM,-15.2,997.7,6.6,-999,-999
07-06-2012 09:00:00 PM,-17.2,998.1,6.3,-999,-999
07-06-2012 10:00:00 PM,-17.1,997.8,8.1,-999,-999
07-06-2012 11:00:00 PM,-18.5,998.1,6.1,-999,-999
08-06-2012 12:00:00 AM,-17.2,997.2,10.3,-999,-999
08-06-2012 01:00:00 AM,-14.2,997.2,15.2,-999,-999
08-06-2012 02:00:00 AM,-13.6,997.2,2.9,-999,-999
08-06-2012 03:00:00 AM,-12.4,996.8,18.1,-999,-999
08-06-2012 04:00:00 AM,-12.1,996.7,20.7,-999,-999
08-06-2012 05:00:00 AM,-12.6,997.3,16.5,-999,-999
08-06-2012 06:00:00 AM,-13.0,997.6,17.2,-999,-999
08-06-2012 07:00:00 AM,-13.8,997.6,12.4,-999,-999
08-06-2012 08:00:00 AM,-13.9,998.0,15.6,-999,-999
08-06-2012 09:00:00 AM,-14.1,997.7,11.1,-999,-999
08-06-2012 10:00:00 AM,-15.0,998.0,15.1,-999,-999
08-06-2012 11:00:00 AM,-15.4,998.4,12.3,-999,-999
08-06-2012 12:00:00 PM,-14.9,998.1,10.5,-999,-999
08-06-2012 01:00:00 PM,-13.5,997.4,26.2,-999,-999
08-06-2012 02:00:00 PM,-13.4,997.8,18.3,-999,-999
08-06-2012 03:00:00 PM,-14.0,997.9,20.5,-999,-999
08-06-2012 04:00:00 PM,-14.1,998.3,18.4,-999,-999
08-06-2012 05:00:00 PM,-13.6,998.6,14.0,-999,-999
08-06-2012 06:00:00 PM,-16.1,998.3,10.3,-999,-999
08-06-2012 07:00:00 PM,-15.9,998.8,5.8,-999,-999
08-06-2012 08:00:00 PM,-18.0,998.9,9.3,-999,-999
08-06-2012 09:00:00 PM,-15.0,999.0,7.2,-999,-999
08-06-2012 10:00:00 PM,-17.7,999.5,6.5,-999,-999
08-06-2012 11:00:00 PM,-17.6,1000.0,6.3,-999,-999
09-06-2012 12:00:00 AM,-16.2,1000.6,13.8,-999,-999
09-06-2012 01:00:00 AM,-15.3,1000.8,14.3,-999,-999
09-06-2012 02:00:00 AM,-17.2,1001.2,13.2,-999,-999
09-06-2012 03:00:00 AM,-15.6,1000.8,7.8,-999,-999
09-06-2012 04:00:00 AM,-17.0,1000.3,7.8,-999,-999
09-06-2012 05:00:00 AM,-18.9,1000.7,5.4,-999,-999
09-06-2012 06:00:00 AM,-16.6,1000.6,7.9,-999,-999
09-06-2012 07:00:00 AM,-18.4,1001.3,11.4,-999,-999
09-06-2012 08:00:00 AM,-19.9,1001.7,11.3,-999,-999
09-06-2012 09:00:00 AM,-19.3,1001.8,15.5,-999,-999
09-06-2012 10:00:00 AM,-19.2,1001.8,16.3,-999,-999
09-06-2012 11:00:00 AM,-18.6,1002.2,11.4,-999,-999
09-06-2012 12:00:00 PM,-18.1,1002.1,11.9,-999,-999
09-06-2012 01:00:00 PM,-19.3,1002.4,15.6,-999,-999
09-06-2012 02:00:00 PM,-19.6,1002.1,11.8,-999,-999
09-06-2012 03:00:00 PM,-18.8,1001.8,10.9,-999,-999
09-06-2012 04:00:00 PM,-21.3,1002.2,9.2,-999,-999
09-06-2012 05:00:00 PM,-20.4,1001.9,14.1,-999,-999
09-06-2012 06:00:00 PM,-20.6,1002.4,6.0,-999,-999
09-06-2012 07:00:00 PM,-20.8,1001.8,9.1,-999,-999
09-06-2012 08:00:00 PM,-22.2,1001.8,8.8,-999,-999
09-06-2012 09:00:00 PM,-22.9,1002.1,4.8,-999,-999
09-06-2012 10:00:00 PM,-23.3,1002.3,6.8,-999,-999
09-06-2012 11:00:00 PM,-24.4,1003.1,3.2,-999,-999
10-06-2012 12:00:00 AM,-23.8,1003.1,7.4,-999,-999
10-06-2012 01:00:00 AM,-24.8,1003.4,3.9,-999,-999
10-06-2012 02:00:00 AM,-24.2,1003.2,6.3,-999,-999
10-06-2012 03:00:00 AM,-24.0,1002.6,5.9,-999,-999
10-06-2012 04:00:00 AM,-23.7,1002.1,4.9,-999,-999
10-06-2012 05:00:00 AM,-26.1,1002.0,5.9,-999,-999
10-06-2012 06:00:00 AM,-25.2,1001.9,7.0,-999,-999
10-06-2012 07:00:00 AM,-27.2,1001.5,3.7,-999,-999
10-06-2012 08:00:00 AM,-27.5,1002.0,4.6,-999,-999
10-06-2012 09:00:00 AM,-26.8,1002.0,6.8,-999,-999
10-06-2012 10:00:00 AM,-25.9,1001.7,5.7,-999,-999
10-06-2012 11:00:00 AM,-26.2,1001.9,7.5,-999,-999
10-06-2012 12:00:00 PM,-25.2,1002.1,1.8,-999,-999
10-06-2012 01:00:00 PM,-23.3,1002.6,3.2,-999,-999
10-06-2012 02:00:00 PM,-23.4,1003.4,6.4,-999,-999
10-06-2012 03:00:00 PM,-24.0,1003.6,8.9,-999,-999
10-06-2012 04:00:00 PM,-22.2,1004.7,11.0,-999,-999
10-06-2012 05:00:00 PM,-20.8,1004.9,12.7,-999,-999
10-06-2012 06:00:00 PM,-21.6,1005.1,12.1,-999,-999
10-06-2012 07:00:00 PM,-22.6,1005.6,2.4,-999,-999
10-06-2012 08:00:00 PM,-22.3,1006.1,8.4,-999,-999
10-06-2012 09:00:00 PM,-22.7,1006.2,6.9,-999,-999
10-06-2012 10:00:00 PM,-23.7,1006.5,8.4,-999,-999
10-06-2012 11:00:00 PM,-24.1,1006.5,5.8,-999,-999
11-06-2012 12:00:00 AM,-25.1,1007.6,11.7,-999,-999
11-06-2012 01:00:00 AM,-23.0,1007.7,6.2,-999,-999
11-06-2012 02:00:00 AM,-23.1,1008.3,8.3,-999,-999
11-06-2012 03:00:00 AM,-22.5,1008.4,11.3,-999,-999
11-06-2012 04:00:00 AM,-22.9,1009.3,8.4,-999,-999
11-06-2012 05:00:00 AM,-23.7,1009.2,5.0,-999,-999
11-06-2012 06:00:00 AM,-22.9,1009.0,6.9,-999,-999
11-06-2012 07:00:00 AM,-23.3,1008.9,8.8,-999,-999
11-06-2012 08:00:00 AM,-23.5,1008.9,10.5,-999,-999
11-06-2012 09:00:00 AM,-21.9,1008.5,11.5,-999,-999
11-06-2012 10:00:00 AM,-21.6,1008.3,5.3,-999,-999
11-06-2012 11:00:00 AM,-26.6,1008.5,8.9,-999,-999
11-06-2012 12:00:00 PM,-26.3,1008.3,7.5,-999,-999
11-06-2012 01:00:00 PM,-26.0,1008.3,7.4,-999,-999
11-06-2012 02:00:00 PM,-25.4,1007.9,6.2,-999,-999
11-06-2012 03:00:00 PM,-25.4,1007.3,7.0,-999,-999
11-06-2012 04:00:00 PM,-25.4,1007.1,5.0,-999,-999
11-06-2012 05:00:00 PM,-25.4,1006.3,8.1,-999,-999
11-06-2012 06:00:00 PM,-24.2,1006.1,2.9,-999,-999
11-06-2012 07:00:00 PM,-25.5,1005.8,6.7,-999,-999
11-06-2012 08:00:00 PM,-20.0,1005.5,4.5,-999,-999
11-06-2012 09:00:00 PM,-23.5,1005.3,2.4,-999,-999
11-06-2012 10:00:00 PM,-24.0,1005.2,5.6,-999,-999
11-06-2012 11:00:00 PM,-19.8,1004.8,10.0,-999,-999
12-06-2012 12:00:00 AM,-23.3,1005.3,4.8,-999,-999
12-06-2012 01:00:00 AM,-26.3,1005.4,1.6,-999,-999
12-06-2012 02:00:00 AM,-27.0,1005.3,4.9,-999,-999
12-06-2012 03:00:00 AM,-21.5,1005.1,7.2,-999,-999
12-06-2012 04:00:00 AM,-25.2,1004.7,5.9,-999,-999
12-06-2012 05:00:00 AM,-24.6,1005.0,4.5,-999,-999
12-06-2012 06:00:00 AM,-24.9,1004.6,5.5,-999,-999
12-06-2012 07:00:00 AM,-25.8,1004.1,7.3,-999,-999
12-06-2012 08:00:00 AM,-25.8,1003.7,8.0,-999,-999
12-06-2012 09:00:00 AM,-24.3,1003.1,6.1,-999,-999
12-06-2012 10:00:00 AM,-18.3,1002.3,7.4,-999,-999
12-06-2012 11:00:00 AM,-23.9,1001.9,6.7,-999,-999
12-06-2012 12:00:00 PM,-23.0,1001.1,6.2,-999,-999
12-06-2012 01:00:00 PM,-18.3,999.4,20.6,-999,-999
12-06-2012 02:00:00 PM,-26.2,999.8,4.5,-999,-999
12-06-2012 03:00:00 PM,-24.7,999.1,5.7,-999,-999
12-06-2012 04:00:00 PM,-24.3,998.7,4.3,-999,-999
12-06-2012 05:00:00 PM,-24.0,998.2,2.2,-999,-999
12-06-2012 06:00:00 PM,-22.4,997.4,2.4,-999,-999
12-06-2012 07:00:00 PM,-18.7,996.6,7.6,-999,-999
12-06-2012 08:00:00 PM,-21.0,995.7,7.0,-999,-999
12-06-2012 09:00:00 PM,-21.7,994.4,5.4,-999,-999
12-06-2012 10:00:00 PM,-23.8,993.9,2.0,-999,-999
12-06-2012 11:00:00 PM,-19.4,993.2,10.4,-999,-999
13-06-2012 12:00:00 AM,-18.1,992.0,11.5,-999,-999
13-06-2012 01:00:00 AM,-13.6,991.0,12.7,-999,-999
13-06-2012 02:00:00 AM,-12.8,989.1,23.7,-999,-999
13-06-2012 03:00:00 AM,-12.8,988.7,24.2,-999,-999
13-06-2012 04:00:00 AM,-20.1,990.2,10.2,-999,-999
13-06-2012 05:00:00 AM,-21.0,990.9,9.1,-999,-999
13-06-2012 06:00:00 AM,-20.0,991.6,18.3,-999,-999
13-06-2012 07:00:00 AM,-18.9,991.6,15.2,-999,-999
13-06-2012 08:00:00 AM,-18.0,990.4,18.9,-999,-999
13-06-2012 09:00:00 AM,-18.2,990.5,11.6,-999,-999
13-06-2012 10:00:00 AM,-18.1,989.9,14.1,-999,-999
13-06-2012 11:00:00 AM,-17.1,989.4,24.6,-999,-999
13-06-2012 12:00:00 PM,-15.5,988.7,19.1,-999,-999
13-06-2012 01:00:00 PM,-15.3,988.0,24.8,-999,-999
13-06-2012 02:00:00 PM,-15.5,988.7,25.3,-999,-999
13-06-2012 03:00:00 PM,-14.5,988.8,23.9,-999,-999
13-06-2012 04:00:00 PM,-14.4,988.4,23.7,-999,-999
13-06-2012 05:00:00 PM,-14.0,987.9,21.9,-999,-999
13-06-2012 06:00:00 PM,-13.4,988.3,21.6,-999,-999
13-06-2012 07:00:00 PM,-14.2,988.2,21.8,-999,-999
13-06-2012 08:00:00 PM,-14.2,988.0,19.2,-999,-999
13-06-2012 09:00:00 PM,-13.8,988.0,24.8,-999,-999
13-06-2012 10:00:00 PM,-14.2,987.3,23.6,-999,-999
13-06-2012 11:00:00 PM,-14.6,987.0,27.3,-999,-999
14-06-2012 12:00:00 AM,-13.9,986.8,29.2,-999,-999
14-06-2012 01:00:00 AM,-13.9,986.5,29.6,-999,-999
14-06-2012 02:00:00 AM,-13.4,985.7,25.2,-999,-999
14-06-2012 03:00:00 AM,-13.2,985.0,22.1,-999,-999
14-06-2012 04:00:00 AM,-12.4,984.4,21.9,-999,-999
14-06-2012 05:00:00 AM,-12.4,984.0,22.2,-999,-999
14-06-2012 06:00:00 AM,-12.6,983.1,20.6,-999,-999
14-06-2012 07:00:00 AM,-12.6,982.1,20.9,-999,-999
14-06-2012 08:00:00 AM,-12.3,981.3,23.9,-999,-999
14-06-2012 09:00:00 AM,-11.7,980.7,24.9,-999,-999
14-06-2012 10:00:00 AM,-10.8,980.0,25.0,-999,-999
14-06-2012 11:00:00 AM,-10.9,979.1,25.1,-999,-999
14-06-2012 12:00:00 PM,-10.0,978.1,23.8,-999,-999
14-06-2012 01:00:00 PM,-10.4,977.2,26.3,-999,-999
14-06-2012 02:00:00 PM,-9.8,976.5,34.2,-999,-999
14-06-2012 03:00:00 PM,-9.9,976.9,26.2,-999,-999
14-06-2012 04:00:00 PM,-11.6,978.0,25.4,-999,-999
14-06-2012 05:00:00 PM,-13.6,979.1,15.2,-999,-999
14-06-2012 06:00:00 PM,-14.4,980.1,18.5,-999,-999
14-06-2012 07:00:00 PM,-15.1,981.5,16.4,-999,-999
14-06-2012 08:00:00 PM,-15.5,982.0,19.2,-999,-999
14-06-2012 09:00:00 PM,-15.9,981.9,21.5,-999,-999
14-06-2012 10:00:00 PM,-15.5,981.6,25.9,-999,-999
14-06-2012 11:00:00 PM,-15.2,982.1,24.5,-999,-999
15-06-2012 12:00:00 AM,-14.5,982.2,27.0,-999,-999
15-06-2012 01:00:00 AM,-13.7,982.4,20.2,-999,-999
15-06-2012 02:00:00 AM,-13.9,981.4,16.8,-999,-999
15-06-2012 03:00:00 AM,-13.0,981.2,14.3,-999,-999
15-06-2012 04:00:00 AM,-11.8,980.7,17.4,-999,-999
15-06-2012 05:00:00 AM,-12.1,980.5,19.1,-999,-999
15-06-2012 06:00:00 AM,-12.3,979.8,26.4,-999,-999
15-06-2012 07:00:00 AM,-12.9,979.5,28.6,-999,-999
15-06-2012 08:00:00 AM,-13.2,978.8,36.4,-999,-999
15-06-2012 09:00:00 AM,-13.5,980.8,29.9,-999,-999
15-06-2012 10:00:00 AM,-13.8,982.1,29.0,-999,-999
15-06-2012 11:00:00 AM,-14.0,983.3,27.8,-999,-999
15-06-2012 12:00:00 PM,-14.2,983.3,24.3,-999,-999
15-06-2012 01:00:00 PM,-14.2,982.2,32.9,-999,-999
15-06-2012 02:00:00 PM,-13.7,981.7,41.9,-999,-999
15-06-2012 03:00:00 PM,-13.0,982.4,39.4,-999,-999
15-06-2012 04:00:00 PM,-12.4,982.8,37.8,-999,-999
15-06-2012 05:00:00 PM,-12.0,982.5,40.2,-999,-999
15-06-2012 06:00:00 PM,-12.2,983.6,39.2,-999,-999
15-06-2012 07:00:00 PM,-12.1,983.6,35.5,-999,-999
15-06-2012 08:00:00 PM,-11.8,983.8,29.1,-999,-999
15-06-2012 09:00:00 PM,-11.7,984.3,26.4,-999,-999
15-06-2012 10:00:00 PM,-11.9,983.8,26.7,-999,-999
15-06-2012 11:00:00 PM,-12.1,983.5,24.6,-999,-999
16-06-2012 12:00:00 AM,-12.0,983.4,21.2,-999,-999
16-06-2012 01:00:00 AM,-12.0,982.9,22.8,-999,-999
16-06-2012 02:00:00 AM,-11.4,982.8,20.9,-999,-999
16-06-2012 03:00:00 AM,-11.4,982.6,18.7,-999,-999
16-06-2012 04:00:00 AM,-11.8,982.1,19.2,-999,-999
16-06-2012 05:00:00 AM,-11.6,982.2,17.3,-999,-999
16-06-2012 06:00:00 AM,-11.8,982.1,21.7,-999,-999
16-06-2012 07:00:00 AM,-12.0,982.0,19.7,-999,-999
16-06-2012 08:00:00 AM,-12.0,981.4,22.2,-999,-999
16-06-2012 09:00:00 AM,-12.1,980.7,26.8,-999,-999
16-06-2012 10:00:00 AM,-12.1,980.5,21.6,-999,-999
16-06-2012 11:00:00 AM,-11.9,980.0,17.2,-999,-999
16-06-2012 12:00:00 PM,-11.6,979.6,17.6,-999,-999
16-06-2012 01:00:00 PM,-11.2,978.7,20.3,-999,-999
16-06-2012 02:00:00 PM,-11.1,978.2,22.9,-999,-999
16-06-2012 03:00:00 PM,-11.1,978.1,19.6,-999,-999
16-06-2012 04:00:00 PM,-10.9,977.8,25.4,-999,-999
16-06-2012 05:00:00 PM,-11.2,977.8,23.9,-999,-999
16-06-2012 06:00:00 PM,-11.8,977.4,27.6,-999,-999
16-06-2012 07:00:00 PM,-11.8,977.4,25.1,-999,-999
16-06-2012 08:00:00 PM,-12.7,976.9,27.5,-999,-999
16-06-2012 09:00:00 PM,-12.2,976.5,21.6,-999,-999
16-06-2012 10:00:00 PM,-12.1,976.3,25.6,-999,-999
16-06-2012 11:00:00 PM,-12.1,975.8,26.7,-999,-999
17-06-2012 12:00:00 AM,-11.8,975.3,29.2,-999,-999
17-06-2012 01:00:00 AM,-11.1,974.4,31.2,-999,-999
17-06-2012 02:00:00 AM,-10.3,974.4,28.8,-999,-999
17-06-2012 03:00:00 AM,-9.6,974.0,26.8,-999,-999
17-06-2012 04:00:00 AM,-9.2,974.0,24.7,-999,-999
17-06-2012 05:00:00 AM,-9.2,973.8,21.8,-999,-999
17-06-2012 06:00:00 AM,-9.0,974.3,22.7,-999,-999
17-06-2012 07:00:00 AM,-8.7,974.7,10.5,-999,-999
17-06-2012 08:00:00 AM,-8.6,974.1,24.8,-999,-999
17-06-2012 09:00:00 AM,-9.6,975.3,24.3,-999,-999
17-06-2012 10:00:00 AM,-9.4,975.9,16.0,-999,-999
17-06-2012 11:00:00 AM,-9.0,976.0,19.3,-999,-999
17-06-2012 12:00:00 PM,-9.0,976.3,22.9,-999,-999
17-06-2012 01:00:00 PM,-9.6,976.9,21.5,-999,-999
17-06-2012 02:00:00 PM,-9.6,977.3,22.8,-999,-999
17-06-2012 03:00:00 PM,-9.9,977.7,25.5,-999,-999
17-06-2012 04:00:00 PM,-9.9,978.1,22.1,-999,-999
17-06-2012 05:00:00 PM,-9.5,979.0,21.0,-999,-999
17-06-2012 06:00:00 PM,-10.3,979.5,21.2,-999,-999
17-06-2012 07:00:00 PM,-10.3,980.4,24.8,-999,-999
17-06-2012 08:00:00 PM,-10.6,981.1,22.6,-999,-999
17-06-2012 09:00:00 PM,-10.4,981.4,21.3,-999,-999
17-06-2012 10:00:00 PM,-10.3,981.8,23.3,-999,-999
17-06-2012 11:00:00 PM,-11.7,982.3,20.3,-999,-999
18-06-2012 12:00:00 AM,-12.4,982.5,24.3,-999,-999
18-06-2012 01:00:00 AM,-13.1,982.5,21.1,-999,-999
18-06-2012 02:00:00 AM,-13.7,982.6,27.7,-999,-999
18-06-2012 03:00:00 AM,-14.3,982.7,24.6,-999,-999
18-06-2012 04:00:00 AM,-14.5,983.0,25.1,-999,-999
18-06-2012 05:00:00 AM,-15.3,983.9,22.2,-999,-999
18-06-2012 06:00:00 AM,-14.0,984.4,18.2,-999,-999
18-06-2012 07:00:00 AM,-15.0,984.4,23.1,-999,-999
18-06-2012 08:00:00 AM,-14.6,984.8,19.4,-999,-999
18-06-2012 09:00:00 AM,-15.8,985.3,23.7,-999,-999
18-06-2012 10:00:00 AM,-14.4,985.4,17.7,-999,-999
18-06-2012 11:00:00 AM,-14.7,985.5,22.0,-999,-999
18-06-2012 12:00:00 PM,-14.6,985.9,20.7,-999,-999
18-06-2012 01:00:00 PM,-14.6,986.2,19.9,-999,-999
18-06-2012 02:00:00 PM,-15.1,986.4,21.1,-999,-999
18-06-2012 03:00:00 PM,-15.4,986.5,21.1,-999,-999
18-06-2012 04:00:00 PM,-16.7,986.9,20.0,-999,-999
18-06-2012 05:00:00 PM,-18.2,986.9,21.1,-999,-999
18-06-2012 06:00:00 PM,-18.1,987.2,23.1,-999,-999
18-06-2012 07:00:00 PM,-18.3,987.2,19.9,-999,-999
18-06-2012 08:00:00 PM,-18.4,987.2,19.6,-999,-999
18-06-2012 09:00:00 PM,-17.6,987.5,15.1,-999,-999
18-06-2012 10:00:00 PM,-18.3,987.8,8.8,-999,-999
18-06-2012 11:00:00 PM,-19.4,987.9,6.6,-999,-999
19-06-2012 12:00:00 AM,-19.5,988.1,7.7,-999,-999
19-06-2012 01:00:00 AM,-19.9,988.4,6.7,-999,-999
19-06-2012 02:00:00 AM,-21.2,988.7,4.2,-999,-999
19-06-2012 03:00:00 AM,-19.6,988.3,5.8,-999,-999
19-06-2012 04:00:00 AM,-19.4,988.4,16.6,-999,-999
19-06-2012 05:00:00 AM,-18.2,988.3,6.7,-999,-999
19-06-2012 06:00:00 AM,-20.0,988.3,2.8,-999,-999
19-06-2012 07:00:00 AM,-19.6,988.0,15.6,-999,-999
19-06-2012 08:00:00 AM,-18.1,987.8,16.1,-999,-999
19-06-2012 09:00:00 AM,-18.6,988.0,5.7,-999,-999
19-06-2012 10:00:00 AM,-18.9,987.8,7.8,-999,-999
19-06-2012 11:00:00 AM,-19.3,987.6,14.2,-999,-999
19-06-2012 12:00:00 PM,-18.9,987.1,6.4,-999,-999
19-06-2012 01:00:00 PM,-18.5,986.7,13.9,-999,-999
19-06-2012 02:00:00 PM,-16.8,985.6,18.5,-999,-999
19-06-2012 03:00:00 PM,-16.3,985.0,20.8,-999,-999
19-06-2012 04:00:00 PM,-15.7,984.5,20.4,-999,-999
19-06-2012 05:00:00 PM,-18.8,984.2,5.6,-999,-999
19-06-2012 06:00:00 PM,-15.4,982.8,23.6,-999,-999
19-06-2012 07:00:00 PM,-14.3,982.4,22.0,-999,-999
19-06-2012 08:00:00 PM,-13.2,981.7,22.3,-999,-999
19-06-2012 09:00:00 PM,-14.6,981.9,7.1,-999,-999
19-06-2012 10:00:00 PM,-13.7,981.3,15.1,-999,-999
19-06-2012 11:00:00 PM,-12.9,980.7,17.1,-999,-999
20-06-2012 12:00:00 AM,-13.1,980.3,16.3,-999,-999
20-06-2012 01:00:00 AM,-13.6,980.0,17.1,-999,-999
20-06-2012 02:00:00 AM,-14.0,979.7,16.7,-999,-999
20-06-2012 03:00:00 AM,-14.1,978.9,19.1,-999,-999
20-06-2012 04:00:00 AM,-14.3,978.2,19.2,-999,-999
20-06-2012 05:00:00 AM,-14.7,977.8,19.3,-999,-999
20-06-2012 06:00:00 AM,-14.7,977.5,21.6,-999,-999
20-06-2012 07:00:00 AM,-14.0,977.3,21.1,-999,-999
20-06-2012 08:00:00 AM,-13.4,976.9,21.5,-999,-999
20-06-2012 09:00:00 AM,-12.9,976.1,18.1,-999,-999
20-06-2012 10:00:00 AM,-13.3,975.6,18.8,-999,-999
20-06-2012 11:00:00 AM,-13.1,975.1,16.6,-999,-999
20-06-2012 12:00:00 PM,-14.1,974.7,19.4,-999,-999
20-06-2012 01:00:00 PM,-14.6,973.9,14.9,-999,-999
20-06-2012 02:00:00 PM,-15.0,973.2,14.4,-999,-999
20-06-2012 03:00:00 PM,-14.7,972.8,11.2,-999,-999
20-06-2012 04:00:00 PM,-16.5,972.1,6.6,-999,-999
20-06-2012 05:00:00 PM,-14.0,971.3,20.8,-999,-999
20-06-2012 06:00:00 PM,-14.5,970.8,21.1,-999,-999
20-06-2012 07:00:00 PM,-14.4,970.7,24.2,-999,-999
20-06-2012 08:00:00 PM,-15.0,971.2,17.2,-999,-999
20-06-2012 09:00:00 PM,-16.1,971.3,14.5,-999,-999
20-06-2012 10:00:00 PM,-16.3,971.5,16.7,-999,-999
20-06-2012 11:00:00 PM,-16.8,971.6,9.0,-999,-999
21-06-2012 12:00:00 AM,-16.5,971.1,14.8,-999,-999
21-06-2012 01:00:00 AM,-15.8,970.7,12.6,-999,-999
21-06-2012 02:00:00 AM,-16.1,970.4,16.1,-999,-999
21-06-2012 03:00:00 AM,-15.7,970.2,24.8,-999,-999
21-06-2012 04:00:00 AM,-15.4,970.2,12.8,-999,-999
21-06-2012 05:00:00 AM,-18.0,970.7,4.2,-999,-999
21-06-2012 06:00:00 AM,-19.8,970.6,7.4,-999,-999
21-06-2012 07:00:00 AM,-19.4,970.9,6.1,-999,-999
21-06-2012 08:00:00 AM,-16.3,970.3,11.8,-999,-999
21-06-2012 09:00:00 AM,-16.4,970.2,4.6,-999,-999
21-06-2012 10:00:00 AM,-16.8,970.1,15.6,-999,-999
21-06-2012 11:00:00 AM,-20.4,970.1,3.0,-999,-999
21-06-2012 12:00:00 PM,-17.7,969.6,9.6,-999,-999
21-06-2012 01:00:00 PM,-19.6,969.6,7.2,-999,-999
21-06-2012 02:00:00 PM,-16.5,969.0,5.4,-999,-999
21-06-2012 03:00:00 PM,-22.0,969.4,2.8,-999,-999
21-06-2012 04:00:00 PM,-18.6,968.9,2.1,-999,-999
21-06-2012 05:00:00 PM,-24.0,969.1,7.5,-999,-999
21-06-2012 06:00:00 PM,-23.4,969.1,8.1,-999,-999
21-06-2012 07:00:00 PM,-23.3,968.8,6.4,-999,-999
21-06-2012 08:00:00 PM,-23.5,968.8,6.4,-999,-999
21-06-2012 09:00:00 PM,-23.0,969.0,3.0,-999,-999
21-06-2012 10:00:00 PM,-23.8,969.0,7.3,-999,-999
21-06-2012 11:00:00 PM,-23.2,968.7,3.7,-999,-999
22-06-2012 12:00:00 AM,-23.6,968.8,5.8,-999,-999
22-06-2012 01:00:00 AM,-22.4,968.9,9.2,-999,-999
22-06-2012 02:00:00 AM,-22.7,969.1,6.6,-999,-999
22-06-2012 03:00:00 AM,-23.1,969.5,5.5,-999,-999
22-06-2012 04:00:00 AM,-23.8,969.8,7.4,-999,-999
22-06-2012 05:00:00 AM,-25.1,970.8,6.3,-999,-999
22-06-2012 06:00:00 AM,-23.7,971.1,4.6,-999,-999
22-06-2012 07:00:00 AM,-23.7,971.1,2.8,-999,-999
22-06-2012 08:00:00 AM,-23.7,972.1,9.2,-999,-999
22-06-2012 09:00:00 AM,-22.4,973.1,7.0,-999,-999
22-06-2012 10:00:00 AM,-25.3,974.6,5.6,-999,-999
22-06-2012 11:00:00 AM,-22.0,975.1,13.5,-999,-999
22-06-2012 12:00:00 PM,-22.8,976.9,11.5,-999,-999
22-06-2012 01:00:00 PM,-22.3,978.4,10.2,-999,-999
22-06-2012 02:00:00 PM,-22.0,979.0,11.4,-999,-999
22-06-2012 03:00:00 PM,-22.0,979.8,12.5,-999,-999
22-06-2012 04:00:00 PM,-23.4,981.5,12.8,-999,-999
22-06-2012 05:00:00 PM,-23.6,982.7,7.4,-999,-999
22-06-2012 06:00:00 PM,-24.0,983.6,8.2,-999,-999
22-06-2012 07:00:00 PM,-24.4,984.6,6.5,-999,-999
22-06-2012 08:00:00 PM,-24.0,985.8,8.1,-999,-999
22-06-2012 09:00:00 PM,-23.3,986.0,7.6,-999,-999
22-06-2012 10:00:00 PM,-22.7,987.3,9.6,-999,-999
22-06-2012 11:00:00 PM,-22.5,988.0,4.4,-999,-999
23-06-2012 12:00:00 AM,-25.2,988.5,5.4,-999,-999
23-06-2012 01:00:00 AM,-24.4,988.7,7.9,-999,-999
23-06-2012 02:00:00 AM,-23.1,989.7,11.4,-999,-999
23-06-2012 03:00:00 AM,-24.3,990.3,7.5,-999,-999
23-06-2012 04:00:00 AM,-23.9,990.3,6.5,-999,-999
23-06-2012 05:00:00 AM,-22.4,990.3,9.9,-999,-999
23-06-2012 06:00:00 AM,-23.9,990.9,3.9,-999,-999
23-06-2012 07:00:00 AM,-25.0,991.3,5.7,-999,-999
23-06-2012 08:00:00 AM,-19.0,991.0,21.6,-999,-999
23-06-2012 09:00:00 AM,-19.1,991.5,21.2,-999,-999
23-06-2012 10:00:00 AM,-21.2,992.1,4.4,-999,-999
23-06-2012 11:00:00 AM,-16.4,991.9,29.5,-999,-999
23-06-2012 12:00:00 PM,-15.6,993.0,19.8,-999,-999
23-06-2012 01:00:00 PM,-17.1,994.6,9.2,-999,-999
23-06-2012 02:00:00 PM,-21.6,996.3,7.6,-999,-999
23-06-2012 03:00:00 PM,-17.7,996.8,13.4,-999,-999
23-06-2012 04:00:00 PM,-16.3,997.6,23.4,-999,-999
23-06-2012 05:00:00 PM,-16.5,998.6,23.7,-999,-999
23-06-2012 06:00:00 PM,-16.4,998.9,25.9,-999,-999
23-06-2012 07:00:00 PM,-15.9,999.6,24.6,-999,-999
23-06-2012 08:00:00 PM,-16.1,1000.1,23.4,-999,-999
23-06-2012 09:00:00 PM,-16.5,1000.7,21.4,-999,-999
23-06-2012 10:00:00 PM,-16.7,1001.2,19.4,-999,-999
23-06-2012 11:00:00 PM,-17.4,1001.4,28.2,-999,-999
24-06-2012 12:00:00 AM,-16.6,1001.8,23.2,-999,-999
24-06-2012 01:00:00 AM,-17.4,1002.2,26.5,-999,-999
24-06-2012 02:00:00 AM,-16.2,1002.0,23.7,-999,-999
24-06-2012 03:00:00 AM,-17.7,1002.4,25.3,-999,-999
24-06-2012 04:00:00 AM,-16.5,1002.1,26.8,-999,-999
24-06-2012 05:00:00 AM,-16.3,1002.0,26.1,-999,-999
24-06-2012 06:00:00 AM,-18.3,1002.0,23.9,-999,-999
24-06-2012 07:00:00 AM,-18.4,1002.0,6.9,-999,-999
24-06-2012 08:00:00 AM,-20.5,1002.0,6.4,-999,-999
24-06-2012 09:00:00 AM,-21.7,1001.6,5.6,-999,-999
24-06-2012 10:00:00 AM,-20.1,1001.3,5.8,-999,-999
24-06-2012 11:00:00 AM,-20.8,1001.4,2.9,-999,-999
24-06-2012 12:00:00 PM,-19.0,1000.5,18.9,-999,-999
24-06-2012 01:00:00 PM,-20.6,1000.7,6.7,-999,-999
24-06-2012 02:00:00 PM,-22.2,1000.6,1.7,-999,-999
24-06-2012 03:00:00 PM,-22.4,1000.0,7.5,-999,-999
24-06-2012 04:00:00 PM,-22.5,999.8,3.0,-999,-999
24-06-2012 05:00:00 PM,-20.8,999.7,7.9,-999,-999
24-06-2012 06:00:00 PM,-19.5,999.3,12.3,-999,-999
24-06-2012 07:00:00 PM,-22.4,999.0,2.7,-999,-999
24-06-2012 08:00:00 PM,-22.8,998.8,7.7,-999,-999
24-06-2012 09:00:00 PM,-17.7,997.8,19.8,-999,-999
24-06-2012 10:00:00 PM,-20.1,997.8,24.3,-999,-999
24-06-2012 11:00:00 PM,-19.5,998.2,3.8,-999,-999
25-06-2012 12:00:00 AM,-18.4,997.5,22.2,-999,-999
25-06-2012 01:00:00 AM,-23.3,997.4,13.7,-999,-999
25-06-2012 02:00:00 AM,-19.8,996.8,20.6,-999,-999
25-06-2012 03:00:00 AM,-19.5,996.6,10.1,-999,-999
25-06-2012 04:00:00 AM,-19.3,996.2,11.4,-999,-999
25-06-2012 05:00:00 AM,-19.1,995.8,7.9,-999,-999
25-06-2012 06:00:00 AM,-19.0,995.6,11.1,-999,-999
25-06-2012 07:00:00 AM,-20.4,995.2,4.2,-999,-999
25-06-2012 08:00:00 AM,-20.2,994.5,5.1,-999,-999
25-06-2012 09:00:00 AM,-20.0,994.7,6.8,-999,-999
25-06-2012 10:00:00 AM,-19.9,994.5,4.9,-999,-999
25-06-2012 11:00:00 AM,-20.7,994.4,7.4,-999,-999
25-06-2012 12:00:00 PM,-21.5,994.3,7.1,-999,-999
25-06-2012 01:00:00 PM,-23.3,995.0,5.5,-999,-999
25-06-2012 02:00:00 PM,-21.2,995.1,7.1,-999,-999
25-06-2012 03:00:00 PM,-22.5,995.3,5.1,-999,-999
25-06-2012 04:00:00 PM,-18.9,995.3,11.7,-999,-999
25-06-2012 05:00:00 PM,-20.1,996.5,7.5,-999,-999
25-06-2012 06:00:00 PM,-20.5,997.0,14.6,-999,-999
25-06-2012 07:00:00 PM,-20.7,997.6,15.5,-999,-999
25-06-2012 08:00:00 PM,-20.4,998.2,14.3,-999,-999
25-06-2012 09:00:00 PM,-20.7,999.0,14.6,-999,-999
25-06-2012 10:00:00 PM,-22.5,999.2,13.7,-999,-999
25-06-2012 11:00:00 PM,-22.8,999.6,15.4,-999,-999
26-06-2012 12:00:00 AM,-23.1,999.8,15.4,-999,-999
26-06-2012 01:00:00 AM,-23.0,1000.0,5.5,-999,-999
26-06-2012 02:00:00 AM,-22.1,1000.9,16.2,-999,-999
26-06-2012 03:00:00 AM,-22.0,1001.3,13.2,-999,-999
26-06-2012 04:00:00 AM,-23.4,1000.7,8.9,-999,-999
26-06-2012 05:00:00 AM,-21.1,1003.0,23.4,-999,-999
26-06-2012 06:00:00 AM,-21.1,1002.8,17.8,-999,-999
26-06-2012 07:00:00 AM,-19.1,1002.2,28.7,-999,-999
26-06-2012 08:00:00 AM,-18.5,1003.1,27.1,-999,-999
26-06-2012 09:00:00 AM,-18.8,1003.5,22.6,-999,-999
26-06-2012 10:00:00 AM,-17.8,1003.1,24.5,-999,-999
26-06-2012 11:00:00 AM,-17.1,1003.1,28.1,-999,-999
26-06-2012 12:00:00 PM,-17.4,1004.3,21.3,-999,-999
26-06-2012 01:00:00 PM,-17.1,1004.7,26.1,-999,-999
26-06-2012 02:00:00 PM,-17.3,1004.7,22.0,-999,-999
26-06-2012 03:00:00 PM,-17.3,1004.6,20.2,-999,-999
26-06-2012 04:00:00 PM,-17.0,1004.9,25.5,-999,-999
26-06-2012 05:00:00 PM,-17.0,1004.6,27.0,-999,-999
26-06-2012 06:00:00 PM,-16.7,1004.8,24.9,-999,-999
26-06-2012 07:00:00 PM,-16.6,1005.1,28.8,-999,-999
26-06-2012 08:00:00 PM,-16.4,1005.1,24.6,-999,-999
26-06-2012 09:00:00 PM,-17.3,1005.4,22.8,-999,-999
26-06-2012 10:00:00 PM,-16.8,1005.3,33.8,-999,-999
26-06-2012 11:00:00 PM,-15.4,1004.5,31.0,-999,-999
27-06-2012 12:00:00 AM,-15.5,1004.4,27.3,-999,-999
27-06-2012 01:00:00 AM,-14.7,1004.6,29.0,-999,-999
27-06-2012 02:00:00 AM,-14.4,1004.7,27.7,-999,-999
27-06-2012 03:00:00 AM,-14.5,1004.8,24.6,-999,-999
27-06-2012 04:00:00 AM,-14.3,1004.4,25.5,-999,-999
27-06-2012 05:00:00 AM,-14.3,1004.2,27.9,-999,-999
27-06-2012 06:00:00 AM,-14.1,1004.3,30.9,-999,-999
27-06-2012 07:00:00 AM,-14.1,1004.8,34.9,-999,-999
27-06-2012 08:00:00 AM,-14.1,1004.6,35.0,-999,-999
27-06-2012 09:00:00 AM,-14.0,1005.0,34.7,-999,-999
27-06-2012 10:00:00 AM,-13.8,1005.3,33.8,-999,-999
27-06-2012 11:00:00 AM,-13.6,1005.4,30.5,-999,-999
27-06-2012 12:00:00 PM,-13.4,1006.6,31.6,-999,-999
27-06-2012 01:00:00 PM,-13.2,1007.1,27.5,-999,-999
27-06-2012 02:00:00 PM,-13.2,1007.7,26.9,-999,-999
27-06-2012 03:00:00 PM,-13.1,1008.5,22.9,-999,-999
27-06-2012 04:00:00 PM,-13.1,1009.8,15.4,-999,-999
27-06-2012 05:00:00 PM,-13.9,1010.6,9.7,-999,-999
27-06-2012 06:00:00 PM,-14.1,1011.2,10.6,-999,-999
27-06-2012 07:00:00 PM,-15.0,1011.3,15.8,-999,-999
27-06-2012 08:00:00 PM,-15.7,1010.9,15.2,-999,-999
27-06-2012 09:00:00 PM,-15.1,1011.1,20.4,-999,-999
27-06-2012 10:00:00 PM,-15.5,1011.5,16.7,-999,-999
27-06-2012 11:00:00 PM,-16.7,1011.6,15.3,-999,-999
28-06-2012 12:00:00 AM,-16.1,1012.2,15.2,-999,-999
28-06-2012 01:00:00 AM,-16.9,1012.0,17.5,-999,-999
28-06-2012 02:00:00 AM,-16.5,1011.7,23.3,-999,-999
28-06-2012 03:00:00 AM,-16.3,1012.0,8.0,-999,-999
28-06-2012 04:00:00 AM,-16.6,1012.0,19.5,-999,-999
28-06-2012 05:00:00 AM,-16.7,1011.9,7.6,-999,-999
28-06-2012 06:00:00 AM,-15.8,1011.7,12.1,-999,-999
28-06-2012 07:00:00 AM,-15.7,1011.7,10.7,-999,-999
28-06-2012 08:00:00 AM,-13.5,1010.1,28.6,-999,-999
28-06-2012 09:00:00 AM,-11.0,1009.2,26.2,-999,-999
28-06-2012 10:00:00 AM,-13.7,1009.1,22.2,-999,-999
28-06-2012 11:00:00 AM,-14.8,1009.4,29.2,-999,-999
28-06-2012 12:00:00 PM,-12.6,1009.4,25.6,-999,-999
28-06-2012 01:00:00 PM,-12.3,1008.8,26.5,-999,-999
28-06-2012 02:00:00 PM,-9.9,1007.9,35.2,-999,-999
28-06-2012 03:00:00 PM,-10.0,1007.0,32.7,-999,-999
28-06-2012 04:00:00 PM,-11.0,1006.5,29.4,-999,-999
28-06-2012 05:00:00 PM,-11.3,1005.9,29.2,-999,-999
28-06-2012 06:00:00 PM,-10.9,1005.6,29.4,-999,-999
28-06-2012 07:00:00 PM,-10.4,1004.6,30.9,-999,-999
28-06-2012 08:00:00 PM,-10.5,1002.8,34.2,-999,-999
28-06-2012 09:00:00 PM,-10.2,1002.8,30.3,-999,-999
28-06-2012 10:00:00 PM,-10.4,1002.8,31.0,-999,-999
28-06-2012 11:00:00 PM,-10.5,1003.3,36.9,-999,-999
29-06-2012 12:00:00 AM,-11.7,1003.4,29.0,-999,-999
29-06-2012 01:00:00 AM,-10.6,1003.4,23.5,-999,-999
29-06-2012 02:00:00 AM,-11.7,1003.6,15.4,-999,-999
29-06-2012 03:00:00 AM,-11.9,1002.1,31.9,-999,-999
29-06-2012 04:00:00 AM,-10.1,1000.9,38.0,-999,-999
29-06-2012 05:00:00 AM,-9.7,999.4,41.6,-999,-999
29-06-2012 06:00:00 AM,-9.5,997.6,48.1,-999,-999
29-06-2012 07:00:00 AM,-9.0,996.1,46.3,-999,-999
29-06-2012 08:00:00 AM,-8.6,995.2,43.2,-999,-999
29-06-2012 09:00:00 AM,-10.8,995.9,35.7,-999,-999
29-06-2012 10:00:00 AM,-10.4,995.8,21.8,-999,-999
29-06-2012 11:00:00 AM,-10.5,994.7,24.9,-999,-999
29-06-2012 12:00:00 PM,-12.6,995.3,19.4,-999,-999
29-06-2012 01:00:00 PM,-13.1,994.8,20.7,-999,-999
29-06-2012 02:00:00 PM,-12.9,994.9,29.7,-999,-999
29-06-2012 03:00:00 PM,-13.1,994.8,26.7,-999,-999
29-06-2012 04:00:00 PM,-13.7,994.1,23.1,-999,-999
29-06-2012 05:00:00 PM,-14.5,993.7,25.2,-999,-999
29-06-2012 06:00:00 PM,-14.8,993.0,32.3,-999,-999
29-06-2012 07:00:00 PM,-15.4,992.5,39.9,-999,-999
29-06-2012 08:00:00 PM,-15.6,992.8,38.2,-999,-999
29-06-2012 09:00:00 PM,-16.0,992.9,39.3,-999,-999
29-06-2012 10:00:00 PM,-15.9,992.8,39.3,-999,-999
29-06-2012 11:00:00 PM,-15.3,993.1,38.0,-999,-999
30-06-2012 12:00:00 AM,-14.6,994.2,29.6,-999,-999
30-06-2012 01:00:00 AM,-14.2,994.7,27.8,-999,-999
30-06-2012 02:00:00 AM,-13.8,994.5,30.3,-999,-999
30-06-2012 03:00:00 AM,-13.1,994.5,29.1,-999,-999
30-06-2012 04:00:00 AM,-12.9,993.6,29.3,-999,-999
30-06-2012 05:00:00 AM,-12.8,993.0,31.0,-999,-999
30-06-2012 06:00:00 AM,-11.9,992.5,31.0,-999,-999
30-06-2012 07:00:00 AM,-11.4,991.3,46.2,-999,-999
30-06-2012 08:00:00 AM,-11.2,991.1,45.2,-999,-999
30-06-2012 09:00:00 AM,-10.0,990.0,46.4,-999,-999
30-06-2012 10:00:00 AM,-9.3,988.7,48.6,-999,-999
30-06-2012 11:00:00 AM,-8.8,989.5,36.2,-999,-999
30-06-2012 12:00:00 PM,-9.3,989.3,31.2,-999,-999
30-06-2012 01:00:00 PM,-9.9,988.7,31.9,-999,-999
30-06-2012 02:00:00 PM,-10.2,988.4,33.0,-999,-999
30-06-2012 03:00:00 PM,-10.3,987.4,36.1,-999,-999
30-06-2012 04:00:00 PM,-10.3,988.1,39.3,-999,-999
30-06-2012 05:00:00 PM,-10.2,989.0,36.4,-999,-999
30-06-2012 06:00:00 PM,-10.2,989.5,33.4,-999,-999
30-06-2012 07:00:00 PM,-10.0,989.6,36.5,-999,-999
30-06-2012 08:00:00 PM,-10.0,989.6,42.7,-999,-999
30-06-2012 09:00:00 PM,-9.9,991.4,34.7,-999,-999
30-06-2012 10:00:00 PM,-9.5,992.7,30.1,-999,-999
30-06-2012 11:00:00 PM,-9.3,993.6,32.0,-999,-999
01-07-2012 12:00:00 AM,-9.0,993.9,32.2,-999,-999
01-07-2012 01:00:00 AM,-8.8,995.0,31.5,-999,-999
01-07-2012 02:00:00 AM,-8.6,995.8,30.1,-999,-999
01-07-2012 03:00:00 AM,-8.5,996.2,33.9,-999,-999
01-07-2012 04:00:00 AM,-8.3,996.2,31.0,-999,-999
01-07-2012 05:00:00 AM,-8.3,997.1,26.9,-999,-999
01-07-2012 06:00:00 AM,-8.2,997.5,29.8,-999,-999
01-07-2012 07:00:00 AM,-8.2,998.0,27.6,-999,-999
01-07-2012 08:00:00 AM,-8.2,998.5,26.7,-999,-999
01-07-2012 09:00:00 AM,-8.1,999.1,28.5,-999,-999
01-07-2012 10:00:00 AM,-8.2,999.5,29.8,-999,-999
01-07-2012 11:00:00 AM,-8.3,1000.3,27.2,-999,-999
01-07-2012 12:00:00 PM,-8.4,1000.6,26.6,-999,-999
01-07-2012 01:00:00 PM,-8.5,1000.6,25.7,-999,-999
01-07-2012 02:00:00 PM,-8.6,1000.6,26.9,-999,-999
01-07-2012 03:00:00 PM,-8.6,1000.6,24.8,-999,-999
01-07-2012 04:00:00 PM,-8.7,1000.9,21.5,-999,-999
01-07-2012 05:00:00 PM,-8.6,1001.3,23.3,-999,-999
01-07-2012 06:00:00 PM,-8.6,1001.5,26.2,-999,-999
01-07-2012 07:00:00 PM,-8.6,1001.6,25.3,-999,-999
01-07-2012 08:00:00 PM,-8.6,1001.5,25.9,-999,-999
01-07-2012 09:00:00 PM,-8.5,1001.0,26.9,-999,-999
01-07-2012 10:00:00 PM,-8.3,1000.6,27.9,-999,-999
01-07-2012 11:00:00 PM,-8.1,1000.4,25.7,-999,-999
02-07-2012 12:00:00 AM,-7.8,1000.4,24.8,-999,-999
02-07-2012 01:00:00 AM,-7.3,999.8,31.8,-999,-999
02-07-2012 02:00:00 AM,-7.1,999.2,34.0,-999,-999
02-07-2012 03:00:00 AM,-6.5,998.8,34.6,-999,-999
02-07-2012 04:00:00 AM,-6.4,998.6,28.7,-999,-999
02-07-2012 05:00:00 AM,-6.4,998.3,29.7,-999,-999
02-07-2012 06:00:00 AM,-6.6,998.6,22.6,-999,-999
02-07-2012 07:00:00 AM,-6.8,998.3,21.2,-999,-999
02-07-2012 08:00:00 AM,-6.6,997.9,29.8,-999,-999
02-07-2012 09:00:00 AM,-6.8,997.1,33.2,-999,-999
02-07-2012 10:00:00 AM,-6.4,996.2,36.9,-999,-999
02-07-2012 11:00:00 AM,-6.2,995.9,36.8,-999,-999
02-07-2012 12:00:00 PM,-6.0,996.6,36.6,-999,-999
02-07-2012 01:00:00 PM,-6.0,996.6,37.8,-999,-999
02-07-2012 02:00:00 PM,-6.3,996.5,36.7,-999,-999
02-07-2012 03:00:00 PM,-6.3,996.4,32.8,-999,-999
02-07-2012 04:00:00 PM,-6.4,996.6,35.5,-999,-999
02-07-2012 05:00:00 PM,-6.5,997.4,32.5,-999,-999
02-07-2012 06:00:00 PM,-6.5,997.2,29.1,-999,-999
02-07-2012 07:00:00 PM,-6.5,997.0,36.4,-999,-999
02-07-2012 08:00:00 PM,-6.6,997.3,36.9,-999,-999
02-07-2012 09:00:00 PM,-6.5,997.2,41.7,-999,-999
02-07-2012 10:00:00 PM,-6.5,997.6,44.3,-999,-999
02-07-2012 11:00:00 PM,-6.6,998.6,42.1,-999,-999
03-07-2012 12:00:00 AM,-6.7,999.5,42.2,-999,-999
03-07-2012 01:00:00 AM,-6.7,1000.4,38.6,-999,-999
03-07-2012 02:00:00 AM,-6.8,1001.1,32.8,-999,-999
03-07-2012 03:00:00 AM,-6.8,1002.0,30.9,-999,-999
03-07-2012 04:00:00 AM,-6.9,1002.3,33.3,-999,-999
03-07-2012 05:00:00 AM,-7.0,1002.7,27.7,-999,-999
03-07-2012 06:00:00 AM,-7.1,1003.3,24.7,-999,-999
03-07-2012 07:00:00 AM,-7.3,1003.3,26.9,-999,-999
03-07-2012 08:00:00 AM,-7.5,1003.5,25.9,-999,-999
03-07-2012 09:00:00 AM,-8.1,1003.7,21.4,-999,-999
03-07-2012 10:00:00 AM,-8.4,1004.0,20.6,-999,-999
03-07-2012 11:00:00 AM,-8.6,1003.4,20.5,-999,-999
03-07-2012 12:00:00 PM,-8.7,1003.7,17.2,-999,-999
03-07-2012 01:00:00 PM,-8.6,1003.7,21.3,-999,-999
03-07-2012 02:00:00 PM,-8.6,1003.5,17.9,-999,-999
03-07-2012 03:00:00 PM,-8.6,1003.2,21.3,-999,-999
03-07-2012 04:00:00 PM,-8.7,1003.2,16.2,-999,-999
03-07-2012 05:00:00 PM,-8.7,1003.2,16.7,-999,-999
03-07-2012 06:00:00 PM,-8.8,1003.3,16.1,-999,-999
03-07-2012 07:00:00 PM,-9.0,1002.7,20.9,-999,-999
03-07-2012 08:00:00 PM,-9.1,1002.4,19.2,-999,-999
03-07-2012 09:00:00 PM,-9.6,1001.7,23.0,-999,-999
03-07-2012 10:00:00 PM,-9.8,1000.9,15.2,-999,-999
03-07-2012 11:00:00 PM,-9.7,1000.3,20.3,-999,-999
04-07-2012 12:00:00 AM,-9.4,999.8,13.8,-999,-999
04-07-2012 01:00:00 AM,-9.5,999.5,14.8,-999,-999
04-07-2012 02:00:00 AM,-9.6,999.1,14.3,-999,-999
04-07-2012 03:00:00 AM,-9.4,998.3,11.2,-999,-999
04-07-2012 04:00:00 AM,-9.4,997.8,10.0,-999,-999
04-07-2012 05:00:00 AM,-9.6,997.3,5.7,-999,-999
04-07-2012 06:00:00 AM,-9.7,996.8,14.0,-999,-999
04-07-2012 07:00:00 AM,-9.9,996.5,17.1,-999,-999
04-07-2012 08:00:00 AM,-9.9,995.9,19.3,-999,-999
04-07-2012 09:00:00 AM,-9.7,995.6,21.1,-999,-999
04-07-2012 10:00:00 AM,-9.6,995.7,17.2,-999,-999
04-07-2012 11:00:00 AM,-9.6,995.6,15.7,-999,-999
04-07-2012 12:00:00 PM,-10.1,995.1,22.1,-999,-999
04-07-2012 01:00:00 PM,-10.2,995.3,19.3,-999,-999
04-07-2012 02:00:00 PM,-10.7,994.6,24.5,-999,-999
04-07-2012 03:00:00 PM,-10.8,994.6,21.9,-999,-999
04-07-2012 04:00:00 PM,-11.2,993.9,23.1,-999,-999
04-07-2012 05:00:00 PM,-11.2,992.8,30.2,-999,-999
04-07-2012 06:00:00 PM,-11.1,992.8,30.2,-999,-999
04-07-2012 07:00:00 PM,-11.4,992.8,27.8,-999,-999
04-07-2012 08:00:00 PM,-11.5,992.0,28.6,-999,-999
04-07-2012 09:00:00 PM,-11.7,991.8,29.8,-999,-999
04-07-2012 10:00:00 PM,-12.1,991.6,31.3,-999,-999
04-07-2012 11:00:00 PM,-12.2,991.6,30.7,-999,-999
05-07-2012 12:00:00 AM,-12.8,990.9,31.8,-999,-999
05-07-2012 01:00:00 AM,-13.0,990.5,25.0,-999,-999
05-07-2012 02:00:00 AM,-13.0,990.5,25.3,-999,-999
05-07-2012 03:00:00 AM,-13.0,990.4,25.1,-999,-999
05-07-2012 04:00:00 AM,-13.1,990.3,28.3,-999,-999
05-07-2012 05:00:00 AM,-13.2,990.1,24.5,-999,-999
05-07-2012 06:00:00 AM,-13.5,990.1,25.7,-999,-999
05-07-2012 07:00:00 AM,-13.7,990.2,25.1,-999,-999
05-07-2012 08:00:00 AM,-13.8,990.3,29.8,-999,-999
05-07-2012 09:00:00 AM,-13.8,990.4,26.6,-999,-999
05-07-2012 10:00:00 AM,-13.9,990.3,22.8,-999,-999
05-07-2012 11:00:00 AM,-14.3,990.4,30.4,-999,-999
05-07-2012 12:00:00 PM,-14.9,990.4,35.7,-999,-999
05-07-2012 01:00:00 PM,-15.1,990.5,26.7,-999,-999
05-07-2012 02:00:00 PM,-15.5,990.0,25.4,-999,-999
05-07-2012 03:00:00 PM,-15.8,990.2,23.5,-999,-999
05-07-2012 04:00:00 PM,-15.8,990.3,27.0,-999,-999
05-07-2012 05:00:00 PM,-16.1,990.1,27.0,-999,-999
05-07-2012 06:00:00 PM,-16.3,989.6,30.7,-999,-999
05-07-2012 07:00:00 PM,-16.5,989.5,31.0,-999,-999
05-07-2012 08:00:00 PM,-16.6,989.7,32.3,-999,-999
05-07-2012 09:00:00 PM,-17.0,989.9,30.5,-999,-999
05-07-2012 10:00:00 PM,-16.8,989.8,31.2,-999,-999
05-07-2012 11:00:00 PM,-16.9,989.8,28.3,-999,-999
06-07-2012 12:00:00 AM,-16.8,989.6,28.5,-999,-999
06-07-2012 01:00:00 AM,-16.7,989.4,26.8,-999,-999
06-07-2012 02:00:00 AM,-16.9,989.5,24.8,-999,-999
06-07-2012 03:00:00 AM,-16.6,989.2,24.9,-999,-999
06-07-2012 04:00:00 AM,-17.5,989.4,25.5,-999,-999
06-07-2012 05:00:00 AM,-18.0,989.2,25.9,-999,-999
06-07-2012 06:00:00 AM,-18.0,989.1,25.2,-999,-999
06-07-2012 07:00:00 AM,-17.9,989.0,26.7,-999,-999
06-07-2012 08:00:00 AM,-18.5,988.7,25.8,-999,-999
06-07-2012 09:00:00 AM,-18.6,988.4,26.4,-999,-999
06-07-2012 10:00:00 AM,-19.0,988.7,26.4,-999,-999
06-07-2012 11:00:00 AM,-18.4,988.8,23.3,-999,-999
06-07-2012 12:00:00 PM,-18.7,988.7,24.2,-999,-999
06-07-2012 01:00:00 PM,-18.8,988.9,24.3,-999,-999
06-07-2012 02:00:00 PM,-19.6,988.8,24.1,-999,-999
06-07-2012 03:00:00 PM,-18.5,988.8,22.0,-999,-999
06-07-2012 04:00:00 PM,-19.8,988.7,25.0,-999,-999
06-07-2012 05:00:00 PM,-19.8,988.7,26.0,-999,-999
06-07-2012 06:00:00 PM,-20.2,988.8,24.8,-999,-999
06-07-2012 07:00:00 PM,-20.0,988.9,24.5,-999,-999
06-07-2012 08:00:00 PM,-19.3,989.0,26.1,-999,-999
06-07-2012 09:00:00 PM,-19.4,988.9,23.6,-999,-999
06-07-2012 10:00:00 PM,-20.0,988.9,22.2,-999,-999
06-07-2012 11:00:00 PM,-19.9,988.8,23.0,-999,-999
07-07-2012 12:00:00 AM,-20.1,988.9,25.6,-999,-999
07-07-2012 01:00:00 AM,-20.1,989.1,24.9,-999,-999
07-07-2012 02:00:00 AM,-19.8,989.0,26.3,-999,-999
07-07-2012 03:00:00 AM,-19.9,988.8,26.3,-999,-999
07-07-2012 04:00:00 AM,-20.6,988.7,27.5,-999,-999
07-07-2012 05:00:00 AM,-20.2,988.7,23.8,-999,-999
07-07-2012 06:00:00 AM,-19.4,988.7,25.8,-999,-999
07-07-2012 07:00:00 AM,-19.3,988.7,23.7,-999,-999
07-07-2012 08:00:00 AM,-20.2,988.9,25.3,-999,-999
07-07-2012 09:00:00 AM,-20.4,988.9,24.4,-999,-999
07-07-2012 10:00:00 AM,-20.7,989.0,24.7,-999,-999
07-07-2012 11:00:00 AM,-21.7,989.0,24.3,-999,-999
07-07-2012 12:00:00 PM,-21.1,989.0,26.6,-999,-999
07-07-2012 01:00:00 PM,-20.8,989.1,25.5,-999,-999
07-07-2012 02:00:00 PM,-21.2,989.4,25.5,-999,-999
07-07-2012 03:00:00 PM,-20.8,989.4,24.3,-999,-999
07-07-2012 04:00:00 PM,-20.7,989.8,20.6,-999,-999
07-07-2012 05:00:00 PM,-20.0,990.4,8.9,-999,-999
07-07-2012 06:00:00 PM,-20.7,991.1,1.4,-999,-999
07-07-2012 07:00:00 PM,-21.5,991.2,12.6,-999,-999
07-07-2012 08:00:00 PM,-23.3,990.9,18.4,-999,-999
07-07-2012 09:00:00 PM,-23.9,991.0,21.0,-999,-999
07-07-2012 10:00:00 PM,-22.6,991.5,18.3,-999,-999
07-07-2012 11:00:00 PM,-23.3,991.8,17.7,-999,-999
08-07-2012 12:00:00 AM,-24.4,991.6,19.4,-999,-999
08-07-2012 01:00:00 AM,-24.9,991.8,22.3,-999,-999
08-07-2012 02:00:00 AM,-23.3,992.2,15.3,-999,-999
08-07-2012 03:00:00 AM,-24.4,992.1,19.7,-999,-999
08-07-2012 04:00:00 AM,-25.2,992.2,19.3,-999,-999
08-07-2012 05:00:00 AM,-24.3,992.3,17.1,-999,-999
08-07-2012 06:00:00 AM,-24.9,992.5,19.8,-999,-999
08-07-2012 07:00:00 AM,-23.2,992.6,16.9,-999,-999
08-07-2012 08:00:00 AM,-22.5,992.8,5.7,-999,-999
08-07-2012 09:00:00 AM,-21.9,992.8,16.2,-999,-999
08-07-2012 10:00:00 AM,-22.9,992.8,21.8,-999,-999
08-07-2012 11:00:00 AM,-23.2,992.7,22.7,-999,-999
08-07-2012 12:00:00 PM,-22.7,992.5,23.2,-999,-999
08-07-2012 01:00:00 PM,-22.4,992.5,22.6,-999,-999
08-07-2012 02:00:00 PM,-22.0,992.3,24.4,-999,-999
08-07-2012 03:00:00 PM,-21.5,992.2,21.4,-999,-999
08-07-2012 04:00:00 PM,-20.9,991.9,23.9,-999,-999
08-07-2012 05:00:00 PM,-20.2,991.6,25.2,-999,-999
08-07-2012 06:00:00 PM,-19.6,991.8,22.1,-999,-999
08-07-2012 07:00:00 PM,-19.3,991.7,20.3,-999,-999
08-07-2012 08:00:00 PM,-19.0,991.6,21.1,-999,-999
08-07-2012 09:00:00 PM,-18.9,991.1,20.1,-999,-999
08-07-2012 10:00:00 PM,-18.8,990.6,21.4,-999,-999
08-07-2012 11:00:00 PM,-18.8,990.3,20.3,-999,-999
09-07-2012 12:00:00 AM,-18.9,990.0,20.1,-999,-999
09-07-2012 01:00:00 AM,-18.8,989.2,19.9,-999,-999
09-07-2012 02:00:00 AM,-18.6,988.8,16.6,-999,-999
09-07-2012 03:00:00 AM,-18.6,988.2,18.0,-999,-999
09-07-2012 04:00:00 AM,-18.5,988.1,15.5,-999,-999
09-07-2012 05:00:00 AM,-18.6,987.5,17.7,-999,-999
09-07-2012 06:00:00 AM,-18.5,987.1,18.0,-999,-999
09-07-2012 07:00:00 AM,-18.4,986.8,17.3,-999,-999
09-07-2012 08:00:00 AM,-18.7,986.5,15.9,-999,-999
09-07-2012 09:00:00 AM,-19.0,986.2,12.0,-999,-999
09-07-2012 10:00:00 AM,-19.1,986.0,8.8,-999,-999
09-07-2012 11:00:00 AM,-20.2,985.4,6.3,-999,-999
09-07-2012 12:00:00 PM,-22.1,985.1,5.7,-999,-999
09-07-2012 01:00:00 PM,-23.2,984.6,4.8,-999,-999
09-07-2012 02:00:00 PM,-24.6,984.4,4.4,-999,-999
09-07-2012 03:00:00 PM,-25.9,984.2,5.5,-999,-999
09-07-2012 04:00:00 PM,-26.0,984.1,6.0,-999,-999
09-07-2012 05:00:00 PM,-26.0,984.7,8.0,-999,-999
09-07-2012 06:00:00 PM,-25.9,985.1,4.3,-999,-999
09-07-2012 07:00:00 PM,-26.1,985.7,6.8,-999,-999
09-07-2012 08:00:00 PM,-24.7,986.7,9.5,-999,-999
09-07-2012 09:00:00 PM,-24.1,987.5,8.8,-999,-999
09-07-2012 10:00:00 PM,-24.9,988.0,8.0,-999,-999
09-07-2012 11:00:00 PM,-24.8,988.1,7.4,-999,-999
10-07-2012 12:00:00 AM,-24.8,988.0,5.3,-999,-999
10-07-2012 01:00:00 AM,-25.1,987.5,5.4,-999,-999
10-07-2012 02:00:00 AM,-25.2,987.3,6.0,-999,-999
10-07-2012 03:00:00 AM,-24.9,986.9,5.3,-999,-999
10-07-2012 04:00:00 AM,-25.0,986.9,6.0,-999,-999
10-07-2012 05:00:00 AM,-25.6,986.6,6.2,-999,-999
10-07-2012 06:00:00 AM,-25.5,986.3,5.6,-999,-999
10-07-2012 07:00:00 AM,-25.4,986.2,4.2,-999,-999
10-07-2012 08:00:00 AM,-23.4,985.6,7.5,-999,-999
10-07-2012 09:00:00 AM,-25.9,985.3,3.6,-999,-999
10-07-2012 10:00:00 AM,-25.8,984.7,5.9,-999,-999
10-07-2012 11:00:00 AM,-25.4,983.7,5.5,-999,-999
10-07-2012 12:00:00 PM,-25.6,982.9,1.5,-999,-999
10-07-2012 01:00:00 PM,-25.4,982.4,4.6,-999,-999
10-07-2012 02:00:00 PM,-25.2,981.8,5.4,-999,-999
10-07-2012 03:00:00 PM,-22.8,980.0,18.8,-999,-999
10-07-2012 04:00:00 PM,-23.3,980.0,5.1,-999,-999
10-07-2012 05:00:00 PM,-24.7,979.3,4.9,-999,-999
10-07-2012 06:00:00 PM,-25.2,979.5,6.3,-999,-999
10-07-2012 07:00:00 PM,-23.8,978.9,5.8,-999,-999
10-07-2012 08:00:00 PM,-24.5,978.7,4.5,-999,-999
10-07-2012 09:00:00 PM,-25.2,978.5,5.8,-999,-999
10-07-2012 10:00:00 PM,-26.0,978.0,3.1,-999,-999
10-07-2012 11:00:00 PM,-26.0,977.4,4.7,-999,-999
11-07-2012 12:00:00 AM,-24.9,977.2,7.6,-999,-999
11-07-2012 01:00:00 AM,-22.4,976.8,6.4,-999,-999
11-07-2012 02:00:00 AM,-19.5,976.2,15.3,-999,-999
11-07-2012 03:00:00 AM,-17.8,976.1,16.8,-999,-999
11-07-2012 04:00:00 AM,-17.3,975.7,18.2,-999,-999
11-07-2012 05:00:00 AM,-17.1,975.5,23.5,-999,-999
11-07-2012 06:00:00 AM,-17.0,975.6,25.1,-999,-999
11-07-2012 07:00:00 AM,-17.0,975.7,22.4,-999,-999
11-07-2012 08:00:00 AM,-16.7,975.7,24.7,-999,-999
11-07-2012 09:00:00 AM,-16.7,975.9,17.2,-999,-999
11-07-2012 10:00:00 AM,-16.3,976.0,18.5,-999,-999
11-07-2012 11:00:00 AM,-18.4,975.8,20.6,-999,-999
11-07-2012 12:00:00 PM,-18.0,976.0,19.0,-999,-999
11-07-2012 01:00:00 PM,-20.1,976.5,20.6,-999,-999
11-07-2012 02:00:00 PM,-17.8,976.6,15.3,-999,-999
11-07-2012 03:00:00 PM,-18.4,976.9,13.8,-999,-999
11-07-2012 04:00:00 PM,-19.9,977.4,10.9,-999,-999
11-07-2012 05:00:00 PM,-18.3,977.4,8.4,-999,-999
11-07-2012 06:00:00 PM,-18.2,977.7,9.8,-999,-999
11-07-2012 07:00:00 PM,-18.7,977.5,7.3,-999,-999
11-07-2012 08:00:00 PM,-20.6,977.5,7.2,-999,-999
11-07-2012 09:00:00 PM,-21.5,977.6,15.3,-999,-999
11-07-2012 10:00:00 PM,-23.2,977.6,15.6,-999,-999
11-07-2012 11:00:00 PM,-22.9,977.4,16.1,-999,-999
12-07-2012 12:00:00 AM,-23.3,976.8,16.3,-999,-999
12-07-2012 01:00:00 AM,-22.8,976.9,12.7,-999,-999
12-07-2012 02:00:00 AM,-22.7,976.4,15.3,-999,-999
12-07-2012 03:00:00 AM,-23.5,975.7,20.4,-999,-999
12-07-2012 04:00:00 AM,-23.6,975.5,7.4,-999,-999
12-07-2012 05:00:00 AM,-25.4,975.4,5.1,-999,-999
12-07-2012 06:00:00 AM,-27.3,974.9,5.6,-999,-999
12-07-2012 07:00:00 AM,-28.0,974.4,5.1,-999,-999
12-07-2012 08:00:00 AM,-30.4,974.3,3.0,-999,-999
12-07-2012 09:00:00 AM,-28.3,973.8,5.8,-999,-999
12-07-2012 10:00:00 AM,-30.0,973.6,5.2,-999,-999
12-07-2012 11:00:00 AM,-30.5,973.1,6.3,-999,-999
12-07-2012 12:00:00 PM,-27.1,972.3,5.4,-999,-999
12-07-2012 01:00:00 PM,-28.4,971.7,2.6,-999,-999
12-07-2012 02:00:00 PM,-26.9,971.0,6.8,-999,-999
12-07-2012 03:00:00 PM,-26.8,970.2,4.8,-999,-999
12-07-2012 04:00:00 PM,-25.3,969.7,9.1,-999,-999
12-07-2012 05:00:00 PM,-21.7,969.2,17.1,-999,-999
12-07-2012 06:00:00 PM,-22.3,969.1,20.7,-999,-999
12-07-2012 07:00:00 PM,-22.1,969.4,21.7,-999,-999
12-07-2012 08:00:00 PM,-22.5,969.8,22.1,-999,-999
12-07-2012 09:00:00 PM,-22.1,969.7,19.0,-999,-999
12-07-2012 10:00:00 PM,-22.0,969.6,18.3,-999,-999
12-07-2012 11:00:00 PM,-21.8,969.5,21.3,-999,-999
13-07-2012 12:00:00 AM,-21.5,969.4,25.8,-999,-999
13-07-2012 01:00:00 AM,-21.5,969.8,23.2,-999,-999
13-07-2012 02:00:00 AM,-21.2,969.3,21.1,-999,-999
13-07-2012 03:00:00 AM,-21.1,968.7,20.3,-999,-999
13-07-2012 04:00:00 AM,-21.9,969.0,22.3,-999,-999
13-07-2012 05:00:00 AM,-21.8,969.0,25.4,-999,-999
13-07-2012 06:00:00 AM,-21.9,969.1,25.7,-999,-999
13-07-2012 07:00:00 AM,-21.5,969.1,25.7,-999,-999
13-07-2012 08:00:00 AM,-22.1,969.0,29.4,-999,-999
13-07-2012 09:00:00 AM,-22.5,969.6,26.1,-999,-999
13-07-2012 10:00:00 AM,-23.3,970.4,16.7,-999,-999
13-07-2012 11:00:00 AM,-23.6,970.8,18.3,-999,-999
13-07-2012 12:00:00 PM,-23.4,971.3,21.2,-999,-999
13-07-2012 01:00:00 PM,-23.6,972.1,20.0,-999,-999
13-07-2012 02:00:00 PM,-24.1,972.6,20.0,-999,-999
13-07-2012 03:00:00 PM,-23.9,972.8,16.7,-999,-999
13-07-2012 04:00:00 PM,-25.4,973.1,10.2,-999,-999
13-07-2012 05:00:00 PM,-24.4,973.7,18.3,-999,-999
13-07-2012 06:00:00 PM,-25.2,974.4,11.4,-999,-999
13-07-2012 07:00:00 PM,-25.0,975.3,6.5,-999,-999
13-07-2012 08:00:00 PM,-24.0,975.4,16.9,-999,-999
13-07-2012 09:00:00 PM,-25.4,975.0,29.4,-999,-999
13-07-2012 10:00:00 PM,-25.1,976.0,27.7,-999,-999
13-07-2012 11:00:00 PM,-24.2,978.2,5.5,-999,-999
14-07-2012 12:00:00 AM,-25.3,977.9,12.1,-999,-999
14-07-2012 01:00:00 AM,-25.7,978.2,12.3,-999,-999
14-07-2012 02:00:00 AM,-25.2,978.6,11.1,-999,-999
14-07-2012 03:00:00 AM,-25.9,979.7,5.6,-999,-999
14-07-2012 04:00:00 AM,-27.0,980.5,5.5,-999,-999
14-07-2012 05:00:00 AM,-28.8,980.8,20.2,-999,-999
14-07-2012 06:00:00 AM,-28.6,980.9,19.7,-999,-999
14-07-2012 07:00:00 AM,-27.4,981.6,9.2,-999,-999
14-07-2012 08:00:00 AM,-27.5,982.2,10.3,-999,-999
14-07-2012 09:00:00 AM,-26.5,982.1,9.5,-999,-999
14-07-2012 10:00:00 AM,-27.0,982.1,5.6,-999,-999
14-07-2012 11:00:00 AM,-28.7,982.6,6.8,-999,-999
14-07-2012 12:00:00 PM,-28.5,981.9,4.8,-999,-999
14-07-2012 01:00:00 PM,-28.1,982.4,2.5,-999,-999
14-07-2012 02:00:00 PM,-27.6,982.9,7.4,-999,-999
14-07-2012 03:00:00 PM,-27.4,983.2,4.0,-999,-999
14-07-2012 04:00:00 PM,-21.8,983.4,10.1,-999,-999
14-07-2012 05:00:00 PM,-22.1,983.1,12.5,-999,-999
14-07-2012 06:00:00 PM,-25.9,983.5,9.0,-999,-999
14-07-2012 07:00:00 PM,-20.4,983.7,18.0,-999,-999
14-07-2012 08:00:00 PM,-18.8,983.6,26.8,-999,-999
14-07-2012 09:00:00 PM,-19.5,984.0,25.1,-999,-999
14-07-2012 10:00:00 PM,-19.8,985.0,10.3,-999,-999
14-07-2012 11:00:00 PM,-19.9,985.4,3.4,-999,-999
15-07-2012 12:00:00 AM,-18.0,986.0,15.5,-999,-999
15-07-2012 01:00:00 AM,-18.8,985.9,16.7,-999,-999
15-07-2012 02:00:00 AM,-19.2,985.8,15.1,-999,-999
15-07-2012 03:00:00 AM,-20.1,986.0,15.7,-999,-999
15-07-2012 04:00:00 AM,-20.4,985.9,17.8,-999,-999
15-07-2012 05:00:00 AM,-20.0,986.1,14.2,-999,-999
15-07-2012 06:00:00 AM,-19.9,985.9,14.1,-999,-999
15-07-2012 07:00:00 AM,-19.7,985.9,13.2,-999,-999
15-07-2012 08:00:00 AM,-19.8,985.7,4.6,-999,-999
15-07-2012 09:00:00 AM,-20.4,985.7,15.9,-999,-999
15-07-2012 10:00:00 AM,-20.4,985.6,17.2,-999,-999
15-07-2012 11:00:00 AM,-19.8,985.1,12.9,-999,-999
15-07-2012 12:00:00 PM,-20.5,984.5,16.8,-999,-999
15-07-2012 01:00:00 PM,-20.1,983.8,18.4,-999,-999
15-07-2012 02:00:00 PM,-23.4,984.1,5.5,-999,-999
15-07-2012 03:00:00 PM,-24.0,983.7,5.5,-999,-999
15-07-2012 04:00:00 PM,-24.7,983.1,4.4,-999,-999
15-07-2012 05:00:00 PM,-24.2,982.5,2.0,-999,-999
15-07-2012 06:00:00 PM,-24.2,982.3,5.6,-999,-999
15-07-2012 07:00:00 PM,-24.3,982.0,10.6,-999,-999
15-07-2012 08:00:00 PM,-24.8,981.8,8.5,-999,-999
15-07-2012 09:00:00 PM,-25.9,981.8,6.5,-999,-999
15-07-2012 10:00:00 PM,-24.1,981.3,8.1,-999,-999
15-07-2012 11:00:00 PM,-24.2,981.2,6.0,-999,-999
16-07-2012 12:00:00 AM,-24.6,980.9,6.2,-999,-999
16-07-2012 01:00:00 AM,-23.6,980.5,6.4,-999,-999
16-07-2012 02:00:00 AM,-23.6,980.1,6.3,-999,-999
16-07-2012 03:00:00 AM,-25.8,979.7,6.8,-999,-999
16-07-2012 04:00:00 AM,-25.8,979.3,4.1,-999,-999
16-07-2012 05:00:00 AM,-22.0,978.9,10.2,-999,-999
16-07-2012 06:00:00 AM,-22.3,977.6,16.4,-999,-999
16-07-2012 07:00:00 AM,-22.9,977.1,6.0,-999,-999
16-07-2012 08:00:00 AM,-24.6,976.6,2.3,-999,-999
16-07-2012 09:00:00 AM,-23.7,975.5,0.8,-999,-999
16-07-2012 10:00:00 AM,-19.6,975.1,7.3,-999,-999
16-07-2012 11:00:00 AM,-16.9,972.8,28.6,-999,-999
16-07-2012 12:00:00 PM,-17.5,973.6,11.2,-999,-999
16-07-2012 01:00:00 PM,-19.7,973.0,1.1,-999,-999
16-07-2012 02:00:00 PM,-19.4,972.5,6.6,-999,-999
16-07-2012 03:00:00 PM,-18.1,971.7,7.5,-999,-999
16-07-2012 04:00:00 PM,-16.8,970.3,26.4,-999,-999
16-07-2012 05:00:00 PM,-15.3,970.2,23.2,-999,-999
16-07-2012 06:00:00 PM,-17.2,971.1,8.7,-999,-999
16-07-2012 07:00:00 PM,-20.4,972.3,12.6,-999,-999
16-07-2012 08:00:00 PM,-18.1,971.8,26.7,-999,-999
16-07-2012 09:00:00 PM,-18.6,971.5,21.7,-999,-999
16-07-2012 10:00:00 PM,-18.3,970.9,26.0,-999,-999
16-07-2012 11:00:00 PM,-17.8,970.0,29.0,-999,-999
17-07-2012 12:00:00 AM,-17.2,969.4,31.5,-999,-999
17-07-2012 01:00:00 AM,-16.8,969.1,29.5,-999,-999
17-07-2012 02:00:00 AM,-16.6,968.7,29.3,-999,-999
17-07-2012 03:00:00 AM,-16.5,968.6,27.7,-999,-999
17-07-2012 04:00:00 AM,-16.1,968.3,31.6,-999,-999
17-07-2012 05:00:00 AM,-16.0,968.0,29.7,-999,-999
17-07-2012 06:00:00 AM,-16.3,967.9,33.1,-999,-999
17-07-2012 07:00:00 AM,-16.1,968.3,33.6,-999,-999
17-07-2012 08:00:00 AM,-15.9,968.5,30.6,-999,-999
17-07-2012 09:00:00 AM,-15.8,968.3,33.7,-999,-999
17-07-2012 10:00:00 AM,-15.5,968.3,30.6,-999,-999
17-07-2012 11:00:00 AM,-15.4,968.6,25.4,-999,-999
17-07-2012 12:00:00 PM,-15.0,968.7,27.9,-999,-999
17-07-2012 01:00:00 PM,-15.3,968.0,33.1,-999,-999
17-07-2012 02:00:00 PM,-15.2,968.2,28.0,-999,-999
17-07-2012 03:00:00 PM,-15.1,968.4,26.5,-999,-999
17-07-2012 04:00:00 PM,-14.8,968.6,26.4,-999,-999
17-07-2012 05:00:00 PM,-14.5,968.7,26.6,-999,-999
17-07-2012 06:00:00 PM,-14.7,968.6,23.2,-999,-999
17-07-2012 07:00:00 PM,-14.7,968.3,23.8,-999,-999
17-07-2012 08:00:00 PM,-14.2,968.2,22.9,-999,-999
17-07-2012 09:00:00 PM,-13.9,967.9,23.6,-999,-999
17-07-2012 10:00:00 PM,-13.4,967.7,22.6,-999,-999
17-07-2012 11:00:00 PM,-13.4,967.6,20.7,-999,-999
18-07-2012 12:00:00 AM,-13.9,967.6,23.8,-999,-999
18-07-2012 01:00:00 AM,-14.6,967.6,25.0,-999,-999
18-07-2012 02:00:00 AM,-15.0,967.8,26.7,-999,-999
18-07-2012 03:00:00 AM,-15.1,967.8,25.8,-999,-999
18-07-2012 04:00:00 AM,-15.6,967.7,26.6,-999,-999
18-07-2012 05:00:00 AM,-15.9,967.6,26.2,-999,-999
18-07-2012 06:00:00 AM,-16.0,967.8,26.7,-999,-999
18-07-2012 07:00:00 AM,-15.4,968.8,15.2,-999,-999
18-07-2012 08:00:00 AM,-15.8,969.1,16.6,-999,-999
18-07-2012 09:00:00 AM,-15.3,969.2,18.8,-999,-999
18-07-2012 10:00:00 AM,-14.7,969.4,16.4,-999,-999
18-07-2012 11:00:00 AM,-16.7,969.3,24.8,-999,-999
18-07-2012 12:00:00 PM,-16.8,969.4,19.4,-999,-999
18-07-2012 01:00:00 PM,-16.9,969.7,21.6,-999,-999
18-07-2012 02:00:00 PM,-17.8,970.0,19.6,-999,-999
18-07-2012 03:00:00 PM,-18.2,970.1,18.5,-999,-999
18-07-2012 04:00:00 PM,-17.6,970.4,8.5,-999,-999
18-07-2012 05:00:00 PM,-17.8,970.6,13.7,-999,-999
18-07-2012 06:00:00 PM,-19.0,970.8,6.7,-999,-999
18-07-2012 07:00:00 PM,-19.7,970.8,18.4,-999,-999
18-07-2012 08:00:00 PM,-19.4,970.7,15.3,-999,-999
18-07-2012 09:00:00 PM,-20.6,970.5,5.0,-999,-999
18-07-2012 10:00:00 PM,-20.7,970.1,3.8,-999,-999
18-07-2012 11:00:00 PM,-20.1,969.8,14.2,-999,-999
19-07-2012 12:00:00 AM,-20.2,969.8,6.7,-999,-999
19-07-2012 01:00:00 AM,-20.7,969.7,6.7,-999,-999
19-07-2012 02:00:00 AM,-20.3,969.2,18.9,-999,-999
19-07-2012 03:00:00 AM,-19.8,968.9,5.9,-999,-999
19-07-2012 04:00:00 AM,-21.6,968.7,4.6,-999,-999
19-07-2012 05:00:00 AM,-21.4,968.2,6.4,-999,-999
19-07-2012 06:00:00 AM,-18.8,967.6,24.3,-999,-999
19-07-2012 07:00:00 AM,-19.5,967.8,22.6,-999,-999
19-07-2012 08:00:00 AM,-18.6,967.6,28.2,-999,-999
19-07-2012 09:00:00 AM,-18.6,967.9,25.2,-999,-999
19-07-2012 10:00:00 AM,-18.8,967.8,28.1,-999,-999
19-07-2012 11:00:00 AM,-18.5,967.5,27.1,-999,-999
19-07-2012 12:00:00 PM,-19.2,967.9,26.1,-999,-999
19-07-2012 01:00:00 PM,-19.4,968.0,28.2,-999,-999
19-07-2012 02:00:00 PM,-19.0,967.6,24.1,-999,-999
19-07-2012 03:00:00 PM,-18.5,967.4,22.7,-999,-999
19-07-2012 04:00:00 PM,-18.8,967.0,23.1,-999,-999
19-07-2012 05:00:00 PM,-17.6,966.6,22.1,-999,-999
19-07-2012 06:00:00 PM,-17.2,965.9,20.9,-999,-999
19-07-2012 07:00:00 PM,-17.2,965.3,23.5,-999,-999
19-07-2012 08:00:00 PM,-17.2,965.0,22.9,-999,-999
19-07-2012 09:00:00 PM,-17.6,964.3,20.5,-999,-999
19-07-2012 10:00:00 PM,-17.1,963.5,23.9,-999,-999
19-07-2012 11:00:00 PM,-17.0,963.0,24.0,-999,-999
20-07-2012 12:00:00 AM,-17.1,962.9,21.4,-999,-999
20-07-2012 01:00:00 AM,-17.0,962.2,23.6,-999,-999
20-07-2012 02:00:00 AM,-17.4,962.1,24.3,-999,-999
20-07-2012 03:00:00 AM,-17.3,961.9,24.2,-999,-999
20-07-2012 04:00:00 AM,-17.4,961.3,21.2,-999,-999
20-07-2012 05:00:00 AM,-17.7,961.3,22.6,-999,-999
20-07-2012 06:00:00 AM,-17.7,961.4,24.8,-999,-999
20-07-2012 07:00:00 AM,-18.0,961.8,23.0,-999,-999
20-07-2012 08:00:00 AM,-18.1,962.6,21.4,-999,-999
20-07-2012 09:00:00 AM,-18.4,963.0,25.3,-999,-999
20-07-2012 10:00:00 AM,-18.5,963.3,29.3,-999,-999
20-07-2012 11:00:00 AM,-20.1,963.9,28.0,-999,-999
20-07-2012 12:00:00 PM,-21.1,964.7,29.6,-999,-999
20-07-2012 01:00:00 PM,-20.9,965.4,26.8,-999,-999
20-07-2012 02:00:00 PM,-20.0,966.0,25.2,-999,-999
20-07-2012 03:00:00 PM,-21.2,966.9,24.9,-999,-999
20-07-2012 04:00:00 PM,-22.7,967.3,22.8,-999,-999
20-07-2012 05:00:00 PM,-21.0,967.1,14.0,-999,-999
20-07-2012 06:00:00 PM,-22.8,967.1,19.3,-999,-999
20-07-2012 07:00:00 PM,-22.7,966.9,18.2,-999,-999
20-07-2012 08:00:00 PM,-21.4,967.1,8.5,-999,-999
20-07-2012 09:00:00 PM,-25.4,967.1,6.2,-999,-999
20-07-2012 10:00:00 PM,-24.8,967.0,6.8,-999,-999
20-07-2012 11:00:00 PM,-26.6,966.6,6.9,-999,-999
21-07-2012 12:00:00 AM,-23.1,965.6,14.5,-999,-999
21-07-2012 01:00:00 AM,-24.4,965.5,7.6,-999,-999
21-07-2012 02:00:00 AM,-25.9,964.8,7.7,-999,-999
21-07-2012 03:00:00 AM,-25.3,963.8,5.1,-999,-999
21-07-2012 04:00:00 AM,-24.6,962.9,12.1,-999,-999
21-07-2012 05:00:00 AM,-21.9,962.9,12.0,-999,-999
21-07-2012 06:00:00 AM,-25.1,963.5,10.4,-999,-999
21-07-2012 07:00:00 AM,-23.9,962.3,8.7,-999,-999
21-07-2012 08:00:00 AM,-25.6,961.4,19.4,-999,-999
21-07-2012 09:00:00 AM,-23.1,961.8,6.3,-999,-999
21-07-2012 10:00:00 AM,-24.6,961.4,8.1,-999,-999
21-07-2012 11:00:00 AM,-21.8,961.9,17.3,-999,-999
21-07-2012 12:00:00 PM,-20.7,962.5,23.6,-999,-999
21-07-2012 01:00:00 PM,-21.7,963.1,13.7,-999,-999
21-07-2012 02:00:00 PM,-20.1,962.1,23.8,-999,-999
21-07-2012 03:00:00 PM,-19.3,962.2,30.2,-999,-999
21-07-2012 04:00:00 PM,-19.0,963.0,29.6,-999,-999
21-07-2012 05:00:00 PM,-18.8,963.2,32.2,-999,-999
21-07-2012 06:00:00 PM,-18.7,964.2,29.9,-999,-999
21-07-2012 07:00:00 PM,-18.8,965.3,30.1,-999,-999
21-07-2012 08:00:00 PM,-18.6,966.3,30.2,-999,-999
21-07-2012 09:00:00 PM,-17.9,967.1,30.7,-999,-999
21-07-2012 10:00:00 PM,-18.1,968.8,30.4,-999,-999
21-07-2012 11:00:00 PM,-18.2,971.1,28.5,-999,-999
22-07-2012 12:00:00 AM,-21.3,974.4,4.5,-999,-999
22-07-2012 01:00:00 AM,-20.5,976.2,12.4,-999,-999
22-07-2012 02:00:00 AM,-19.8,977.2,18.1,-999,-999
22-07-2012 03:00:00 AM,-20.3,978.7,20.3,-999,-999
22-07-2012 04:00:00 AM,-19.8,979.8,17.9,-999,-999
22-07-2012 05:00:00 AM,-19.6,980.9,15.2,-999,-999
22-07-2012 06:00:00 AM,-19.7,981.9,15.1,-999,-999
22-07-2012 07:00:00 AM,-22.5,982.7,7.7,-999,-999
22-07-2012 08:00:00 AM,-22.8,983.1,8.1,-999,-999
22-07-2012 09:00:00 AM,-22.1,983.5,7.2,-999,-999
22-07-2012 10:00:00 AM,-25.5,984.3,6.2,-999,-999
22-07-2012 11:00:00 AM,-25.5,984.8,6.4,-999,-999
22-07-2012 12:00:00 PM,-25.4,984.6,3.3,-999,-999
22-07-2012 01:00:00 PM,-25.9,984.9,3.2,-999,-999
22-07-2012 02:00:00 PM,-24.4,984.8,9.7,-999,-999
22-07-2012 03:00:00 PM,-24.0,984.9,11.6,-999,-999
22-07-2012 04:00:00 PM,-23.4,985.2,14.6,-999,-999
22-07-2012 05:00:00 PM,-24.4,984.9,8.3,-999,-999
22-07-2012 06:00:00 PM,-23.3,984.6,12.0,-999,-999
22-07-2012 07:00:00 PM,-26.9,985.0,6.5,-999,-999
22-07-2012 08:00:00 PM,-27.2,984.8,7.9,-999,-999
22-07-2012 09:00:00 PM,-25.0,984.3,10.1,-999,-999
22-07-2012 10:00:00 PM,-24.4,984.1,12.0,-999,-999
22-07-2012 11:00:00 PM,-26.4,983.5,7.8,-999,-999
23-07-2012 12:00:00 AM,-26.8,982.8,8.0,-999,-999
23-07-2012 01:00:00 AM,-26.5,982.4,7.4,-999,-999
23-07-2012 02:00:00 AM,-25.8,982.0,2.8,-999,-999
23-07-2012 03:00:00 AM,-27.4,981.7,4.2,-999,-999
23-07-2012 04:00:00 AM,-28.0,981.1,10.1,-999,-999
23-07-2012 05:00:00 AM,-27.9,980.1,3.1,-999,-999
23-07-2012 06:00:00 AM,-26.2,979.3,6.7,-999,-999
23-07-2012 07:00:00 AM,-22.1,978.8,10.4,-999,-999
23-07-2012 08:00:00 AM,-25.6,977.7,7.5,-999,-999
23-07-2012 09:00:00 AM,-25.4,977.2,11.2,-999,-999
23-07-2012 10:00:00 AM,-27.2,977.2,18.5,-999,-999
23-07-2012 11:00:00 AM,-28.8,975.9,12.0,-999,-999
23-07-2012 12:00:00 PM,-27.3,977.1,8.1,-999,-999
23-07-2012 01:00:00 PM,-24.0,977.5,12.0,-999,-999
23-07-2012 02:00:00 PM,-26.7,978.7,8.5,-999,-999
23-07-2012 03:00:00 PM,-22.3,978.4,19.3,-999,-999
23-07-2012 04:00:00 PM,-22.7,977.3,20.1,-999,-999
23-07-2012 05:00:00 PM,-22.2,978.5,10.2,-999,-999
23-07-2012 06:00:00 PM,-23.7,979.0,6.9,-999,-999
23-07-2012 07:00:00 PM,-23.9,979.1,4.5,-999,-999
23-07-2012 08:00:00 PM,-24.9,979.7,9.3,-999,-999
23-07-2012 09:00:00 PM,-24.8,979.8,14.8,-999,-999
23-07-2012 10:00:00 PM,-24.3,980.2,5.8,-999,-999
23-07-2012 11:00:00 PM,-24.6,980.1,14.8,-999,-999
24-07-2012 12:00:00 AM,-24.7,981.1,8.8,-999,-999
24-07-2012 01:00:00 AM,-24.8,981.4,5.1,-999,-999
24-07-2012 02:00:00 AM,-22.8,982.0,2.5,-999,-999
24-07-2012 03:00:00 AM,-23.3,982.3,12.5,-999,-999
24-07-2012 04:00:00 AM,-21.8,982.8,8.6,-999,-999
24-07-2012 05:00:00 AM,-23.4,983.3,10.6,-999,-999
24-07-2012 06:00:00 AM,-22.8,984.3,18.1,-999,-999
24-07-2012 07:00:00 AM,-23.1,984.9,19.7,-999,-999
24-07-2012 08:00:00 AM,-23.3,985.7,19.0,-999,-999
24-07-2012 09:00:00 AM,-23.5,986.3,17.2,-999,-999
24-07-2012 10:00:00 AM,-23.1,986.6,10.8,-999,-999
24-07-2012 11:00:00 AM,-25.4,987.0,13.5,-999,-999
24-07-2012 12:00:00 PM,-23.0,987.6,15.7,-999,-999
24-07-2012 01:00:00 PM,-23.1,987.5,21.3,-999,-999
24-07-2012 02:00:00 PM,-23.0,987.8,19.7,-999,-999
24-07-2012 03:00:00 PM,-23.3,987.3,23.0,-999,-999
24-07-2012 04:00:00 PM,-23.4,987.1,21.2,-999,-999
24-07-2012 05:00:00 PM,-23.0,987.1,19.4,-999,-999
24-07-2012 06:00:00 PM,-23.3,987.1,26.2,-999,-999
24-07-2012 07:00:00 PM,-22.7,987.4,23.6,-999,-999
24-07-2012 08:00:00 PM,-22.5,987.4,17.6,-999,-999
24-07-2012 09:00:00 PM,-23.2,986.8,18.9,-999,-999
24-07-2012 10:00:00 PM,-22.4,987.4,19.7,-999,-999
24-07-2012 11:00:00 PM,-23.5,988.0,24.3,-999,-999
25-07-2012 12:00:00 AM,-23.2,987.7,21.5,-999,-999
25-07-2012 01:00:00 AM,-22.7,987.5,20.5,-999,-999
25-07-2012 02:00:00 AM,-22.8,987.2,20.2,-999,-999
25-07-2012 03:00:00 AM,-23.9,986.9,21.0,-999,-999
25-07-2012 04:00:00 AM,-24.4,986.8,22.5,-999,-999
25-07-2012 05:00:00 AM,-25.7,986.6,21.5,-999,-999
25-07-2012 06:00:00 AM,-25.3,986.3,22.5,-999,-999
25-07-2012 07:00:00 AM,-24.6,986.4,22.6,-999,-999
25-07-2012 08:00:00 AM,-23.6,987.1,22.3,-999,-999
25-07-2012 09:00:00 AM,-24.9,987.2,22.1,-999,-999
25-07-2012 10:00:00 AM,-24.3,986.9,20.5,-999,-999
25-07-2012 11:00:00 AM,-26.5,987.1,23.9,-999,-999
25-07-2012 12:00:00 PM,-23.9,987.1,19.2,-999,-999
25-07-2012 01:00:00 PM,-23.7,987.2,20.2,-999,-999
25-07-2012 02:00:00 PM,-22.6,987.4,18.2,-999,-999
25-07-2012 03:00:00 PM,-25.4,987.3,21.7,-999,-999
25-07-2012 04:00:00 PM,-26.4,987.5,22.4,-999,-999
25-07-2012 05:00:00 PM,-25.4,988.6,16.2,-999,-999
25-07-2012 06:00:00 PM,-25.4,989.3,5.3,-999,-999
25-07-2012 07:00:00 PM,-26.0,989.2,15.6,-999,-999
25-07-2012 08:00:00 PM,-26.2,989.5,16.3,-999,-999
25-07-2012 09:00:00 PM,-25.3,989.8,1.3,-999,-999
25-07-2012 10:00:00 PM,-26.6,990.2,5.1,-999,-999
25-07-2012 11:00:00 PM,-27.6,990.4,6.1,-999,-999
26-07-2012 12:00:00 AM,-27.0,990.7,6.5,-999,-999
26-07-2012 01:00:00 AM,-27.4,990.7,5.3,-999,-999
26-07-2012 02:00:00 AM,-27.2,990.8,11.1,-999,-999
26-07-2012 03:00:00 AM,-26.7,990.9,11.8,-999,-999
26-07-2012 04:00:00 AM,-27.3,991.3,3.0,-999,-999
26-07-2012 05:00:00 AM,-26.5,991.3,11.4,-999,-999
26-07-2012 06:00:00 AM,-26.7,991.5,10.9,-999,-999
26-07-2012 07:00:00 AM,-26.2,991.7,11.9,-999,-999
26-07-2012 08:00:00 AM,-26.8,992.1,11.5,-999,-999
26-07-2012 09:00:00 AM,-26.8,992.4,11.7,-999,-999
26-07-2012 10:00:00 AM,-26.5,992.5,12.8,-999,-999
26-07-2012 11:00:00 AM,-27.4,991.8,18.7,-999,-999
26-07-2012 12:00:00 PM,-28.6,991.8,17.6,-999,-999
26-07-2012 01:00:00 PM,-28.7,992.3,6.8,-999,-999
26-07-2012 02:00:00 PM,-28.2,991.9,9.1,-999,-999
26-07-2012 03:00:00 PM,-29.4,991.8,4.2,-999,-999
26-07-2012 04:00:00 PM,-28.7,991.6,5.4,-999,-999
26-07-2012 05:00:00 PM,-28.3,991.6,6.9,-999,-999
26-07-2012 06:00:00 PM,-28.7,991.1,14.6,-999,-999
26-07-2012 07:00:00 PM,-29.1,991.5,13.6,-999,-999
26-07-2012 08:00:00 PM,-28.6,991.4,12.1,-999,-999
26-07-2012 09:00:00 PM,-30.6,992.0,5.5,-999,-999
26-07-2012 10:00:00 PM,-28.9,992.0,15.8,-999,-999
26-07-2012 11:00:00 PM,-28.9,991.8,16.1,-999,-999
27-07-2012 12:00:00 AM,-29.8,991.2,21.6,-999,-999
27-07-2012 01:00:00 AM,-30.1,991.5,21.6,-999,-999
27-07-2012 02:00:00 AM,-29.4,991.8,17.7,-999,-999
27-07-2012 03:00:00 AM,-28.0,991.2,15.1,-999,-999
27-07-2012 04:00:00 AM,-27.6,991.0,15.4,-999,-999
27-07-2012 05:00:00 AM,-27.0,990.5,13.4,-999,-999
27-07-2012 06:00:00 AM,-26.8,989.8,2.4,-999,-999
27-07-2012 07:00:00 AM,-28.8,989.1,6.5,-999,-999
27-07-2012 08:00:00 AM,-26.9,989.3,14.3,-999,-999
27-07-2012 09:00:00 AM,-29.0,987.8,6.4,-999,-999
27-07-2012 10:00:00 AM,-28.1,986.7,7.8,-999,-999
27-07-2012 11:00:00 AM,-21.1,985.4,23.3,-999,-999
27-07-2012 12:00:00 PM,-21.5,985.1,19.6,-999,-999
27-07-2012 01:00:00 PM,-21.4,984.1,25.8,-999,-999
27-07-2012 02:00:00 PM,-21.9,983.0,29.7,-999,-999
27-07-2012 03:00:00 PM,-22.2,981.9,31.4,-999,-999
27-07-2012 04:00:00 PM,-21.7,981.1,29.3,-999,-999
27-07-2012 05:00:00 PM,-20.5,978.4,36.9,-999,-999
27-07-2012 06:00:00 PM,-19.1,975.6,38.5,-999,-999
27-07-2012 07:00:00 PM,-18.5,973.6,42.9,-999,-999
27-07-2012 08:00:00 PM,-18.0,972.1,47.3,-999,-999
27-07-2012 09:00:00 PM,-17.8,971.6,45.6,-999,-999
27-07-2012 10:00:00 PM,-17.6,971.1,41.3,-999,-999
27-07-2012 11:00:00 PM,-17.4,970.4,39.2,-999,-999
28-07-2012 12:00:00 AM,-17.2,970.3,36.1,-999,-999
28-07-2012 01:00:00 AM,-16.9,970.6,34.2,-999,-999
28-07-2012 02:00:00 AM,-16.9,969.7,35.5,-999,-999
28-07-2012 03:00:00 AM,-16.9,968.1,37.3,-999,-999
28-07-2012 04:00:00 AM,-16.7,968.2,38.4,-999,-999
28-07-2012 05:00:00 AM,-16.5,967.7,34.1,-999,-999
28-07-2012 06:00:00 AM,-16.4,967.0,37.9,-999,-999
28-07-2012 07:00:00 AM,-16.1,967.2,38.8,-999,-999
28-07-2012 08:00:00 AM,-16.0,966.8,36.3,-999,-999
28-07-2012 09:00:00 AM,-15.9,966.1,40.4,-999,-999
28-07-2012 10:00:00 AM,-15.6,965.8,41.0,-999,-999
28-07-2012 11:00:00 AM,-15.3,965.1,41.2,-999,-999
28-07-2012 12:00:00 PM,-15.4,965.1,43.6,-999,-999
28-07-2012 01:00:00 PM,-15.7,964.6,40.0,-999,-999
28-07-2012 02:00:00 PM,-15.6,964.7,44.5,-999,-999
28-07-2012 03:00:00 PM,-15.1,965.6,43.5,-999,-999
28-07-2012 04:00:00 PM,-14.9,965.6,42.3,-999,-999
28-07-2012 05:00:00 PM,-14.9,967.3,36.1,-999,-999
28-07-2012 06:00:00 PM,-14.8,966.5,35.8,-999,-999
28-07-2012 07:00:00 PM,-14.8,966.3,38.1,-999,-999
28-07-2012 08:00:00 PM,-14.6,966.7,36.3,-999,-999
28-07-2012 09:00:00 PM,-14.5,967.4,37.0,-999,-999
28-07-2012 10:00:00 PM,-14.4,967.5,37.3,-999,-999
28-07-2012 11:00:00 PM,-14.2,968.0,35.2,-999,-999
29-07-2012 12:00:00 AM,-14.1,968.4,29.6,-999,-999
29-07-2012 01:00:00 AM,-14.1,968.5,33.7,-999,-999
29-07-2012 02:00:00 AM,-14.2,969.0,32.4,-999,-999
29-07-2012 03:00:00 AM,-14.4,969.2,33.9,-999,-999
29-07-2012 04:00:00 AM,-14.7,969.8,33.1,-999,-999
29-07-2012 05:00:00 AM,-15.1,970.0,30.8,-999,-999
29-07-2012 06:00:00 AM,-15.4,970.4,31.3,-999,-999
29-07-2012 07:00:00 AM,-15.7,971.4,26.5,-999,-999
29-07-2012 08:00:00 AM,-16.0,971.2,30.9,-999,-999
29-07-2012 09:00:00 AM,-16.2,971.2,30.3,-999,-999
29-07-2012 10:00:00 AM,-16.4,971.9,26.9,-999,-999
29-07-2012 11:00:00 AM,-16.4,971.9,28.6,-999,-999
29-07-2012 12:00:00 PM,-16.4,972.0,26.5,-999,-999
29-07-2012 01:00:00 PM,-16.4,972.3,27.7,-999,-999
29-07-2012 02:00:00 PM,-16.5,972.8,25.8,-999,-999
29-07-2012 03:00:00 PM,-16.5,973.0,27.2,-999,-999
29-07-2012 04:00:00 PM,-16.7,973.4,24.2,-999,-999
29-07-2012 05:00:00 PM,-16.8,973.8,23.2,-999,-999
29-07-2012 06:00:00 PM,-17.0,974.2,25.9,-999,-999
29-07-2012 07:00:00 PM,-17.2,974.8,25.5,-999,-999
29-07-2012 08:00:00 PM,-17.3,975.5,26.1,-999,-999
29-07-2012 09:00:00 PM,-17.3,976.2,22.7,-999,-999
29-07-2012 10:00:00 PM,-17.4,976.5,19.8,-999,-999
29-07-2012 11:00:00 PM,-17.5,976.8,18.5,-999,-999
30-07-2012 12:00:00 AM,-17.7,977.5,17.8,-999,-999
30-07-2012 01:00:00 AM,-17.8,977.7,20.2,-999,-999
30-07-2012 02:00:00 AM,-18.1,977.4,25.7,-999,-999
30-07-2012 03:00:00 AM,-18.4,977.1,24.2,-999,-999
30-07-2012 04:00:00 AM,-18.5,977.8,27.1,-999,-999
30-07-2012 05:00:00 AM,-18.5,979.1,21.7,-999,-999
30-07-2012 06:00:00 AM,-18.7,979.3,25.3,-999,-999
30-07-2012 07:00:00 AM,-18.8,980.0,21.2,-999,-999
30-07-2012 08:00:00 AM,-18.6,980.7,22.2,-999,-999
30-07-2012 09:00:00 AM,-18.4,981.3,18.1,-999,-999
30-07-2012 10:00:00 AM,-18.3,981.8,20.7,-999,-999
30-07-2012 11:00:00 AM,-18.1,982.7,19.0,-999,-999
30-07-2012 12:00:00 PM,-18.1,983.7,17.0,-999,-999
30-07-2012 01:00:00 PM,-19.2,984.4,19.5,-999,-999
30-07-2012 02:00:00 PM,-20.0,984.9,23.6,-999,-999
30-07-2012 03:00:00 PM,-21.0,985.6,28.3,-999,-999
30-07-2012 04:00:00 PM,-21.2,986.2,25.5,-999,-999
30-07-2012 05:00:00 PM,-21.6,987.0,21.7,-999,-999
30-07-2012 06:00:00 PM,-22.1,987.3,19.9,-999,-999
30-07-2012 07:00:00 PM,-22.2,988.0,6.1,-999,-999
30-07-2012 08:00:00 PM,-22.8,987.8,19.8,-999,-999
30-07-2012 09:00:00 PM,-23.1,988.1,21.2,-999,-999
30-07-2012 10:00:00 PM,-23.0,987.8,22.9,-999,-999
30-07-2012 11:00:00 PM,-23.4,987.9,20.2,-999,-999
31-07-2012 12:00:00 AM,-22.9,988.3,17.1,-999,-999
31-07-2012 01:00:00 AM,-23.7,987.9,28.9,-999,-999
31-07-2012 02:00:00 AM,-23.8,988.8,25.5,-999,-999
31-07-2012 03:00:00 AM,-23.4,988.7,25.3,-999,-999
31-07-2012 04:00:00 AM,-22.8,989.1,27.0,-999,-999
31-07-2012 05:00:00 AM,-22.7,989.5,26.0,-999,-999
31-07-2012 06:00:00 AM,-22.7,989.6,26.2,-999,-999
31-07-2012 07:00:00 AM,-22.4,990.0,28.5,-999,-999
31-07-2012 08:00:00 AM,-22.8,990.4,25.5,-999,-999
31-07-2012 09:00:00 AM,-23.5,990.8,26.3,-999,-999
31-07-2012 10:00:00 AM,-22.7,991.2,23.4,-999,-999
31-07-2012 11:00:00 AM,-22.5,992.1,3.1,-999,-999
31-07-2012 12:00:00 PM,-22.2,992.0,6.0,-999,-999
31-07-2012 01:00:00 PM,-22.3,991.9,7.0,-999,-999
31-07-2012 02:00:00 PM,-23.5,991.7,17.5,-999,-999
31-07-2012 03:00:00 PM,-24.3,991.9,17.1,-999,-999
31-07-2012 04:00:00 PM,-25.1,992.6,11.2,-999,-999
31-07-2012 05:00:00 PM,-24.4,992.5,11.7,-999,-999
31-07-2012 06:00:00 PM,-24.4,992.2,14.8,-999,-999
31-07-2012 07:00:00 PM,-24.6,992.3,14.8,-999,-999
31-07-2012 08:00:00 PM,-24.9,992.1,16.2,-999,-999
31-07-2012 09:00:00 PM,-25.5,992.2,15.0,-999,-999
31-07-2012 10:00:00 PM,-25.3,992.6,10.6,-999,-999
31-07-2012 11:00:00 PM,-25.3,992.4,7.5,-999,-999
01-08-2012 12:00:00 AM,-25.5,992.1,11.0,-999,-999
01-08-2012 01:00:00 AM,-25.7,991.6,5.1,-999,-999
01-08-2012 02:00:00 AM,-25.3,991.2,10.5,-999,-999
01-08-2012 03:00:00 AM,-26.1,990.8,12.1,-999,-999
01-08-2012 04:00:00 AM,-25.8,990.5,8.9,-999,-999
01-08-2012 05:00:00 AM,-25.1,989.8,10.0,-999,-999
01-08-2012 06:00:00 AM,-24.8,989.1,12.7,-999,-999
01-08-2012 07:00:00 AM,-25.3,989.9,7.1,-999,-999
01-08-2012 08:00:00 AM,-26.7,989.3,10.8,-999,-999
01-08-2012 09:00:00 AM,-26.5,988.5,11.8,-999,-999
01-08-2012 10:00:00 AM,-27.0,989.5,8.3,-999,-999
01-08-2012 11:00:00 AM,-27.4,988.4,9.3,-999,-999
01-08-2012 12:00:00 PM,-27.2,988.5,13.1,-999,-999
01-08-2012 01:00:00 PM,-26.2,988.0,21.6,-999,-999
01-08-2012 02:00:00 PM,-26.0,987.9,20.1,-999,-999
01-08-2012 03:00:00 PM,-25.8,986.9,23.3,-999,-999
01-08-2012 04:00:00 PM,-25.3,986.3,22.5,-999,-999
01-08-2012 05:00:00 PM,-24.8,985.3,29.4,-999,-999
01-08-2012 06:00:00 PM,-24.8,985.3,25.5,-999,-999
01-08-2012 07:00:00 PM,-24.4,985.0,21.4,-999,-999
01-08-2012 08:00:00 PM,-24.1,983.6,23.4,-999,-999
01-08-2012 09:00:00 PM,-23.4,983.2,22.7,-999,-999
01-08-2012 10:00:00 PM,-23.7,983.7,21.2,-999,-999
01-08-2012 11:00:00 PM,-23.4,982.7,27.9,-999,-999
02-08-2012 12:00:00 AM,-22.8,982.7,25.9,-999,-999
02-08-2012 01:00:00 AM,-23.3,982.5,31.9,-999,-999
02-08-2012 02:00:00 AM,-22.9,981.7,29.8,-999,-999
02-08-2012 03:00:00 AM,-22.9,981.6,28.9,-999,-999
02-08-2012 04:00:00 AM,-22.7,980.9,33.4,-999,-999
02-08-2012 05:00:00 AM,-22.5,980.2,35.4,-999,-999
02-08-2012 06:00:00 AM,-22.0,980.3,30.2,-999,-999
02-08-2012 07:00:00 AM,-21.9,980.8,30.5,-999,-999
02-08-2012 08:00:00 AM,-21.8,980.6,28.8,-999,-999
02-08-2012 09:00:00 AM,-21.6,979.8,31.2,-999,-999
02-08-2012 10:00:00 AM,-21.2,979.3,29.9,-999,-999
02-08-2012 11:00:00 AM,-20.6,978.0,37.2,-999,-999
02-08-2012 12:00:00 PM,-19.9,976.8,32.9,-999,-999
02-08-2012 01:00:00 PM,-19.1,975.5,38.6,-999,-999
02-08-2012 02:00:00 PM,-18.1,974.9,38.6,-999,-999
02-08-2012 03:00:00 PM,-17.6,973.6,40.6,-999,-999
02-08-2012 04:00:00 PM,-16.8,973.1,35.7,-999,-999
02-08-2012 05:00:00 PM,-16.3,972.7,31.3,-999,-999
02-08-2012 06:00:00 PM,-15.7,971.9,41.5,-999,-999
02-08-2012 07:00:00 PM,-14.9,970.8,44.0,-999,-999
02-08-2012 08:00:00 PM,-14.3,969.9,44.8,-999,-999
02-08-2012 09:00:00 PM,-13.6,968.9,43.7,-999,-999
02-08-2012 10:00:00 PM,-12.9,968.0,41.3,-999,-999
02-08-2012 11:00:00 PM,-12.6,967.3,32.9,-999,-999
03-08-2012 12:00:00 AM,-12.6,966.9,30.0,-999,-999
03-08-2012 01:00:00 AM,-11.8,965.9,41.1,-999,-999
03-08-2012 02:00:00 AM,-11.5,965.5,33.8,-999,-999
03-08-2012 03:00:00 AM,-11.4,965.5,31.1,-999,-999
03-08-2012 04:00:00 AM,-11.6,965.1,26.9,-999,-999
03-08-2012 05:00:00 AM,-11.6,965.1,43.0,-999,-999
03-08-2012 06:00:00 AM,-11.6,963.1,45.4,-999,-999
03-08-2012 07:00:00 AM,-11.6,962.4,49.9,-999,-999
03-08-2012 08:00:00 AM,-11.5,961.4,50.7,-999,-999
03-08-2012 09:00:00 AM,-11.3,960.8,53.5,-999,-999
03-08-2012 10:00:00 AM,-11.2,961.0,51.3,-999,-999
03-08-2012 11:00:00 AM,-11.0,960.8,50.9,-999,-999
03-08-2012 12:00:00 PM,-11.0,961.2,54.8,-999,-999
03-08-2012 01:00:00 PM,-11.0,962.5,43.5,-999,-999
03-08-2012 02:00:00 PM,-11.4,963.6,43.6,-999,-999
03-08-2012 03:00:00 PM,-11.6,964.4,36.9,-999,-999
03-08-2012 04:00:00 PM,-12.4,965.6,35.5,-999,-999
03-08-2012 05:00:00 PM,-13.0,967.4,35.2,-999,-999
03-08-2012 06:00:00 PM,-13.2,968.0,37.8,-999,-999
03-08-2012 07:00:00 PM,-13.5,970.1,33.2,-999,-999
03-08-2012 08:00:00 PM,-13.6,970.3,38.1,-999,-999
03-08-2012 09:00:00 PM,-13.8,971.3,31.6,-999,-999
03-08-2012 10:00:00 PM,-14.0,972.0,31.0,-999,-999
03-08-2012 11:00:00 PM,-13.9,972.6,30.5,-999,-999
04-08-2012 12:00:00 AM,-14.0,972.4,36.4,-999,-999
04-08-2012 01:00:00 AM,-14.1,973.1,37.2,-999,-999
04-08-2012 02:00:00 AM,-14.2,974.3,33.2,-999,-999
04-08-2012 03:00:00 AM,-14.5,975.6,25.7,-999,-999
04-08-2012 04:00:00 AM,-14.5,975.9,26.6,-999,-999
04-08-2012 05:00:00 AM,-14.3,975.7,31.5,-999,-999
04-08-2012 06:00:00 AM,-14.3,976.5,29.1,-999,-999
04-08-2012 07:00:00 AM,-14.5,976.6,30.4,-999,-999
04-08-2012 08:00:00 AM,-14.7,976.9,28.7,-999,-999
04-08-2012 09:00:00 AM,-14.6,977.5,27.5,-999,-999
04-08-2012 10:00:00 AM,-14.4,977.8,24.6,-999,-999
04-08-2012 11:00:00 AM,-14.2,978.5,23.8,-999,-999
04-08-2012 12:00:00 PM,-14.3,979.0,16.2,-999,-999
04-08-2012 01:00:00 PM,-14.2,978.6,28.8,-999,-999
04-08-2012 02:00:00 PM,-14.1,979.0,28.6,-999,-999
04-08-2012 03:00:00 PM,-13.9,979.2,23.0,-999,-999
04-08-2012 04:00:00 PM,-13.7,979.6,19.4,-999,-999
04-08-2012 05:00:00 PM,-13.5,979.6,22.8,-999,-999
04-08-2012 06:00:00 PM,-13.4,979.6,15.9,-999,-999
04-08-2012 07:00:00 PM,-13.2,980.2,17.1,-999,-999
04-08-2012 08:00:00 PM,-13.2,980.2,18.1,-999,-999
04-08-2012 09:00:00 PM,-12.9,980.2,20.8,-999,-999
04-08-2012 10:00:00 PM,-12.7,980.4,18.8,-999,-999
04-08-2012 11:00:00 PM,-12.8,980.3,12.0,-999,-999
05-08-2012 12:00:00 AM,-12.3,979.6,22.5,-999,-999
05-08-2012 01:00:00 AM,-11.5,979.7,17.7,-999,-999
05-08-2012 02:00:00 AM,-11.2,979.7,15.6,-999,-999
05-08-2012 03:00:00 AM,-11.2,979.8,11.6,-999,-999
05-08-2012 04:00:00 AM,-11.8,979.6,18.5,-999,-999
05-08-2012 05:00:00 AM,-12.7,979.9,20.8,-999,-999
05-08-2012 06:00:00 AM,-13.7,980.0,20.2,-999,-999
05-08-2012 07:00:00 AM,-14.7,980.3,25.7,-999,-999
05-08-2012 08:00:00 AM,-14.8,981.6,3.8,-999,-999
05-08-2012 09:00:00 AM,-16.2,982.3,10.0,-999,-999
05-08-2012 10:00:00 AM,-16.0,982.8,6.0,-999,-999
05-08-2012 11:00:00 AM,-16.3,983.0,12.6,-999,-999
05-08-2012 12:00:00 PM,-16.9,983.6,16.0,-999,-999
05-08-2012 01:00:00 PM,-16.6,984.4,4.3,-999,-999
05-08-2012 02:00:00 PM,-16.7,985.3,4.7,-999,-999
05-08-2012 03:00:00 PM,-17.5,986.4,5.9,-999,-999
05-08-2012 04:00:00 PM,-17.6,987.8,8.8,-999,-999
05-08-2012 05:00:00 PM,-16.4,988.9,16.0,-999,-999
05-08-2012 06:00:00 PM,-15.6,990.1,21.8,-999,-999
05-08-2012 07:00:00 PM,-16.0,991.3,20.9,-999,-999
05-08-2012 08:00:00 PM,-16.5,992.7,16.4,-999,-999
05-08-2012 09:00:00 PM,-17.2,993.6,17.9,-999,-999
05-08-2012 10:00:00 PM,-18.7,995.5,7.7,-999,-999
05-08-2012 11:00:00 PM,-18.1,995.8,23.7,-999,-999
06-08-2012 12:00:00 AM,-18.4,996.8,21.1,-999,-999
06-08-2012 01:00:00 AM,-18.4,997.2,21.9,-999,-999
06-08-2012 02:00:00 AM,-19.2,997.9,23.5,-999,-999
06-08-2012 03:00:00 AM,-19.5,998.4,20.9,-999,-999
06-08-2012 04:00:00 AM,-19.9,998.6,20.9,-999,-999
06-08-2012 05:00:00 AM,-20.2,998.6,18.2,-999,-999
06-08-2012 06:00:00 AM,-21.1,999.6,10.0,-999,-999
06-08-2012 07:00:00 AM,-20.5,999.7,5.7,-999,-999
06-08-2012 08:00:00 AM,-21.1,1000.3,5.0,-999,-999
06-08-2012 09:00:00 AM,-22.5,999.9,5.7,-999,-999
06-08-2012 10:00:00 AM,-22.2,999.9,18.6,-999,-999
06-08-2012 11:00:00 AM,-22.2,1000.2,22.3,-999,-999
06-08-2012 12:00:00 PM,-22.1,1000.0,20.1,-999,-999
06-08-2012 01:00:00 PM,-21.9,999.7,19.3,-999,-999
06-08-2012 02:00:00 PM,-21.4,999.8,16.6,-999,-999
06-08-2012 03:00:00 PM,-20.6,999.0,20.3,-999,-999
06-08-2012 04:00:00 PM,-19.6,998.3,15.9,-999,-999
06-08-2012 05:00:00 PM,-18.9,997.8,15.5,-999,-999
06-08-2012 06:00:00 PM,-17.8,997.2,6.5,-999,-999
06-08-2012 07:00:00 PM,-17.4,996.5,13.2,-999,-999
06-08-2012 08:00:00 PM,-18.0,996.1,11.2,-999,-999
06-08-2012 09:00:00 PM,-17.5,995.5,15.9,-999,-999
06-08-2012 10:00:00 PM,-16.8,994.9,12.6,-999,-999
06-08-2012 11:00:00 PM,-16.5,993.9,21.4,-999,-999
07-08-2012 12:00:00 AM,-15.8,993.0,19.9,-999,-999
07-08-2012 01:00:00 AM,-15.0,992.1,22.5,-999,-999
07-08-2012 02:00:00 AM,-14.7,991.3,25.3,-999,-999
07-08-2012 03:00:00 AM,-14.9,990.5,22.2,-999,-999
07-08-2012 04:00:00 AM,-15.2,989.7,18.8,-999,-999
07-08-2012 05:00:00 AM,-14.9,989.1,21.7,-999,-999
07-08-2012 06:00:00 AM,-14.4,988.8,25.3,-999,-999
07-08-2012 07:00:00 AM,-14.4,988.5,26.4,-999,-999
07-08-2012 08:00:00 AM,-14.5,987.8,28.3,-999,-999
07-08-2012 09:00:00 AM,-14.0,987.4,31.9,-999,-999
07-08-2012 10:00:00 AM,-13.7,987.3,29.3,-999,-999
07-08-2012 11:00:00 AM,-13.1,986.5,25.9,-999,-999
07-08-2012 12:00:00 PM,-12.6,986.4,25.0,-999,-999
07-08-2012 01:00:00 PM,-13.1,986.1,27.4,-999,-999
07-08-2012 02:00:00 PM,-13.0,985.8,32.3,-999,-999
07-08-2012 03:00:00 PM,-13.4,985.6,34.9,-999,-999
07-08-2012 04:00:00 PM,-13.4,985.6,36.9,-999,-999
07-08-2012 05:00:00 PM,-13.2,985.8,31.0,-999,-999
07-08-2012 06:00:00 PM,-12.9,985.6,35.7,-999,-999
07-08-2012 07:00:00 PM,-12.8,985.8,34.1,-999,-999
07-08-2012 08:00:00 PM,-12.7,985.9,32.8,-999,-999
07-08-2012 09:00:00 PM,-12.8,986.1,29.1,-999,-999
07-08-2012 10:00:00 PM,-12.8,986.0,31.8,-999,-999
07-08-2012 11:00:00 PM,-13.0,986.1,30.1,-999,-999
08-08-2012 12:00:00 AM,-13.0,985.9,31.7,-999,-999
08-08-2012 01:00:00 AM,-12.8,985.6,28.7,-999,-999
08-08-2012 02:00:00 AM,-12.7,985.2,29.8,-999,-999
08-08-2012 03:00:00 AM,-12.5,984.7,26.5,-999,-999
08-08-2012 04:00:00 AM,-12.5,984.2,27.5,-999,-999
08-08-2012 05:00:00 AM,-12.5,983.8,27.5,-999,-999
08-08-2012 06:00:00 AM,-12.4,983.4,29.7,-999,-999
08-08-2012 07:00:00 AM,-12.4,983.0,29.5,-999,-999
08-08-2012 08:00:00 AM,-12.3,983.0,27.2,-999,-999
08-08-2012 09:00:00 AM,-12.3,982.5,27.7,-999,-999
08-08-2012 10:00:00 AM,-12.2,981.8,27.0,-999,-999
08-08-2012 11:00:00 AM,-12.1,982.2,23.4,-999,-999
08-08-2012 12:00:00 PM,-12.0,981.4,24.5,-999,-999
08-08-2012 01:00:00 PM,-12.0,980.8,25.6,-999,-999
08-08-2012 02:00:00 PM,-11.9,980.2,22.8,-999,-999
08-08-2012 03:00:00 PM,-11.8,979.8,26.1,-999,-999
08-08-2012 04:00:00 PM,-11.8,979.4,30.6,-999,-999
08-08-2012 05:00:00 PM,-11.8,979.4,24.4,-999,-999
08-08-2012 06:00:00 PM,-11.8,980.0,22.1,-999,-999
08-08-2012 07:00:00 PM,-12.0,980.0,21.3,-999,-999
08-08-2012 08:00:00 PM,-12.1,979.6,23.4,-999,-999
08-08-2012 09:00:00 PM,-12.2,979.7,23.8,-999,-999
08-08-2012 10:00:00 PM,-12.2,979.7,24.5,-999,-999
08-08-2012 11:00:00 PM,-12.1,979.6,27.7,-999,-999
09-08-2012 12:00:00 AM,-11.8,980.0,24.8,-999,-999
09-08-2012 01:00:00 AM,-11.6,980.0,24.4,-999,-999
09-08-2012 02:00:00 AM,-11.6,980.3,20.5,-999,-999
09-08-2012 03:00:00 AM,-11.8,980.7,17.0,-999,-999
09-08-2012 04:00:00 AM,-12.1,980.6,19.2,-999,-999
09-08-2012 05:00:00 AM,-12.2,980.5,18.6,-999,-999
09-08-2012 06:00:00 AM,-12.4,980.9,22.8,-999,-999
09-08-2012 07:00:00 AM,-12.8,981.3,20.9,-999,-999
09-08-2012 08:00:00 AM,-13.2,982.0,17.4,-999,-999
09-08-2012 09:00:00 AM,-13.4,982.1,19.6,-999,-999
09-08-2012 10:00:00 AM,-13.5,982.8,23.3,-999,-999
09-08-2012 11:00:00 AM,-13.6,984.1,21.7,-999,-999
09-08-2012 12:00:00 PM,-13.8,984.6,20.1,-999,-999
09-08-2012 01:00:00 PM,-14.0,985.3,18.4,-999,-999
09-08-2012 02:00:00 PM,-14.3,985.9,18.1,-999,-999
09-08-2012 03:00:00 PM,-14.5,986.2,21.6,-999,-999
09-08-2012 04:00:00 PM,-14.9,986.5,19.9,-999,-999
09-08-2012 05:00:00 PM,-15.1,987.2,21.2,-999,-999
09-08-2012 06:00:00 PM,-15.4,987.7,18.3,-999,-999
09-08-2012 07:00:00 PM,-15.5,988.6,19.1,-999,-999
09-08-2012 08:00:00 PM,-15.9,989.1,20.6,-999,-999
09-08-2012 09:00:00 PM,-16.2,989.4,19.6,-999,-999
09-08-2012 10:00:00 PM,-16.2,989.7,24.9,-999,-999
09-08-2012 11:00:00 PM,-16.4,990.1,20.3,-999,-999
10-08-2012 12:00:00 AM,-16.5,990.2,23.3,-999,-999
10-08-2012 01:00:00 AM,-16.7,990.3,21.8,-999,-999
10-08-2012 02:00:00 AM,-16.8,990.5,23.0,-999,-999
10-08-2012 03:00:00 AM,-16.9,990.1,23.1,-999,-999
10-08-2012 04:00:00 AM,-17.1,990.0,20.6,-999,-999
10-08-2012 05:00:00 AM,-17.2,989.9,22.3,-999,-999
10-08-2012 06:00:00 AM,-17.0,989.4,26.9,-999,-999
10-08-2012 07:00:00 AM,-16.8,988.9,18.7,-999,-999
10-08-2012 08:00:00 AM,-16.8,988.6,18.0,-999,-999
10-08-2012 09:00:00 AM,-16.8,988.1,16.9,-999,-999
10-08-2012 10:00:00 AM,-16.6,987.7,16.3,-999,-999
10-08-2012 11:00:00 AM,-16.5,986.9,16.2,-999,-999
10-08-2012 12:00:00 PM,-16.7,986.5,16.4,-999,-999
10-08-2012 01:00:00 PM,-17.1,985.9,12.3,-999,-999
10-08-2012 02:00:00 PM,-17.3,985.6,10.6,-999,-999
10-08-2012 03:00:00 PM,-17.7,985.1,8.8,-999,-999
10-08-2012 04:00:00 PM,-17.8,984.4,14.6,-999,-999
10-08-2012 05:00:00 PM,-17.5,983.9,11.2,-999,-999
10-08-2012 06:00:00 PM,-17.8,983.2,5.8,-999,-999
10-08-2012 07:00:00 PM,-19.2,983.0,3.2,-999,-999
10-08-2012 08:00:00 PM,-20.0,982.1,7.9,-999,-999
10-08-2012 09:00:00 PM,-19.7,981.1,9.0,-999,-999
10-08-2012 10:00:00 PM,-19.8,980.8,6.9,-999,-999
10-08-2012 11:00:00 PM,-19.7,979.9,16.1,-999,-999
11-08-2012 12:00:00 AM,-19.2,979.5,13.9,-999,-999
11-08-2012 01:00:00 AM,-19.7,978.5,14.6,-999,-999
11-08-2012 02:00:00 AM,-19.1,978.6,12.5,-999,-999
11-08-2012 03:00:00 AM,-20.0,977.7,17.8,-999,-999
11-08-2012 04:00:00 AM,-20.5,976.5,20.3,-999,-999
11-08-2012 05:00:00 AM,-20.7,976.7,4.5,-999,-999
11-08-2012 06:00:00 AM,-20.2,975.7,21.5,-999,-999
11-08-2012 07:00:00 AM,-20.6,975.7,22.4,-999,-999
11-08-2012 08:00:00 AM,-20.7,975.3,19.1,-999,-999
11-08-2012 09:00:00 AM,-21.1,975.0,19.2,-999,-999
11-08-2012 10:00:00 AM,-21.5,975.0,19.8,-999,-999
11-08-2012 11:00:00 AM,-20.9,974.7,22.6,-999,-999
11-08-2012 12:00:00 PM,-19.3,974.9,17.5,-999,-999
11-08-2012 01:00:00 PM,-19.7,974.8,20.7,-999,-999
11-08-2012 02:00:00 PM,-19.8,975.2,18.0,-999,-999
11-08-2012 03:00:00 PM,-20.4,975.7,5.3,-999,-999
11-08-2012 04:00:00 PM,-20.5,975.6,20.3,-999,-999
11-08-2012 05:00:00 PM,-19.5,975.9,22.0,-999,-999
11-08-2012 06:00:00 PM,-19.2,975.9,20.9,-999,-999
11-08-2012 07:00:00 PM,-18.9,976.1,25.3,-999,-999
11-08-2012 08:00:00 PM,-18.7,976.7,24.9,-999,-999
11-08-2012 09:00:00 PM,-16.9,977.1,22.0,-999,-999
11-08-2012 10:00:00 PM,-14.7,977.2,23.5,-999,-999
11-08-2012 11:00:00 PM,-14.3,977.5,23.6,-999,-999
12-08-2012 12:00:00 AM,-13.1,977.5,25.6,-999,-999
12-08-2012 01:00:00 AM,-12.9,978.8,15.2,-999,-999
12-08-2012 02:00:00 AM,-15.3,979.6,10.0,-999,-999
12-08-2012 03:00:00 AM,-15.5,979.3,21.6,-999,-999
12-08-2012 04:00:00 AM,-13.5,980.0,14.7,-999,-999
12-08-2012 05:00:00 AM,-13.3,980.6,13.8,-999,-999
12-08-2012 06:00:00 AM,-13.3,980.9,12.2,-999,-999
12-08-2012 07:00:00 AM,-13.7,981.0,16.9,-999,-999
12-08-2012 08:00:00 AM,-13.5,980.7,28.9,-999,-999
12-08-2012 09:00:00 AM,-13.8,980.8,19.3,-999,-999
12-08-2012 10:00:00 AM,-13.9,980.4,26.3,-999,-999
12-08-2012 11:00:00 AM,-13.6,980.5,20.3,-999,-999
12-08-2012 12:00:00 PM,-13.7,980.3,22.9,-999,-999
12-08-2012 01:00:00 PM,-14.9,979.6,26.1,-999,-999
12-08-2012 02:00:00 PM,-14.3,979.3,26.6,-999,-999
12-08-2012 03:00:00 PM,-14.4,978.8,29.0,-999,-999
12-08-2012 04:00:00 PM,-14.2,978.5,25.7,-999,-999
12-08-2012 05:00:00 PM,-12.8,977.5,23.3,-999,-999
12-08-2012 06:00:00 PM,-12.6,976.9,23.7,-999,-999
12-08-2012 07:00:00 PM,-12.1,976.1,21.8,-999,-999
12-08-2012 08:00:00 PM,-12.0,975.9,23.6,-999,-999
12-08-2012 09:00:00 PM,-11.9,975.3,21.9,-999,-999
12-08-2012 10:00:00 PM,-11.9,974.8,19.9,-999,-999
12-08-2012 11:00:00 PM,-11.8,974.2,19.1,-999,-999
13-08-2012 12:00:00 AM,-11.9,973.7,15.0,-999,-999
13-08-2012 01:00:00 AM,-12.3,973.2,18.9,-999,-999
13-08-2012 02:00:00 AM,-12.6,972.3,17.1,-999,-999
13-08-2012 03:00:00 AM,-12.9,971.2,18.5,-999,-999
13-08-2012 04:00:00 AM,-13.4,970.4,22.3,-999,-999
13-08-2012 05:00:00 AM,-13.8,969.5,22.5,-999,-999
13-08-2012 06:00:00 AM,-14.4,969.0,20.1,-999,-999
13-08-2012 07:00:00 AM,-14.2,968.9,25.5,-999,-999
13-08-2012 08:00:00 AM,-15.7,968.8,29.3,-999,-999
13-08-2012 09:00:00 AM,-16.2,968.8,22.2,-999,-999
13-08-2012 10:00:00 AM,-16.6,969.7,12.2,-999,-999
13-08-2012 11:00:00 AM,-17.2,970.3,9.8,-999,-999
13-08-2012 12:00:00 PM,-16.8,971.3,5.4,-999,-999
13-08-2012 01:00:00 PM,-18.7,972.0,7.6,-999,-999
13-08-2012 02:00:00 PM,-17.5,971.9,22.9,-999,-999
13-08-2012 03:00:00 PM,-17.6,971.9,27.1,-999,-999
13-08-2012 04:00:00 PM,-18.0,972.3,29.8,-999,-999
13-08-2012 05:00:00 PM,-18.5,972.6,25.8,-999,-999
13-08-2012 06:00:00 PM,-18.4,972.7,27.3,-999,-999
13-08-2012 07:00:00 PM,-19.0,973.0,30.5,-999,-999
13-08-2012 08:00:00 PM,-19.4,973.0,26.6,-999,-999
13-08-2012 09:00:00 PM,-19.3,973.0,29.2,-999,-999
13-08-2012 10:00:00 PM,-19.0,973.1,25.4,-999,-999
13-08-2012 11:00:00 PM,-19.6,973.2,25.6,-999,-999
14-08-2012 12:00:00 AM,-19.9,973.1,23.2,-999,-999
14-08-2012 01:00:00 AM,-19.9,973.0,22.6,-999,-999
14-08-2012 02:00:00 AM,-20.0,972.6,23.7,-999,-999
14-08-2012 03:00:00 AM,-20.8,972.4,21.5,-999,-999
14-08-2012 04:00:00 AM,-20.5,972.3,21.5,-999,-999
14-08-2012 05:00:00 AM,-22.1,971.9,21.3,-999,-999
14-08-2012 06:00:00 AM,-21.6,971.2,19.2,-999,-999
14-08-2012 07:00:00 AM,-22.4,971.0,22.3,-999,-999
14-08-2012 08:00:00 AM,-22.8,970.8,22.6,-999,-999
14-08-2012 09:00:00 AM,-23.0,970.8,21.0,-999,-999
14-08-2012 10:00:00 AM,-22.3,971.0,17.6,-999,-999
14-08-2012 11:00:00 AM,-22.1,970.9,18.3,-999,-999
14-08-2012 12:00:00 PM,-21.8,970.7,17.6,-999,-999
14-08-2012 01:00:00 PM,-23.0,970.8,20.4,-999,-999
14-08-2012 02:00:00 PM,-23.7,970.8,20.3,-999,-999
14-08-2012 03:00:00 PM,-22.9,971.0,18.3,-999,-999
14-08-2012 04:00:00 PM,-22.3,971.4,18.7,-999,-999
14-08-2012 05:00:00 PM,-22.4,971.6,23.0,-999,-999
14-08-2012 06:00:00 PM,-23.4,972.5,22.7,-999,-999
14-08-2012 07:00:00 PM,-22.9,973.0,22.0,-999,-999
14-08-2012 08:00:00 PM,-22.8,973.6,21.3,-999,-999
14-08-2012 09:00:00 PM,-22.2,974.3,21.3,-999,-999
14-08-2012 10:00:00 PM,-21.8,975.0,20.2,-999,-999
14-08-2012 11:00:00 PM,-22.0,975.6,18.6,-999,-999
15-08-2012 12:00:00 AM,-21.6,976.3,21.2,-999,-999
15-08-2012 01:00:00 AM,-21.7,977.3,21.7,-999,-999
15-08-2012 02:00:00 AM,-22.0,978.0,22.0,-999,-999
15-08-2012 03:00:00 AM,-22.8,978.5,25.2,-999,-999
15-08-2012 04:00:00 AM,-23.1,979.7,23.5,-999,-999
15-08-2012 05:00:00 AM,-23.1,980.2,25.4,-999,-999
15-08-2012 06:00:00 AM,-22.8,981.1,26.5,-999,-999
15-08-2012 07:00:00 AM,-22.8,981.6,25.8,-999,-999
15-08-2012 08:00:00 AM,-22.4,982.4,29.3,-999,-999
15-08-2012 09:00:00 AM,-22.4,982.7,29.0,-999,-999
15-08-2012 10:00:00 AM,-21.6,983.2,30.9,-999,-999
15-08-2012 11:00:00 AM,-21.9,983.8,29.9,-999,-999
15-08-2012 12:00:00 PM,-21.5,984.4,31.6,-999,-999
15-08-2012 01:00:00 PM,-21.4,984.7,35.1,-999,-999
15-08-2012 02:00:00 PM,-21.5,984.2,35.9,-999,-999
15-08-2012 03:00:00 PM,-21.3,984.0,39.0,-999,-999
15-08-2012 04:00:00 PM,-21.3,984.1,35.4,-999,-999
15-08-2012 05:00:00 PM,-21.2,983.8,37.5,-999,-999
15-08-2012 06:00:00 PM,-21.1,984.4,31.7,-999,-999
15-08-2012 07:00:00 PM,-21.2,984.5,26.0,-999,-999
15-08-2012 08:00:00 PM,-20.1,983.5,31.5,-999,-999
15-08-2012 09:00:00 PM,-19.8,982.7,34.9,-999,-999
15-08-2012 10:00:00 PM,-19.1,982.0,28.1,-999,-999
15-08-2012 11:00:00 PM,-17.8,980.6,33.4,-999,-999
16-08-2012 12:00:00 AM,-17.6,979.0,33.0,-999,-999
16-08-2012 01:00:00 AM,-17.1,977.9,32.7,-999,-999
16-08-2012 02:00:00 AM,-17.1,977.1,35.4,-999,-999
16-08-2012 03:00:00 AM,-16.6,975.8,45.2,-999,-999
16-08-2012 04:00:00 AM,-16.1,974.5,39.9,-999,-999
16-08-2012 05:00:00 AM,-15.3,973.9,42.4,-999,-999
16-08-2012 06:00:00 AM,-14.8,972.7,40.6,-999,-999
16-08-2012 07:00:00 AM,-14.1,971.9,38.8,-999,-999
16-08-2012 08:00:00 AM,-13.5,970.2,38.6,-999,-999
16-08-2012 09:00:00 AM,-12.8,969.3,43.6,-999,-999
16-08-2012 10:00:00 AM,-12.0,968.8,41.6,-999,-999
16-08-2012 11:00:00 AM,-11.2,967.4,43.7,-999,-999
16-08-2012 12:00:00 PM,-11.3,966.4,46.4,-999,-999
16-08-2012 01:00:00 PM,-10.5,964.4,50.3,-999,-999
16-08-2012 02:00:00 PM,-10.7,963.3,50.3,-999,-999
16-08-2012 03:00:00 PM,-10.8,963.3,52.9,-999,-999
16-08-2012 04:00:00 PM,-10.6,963.0,51.8,-999,-999
16-08-2012 05:00:00 PM,-10.6,964.0,45.9,-999,-999
16-08-2012 06:00:00 PM,-10.9,962.7,43.6,-999,-999
16-08-2012 07:00:00 PM,-10.5,961.8,44.6,-999,-999
16-08-2012 08:00:00 PM,-10.4,961.6,43.4,-999,-999
16-08-2012 09:00:00 PM,-10.2,961.5,40.8,-999,-999
16-08-2012 10:00:00 PM,-9.9,961.5,46.1,-999,-999
16-08-2012 11:00:00 PM,-9.9,961.7,44.0,-999,-999
17-08-2012 12:00:00 AM,-9.8,962.2,43.0,-999,-999
17-08-2012 01:00:00 AM,-9.7,962.5,44.3,-999,-999
17-08-2012 02:00:00 AM,-9.7,962.6,40.2,-999,-999
17-08-2012 03:00:00 AM,-9.6,962.7,39.1,-999,-999
17-08-2012 04:00:00 AM,-9.5,962.8,41.5,-999,-999
17-08-2012 05:00:00 AM,-9.3,963.6,40.6,-999,-999
17-08-2012 06:00:00 AM,-9.2,964.3,37.4,-999,-999
17-08-2012 07:00:00 AM,-9.3,965.2,31.0,-999,-999
17-08-2012 08:00:00 AM,-9.2,965.7,34.0,-999,-999
17-08-2012 09:00:00 AM,-9.5,966.1,33.5,-999,-999
17-08-2012 10:00:00 AM,-9.3,966.7,34.8,-999,-999
17-08-2012 11:00:00 AM,-9.6,967.3,29.5,-999,-999
17-08-2012 12:00:00 PM,-9.2,967.1,34.1,-999,-999
17-08-2012 01:00:00 PM,-9.4,967.6,34.7,-999,-999
17-08-2012 02:00:00 PM,-9.5,968.2,34.7,-999,-999
17-08-2012 03:00:00 PM,-9.4,968.7,35.3,-999,-999
17-08-2012 04:00:00 PM,-9.3,969.4,29.7,-999,-999
17-08-2012 05:00:00 PM,-9.1,969.1,31.4,-999,-999
17-08-2012 06:00:00 PM,-8.5,969.4,31.0,-999,-999
17-08-2012 07:00:00 PM,-8.2,969.3,33.9,-999,-999
17-08-2012 08:00:00 PM,-8.0,969.3,34.4,-999,-999
17-08-2012 09:00:00 PM,-7.9,969.7,34.5,-999,-999
17-08-2012 10:00:00 PM,-7.4,969.5,31.0,-999,-999
17-08-2012 11:00:00 PM,-7.1,969.3,33.8,-999,-999
18-08-2012 12:00:00 AM,-8.3,969.5,29.2,-999,-999
18-08-2012 01:00:00 AM,-8.0,968.8,27.6,-999,-999
18-08-2012 02:00:00 AM,-7.6,968.4,31.3,-999,-999
18-08-2012 03:00:00 AM,-7.3,968.3,25.5,-999,-999
18-08-2012 04:00:00 AM,-7.6,967.7,26.1,-999,-999
18-08-2012 05:00:00 AM,-7.1,967.9,25.8,-999,-999
18-08-2012 06:00:00 AM,-6.7,967.5,27.5,-999,-999
18-08-2012 07:00:00 AM,-6.9,967.8,23.5,-999,-999
18-08-2012 08:00:00 AM,-6.9,967.9,21.5,-999,-999
18-08-2012 09:00:00 AM,-7.0,968.1,22.2,-999,-999
18-08-2012 10:00:00 AM,-6.8,967.7,24.6,-999,-999
18-08-2012 11:00:00 AM,-6.9,967.5,21.6,-999,-999
18-08-2012 12:00:00 PM,-7.0,967.9,26.3,-999,-999
18-08-2012 01:00:00 PM,-7.2,968.2,23.2,-999,-999
18-08-2012 02:00:00 PM,-7.7,968.2,19.7,-999,-999
18-08-2012 03:00:00 PM,-7.8,968.8,14.6,-999,-999
18-08-2012 04:00:00 PM,-7.9,969.2,22.1,-999,-999
18-08-2012 05:00:00 PM,-8.2,969.4,24.9,-999,-999
18-08-2012 06:00:00 PM,-8.6,970.2,22.0,-999,-999
18-08-2012 07:00:00 PM,-8.5,970.6,21.6,-999,-999
18-08-2012 08:00:00 PM,-8.8,970.5,26.0,-999,-999
18-08-2012 09:00:00 PM,-9.3,970.5,23.3,-999,-999
18-08-2012 10:00:00 PM,-9.7,970.5,25.2,-999,-999
18-08-2012 11:00:00 PM,-9.6,971.4,23.8,-999,-999
19-08-2012 12:00:00 AM,-10.0,972.3,21.9,-999,-999
19-08-2012 01:00:00 AM,-10.6,972.8,14.0,-999,-999
19-08-2012 02:00:00 AM,-10.9,973.8,21.9,-999,-999
19-08-2012 03:00:00 AM,-11.0,973.9,22.0,-999,-999
19-08-2012 04:00:00 AM,-11.1,974.6,26.1,-999,-999
19-08-2012 05:00:00 AM,-11.7,975.9,23.4,-999,-999
19-08-2012 06:00:00 AM,-11.5,976.4,26.1,-999,-999
19-08-2012 07:00:00 AM,-11.4,977.3,20.7,-999,-999
19-08-2012 08:00:00 AM,-11.5,978.5,23.2,-999,-999
19-08-2012 09:00:00 AM,-11.3,979.0,23.4,-999,-999
19-08-2012 10:00:00 AM,-11.2,980.3,20.8,-999,-999
19-08-2012 11:00:00 AM,-11.4,981.2,23.1,-999,-999
19-08-2012 12:00:00 PM,-11.9,981.9,18.1,-999,-999
19-08-2012 01:00:00 PM,-12.6,983.3,16.2,-999,-999
19-08-2012 02:00:00 PM,-13.8,983.8,15.3,-999,-999
19-08-2012 03:00:00 PM,-14.3,984.3,15.0,-999,-999
19-08-2012 04:00:00 PM,-15.0,984.7,11.5,-999,-999
19-08-2012 05:00:00 PM,-14.7,984.8,9.8,-999,-999
19-08-2012 06:00:00 PM,-16.6,984.4,17.5,-999,-999
19-08-2012 07:00:00 PM,-16.3,984.4,9.9,-999,-999
19-08-2012 08:00:00 PM,-17.2,983.9,21.1,-999,-999
19-08-2012 09:00:00 PM,-18.7,984.5,6.0,-999,-999
19-08-2012 10:00:00 PM,-17.9,983.7,8.6,-999,-999
19-08-2012 11:00:00 PM,-19.4,983.5,6.8,-999,-999
20-08-2012 12:00:00 AM,-17.6,982.8,19.8,-999,-999
20-08-2012 01:00:00 AM,-17.2,982.2,18.6,-999,-999
20-08-2012 02:00:00 AM,-16.5,982.7,5.1,-999,-999
20-08-2012 03:00:00 AM,-18.5,982.2,5.7,-999,-999
20-08-2012 04:00:00 AM,-19.6,982.0,11.4,-999,-999
20-08-2012 05:00:00 AM,-17.7,982.1,21.0,-999,-999
20-08-2012 06:00:00 AM,-18.0,982.3,21.0,-999,-999
20-08-2012 07:00:00 AM,-18.8,983.2,20.0,-999,-999
20-08-2012 08:00:00 AM,-18.5,983.5,13.9,-999,-999
20-08-2012 09:00:00 AM,-17.8,983.7,14.1,-999,-999
20-08-2012 10:00:00 AM,-17.8,984.2,8.7,-999,-999
20-08-2012 11:00:00 AM,-18.1,984.2,14.3,-999,-999
20-08-2012 12:00:00 PM,-18.5,984.2,15.2,-999,-999
20-08-2012 01:00:00 PM,-18.7,984.4,11.1,-999,-999
20-08-2012 02:00:00 PM,-19.7,984.7,15.1,-999,-999
20-08-2012 03:00:00 PM,-19.8,984.8,13.1,-999,-999
20-08-2012 04:00:00 PM,-20.1,985.0,17.1,-999,-999
20-08-2012 05:00:00 PM,-20.2,985.4,15.8,-999,-999
20-08-2012 06:00:00 PM,-20.3,985.3,19.2,-999,-999
20-08-2012 07:00:00 PM,-20.5,986.4,16.7,-999,-999
20-08-2012 08:00:00 PM,-20.1,986.6,15.2,-999,-999
20-08-2012 09:00:00 PM,-20.4,987.4,16.8,-999,-999
20-08-2012 10:00:00 PM,-20.6,987.4,10.7,-999,-999
20-08-2012 11:00:00 PM,-20.7,988.1,17.8,-999,-999
21-08-2012 12:00:00 AM,-20.9,988.2,18.0,-999,-999
21-08-2012 01:00:00 AM,-20.6,988.4,15.7,-999,-999
21-08-2012 02:00:00 AM,-20.9,989.1,12.8,-999,-999
21-08-2012 03:00:00 AM,-20.9,989.3,14.7,-999,-999
21-08-2012 04:00:00 AM,-21.6,989.8,14.7,-999,-999
21-08-2012 05:00:00 AM,-21.8,990.6,14.9,-999,-999
21-08-2012 06:00:00 AM,-21.7,990.8,13.1,-999,-999
21-08-2012 07:00:00 AM,-21.2,991.4,9.0,-999,-999
21-08-2012 08:00:00 AM,-21.7,991.5,11.0,-999,-999
21-08-2012 09:00:00 AM,-21.7,991.9,12.2,-999,-999
21-08-2012 10:00:00 AM,-20.6,992.6,14.4,-999,-999
21-08-2012 11:00:00 AM,-19.9,992.9,9.0,-999,-999
21-08-2012 12:00:00 PM,-19.9,992.9,1.3,-999,-999
21-08-2012 01:00:00 PM,-19.8,993.3,13.1,-999,-999
21-08-2012 02:00:00 PM,-20.4,993.8,12.0,-999,-999
21-08-2012 03:00:00 PM,-20.5,993.8,13.2,-999,-999
21-08-2012 04:00:00 PM,-20.8,993.9,13.1,-999,-999
21-08-2012 05:00:00 PM,-21.1,993.8,11.0,-999,-999
21-08-2012 06:00:00 PM,-20.6,993.7,12.6,-999,-999
21-08-2012 07:00:00 PM,-20.5,993.7,10.8,-999,-999
21-08-2012 08:00:00 PM,-21.2,994.1,5.9,-999,-999
21-08-2012 09:00:00 PM,-21.6,994.0,6.8,-999,-999
21-08-2012 10:00:00 PM,-21.9,994.2,5.8,-999,-999
21-08-2012 11:00:00 PM,-22.4,994.6,7.6,-999,-999
22-08-2012 12:00:00 AM,-21.6,995.0,8.2,-999,-999
22-08-2012 01:00:00 AM,-20.8,994.9,12.9,-999,-999
22-08-2012 02:00:00 AM,-19.6,994.9,16.0,-999,-999
22-08-2012 03:00:00 AM,-19.4,995.0,15.4,-999,-999
22-08-2012 04:00:00 AM,-19.3,995.3,18.1,-999,-999
22-08-2012 05:00:00 AM,-18.7,995.5,15.6,-999,-999
22-08-2012 06:00:00 AM,-18.3,995.6,14.8,-999,-999
22-08-2012 07:00:00 AM,-17.9,995.5,12.2,-999,-999
22-08-2012 08:00:00 AM,-17.4,995.7,11.9,-999,-999
22-08-2012 09:00:00 AM,-17.2,995.6,12.6,-999,-999
22-08-2012 10:00:00 AM,-16.7,995.5,10.6,-999,-999
22-08-2012 11:00:00 AM,-16.5,995.6,13.0,-999,-999
22-08-2012 12:00:00 PM,-17.5,996.2,4.4,-999,-999
22-08-2012 01:00:00 PM,-17.8,995.6,7.2,-999,-999
22-08-2012 02:00:00 PM,-20.0,996.2,11.1,-999,-999
22-08-2012 03:00:00 PM,-19.9,996.1,5.0,-999,-999
22-08-2012 04:00:00 PM,-19.2,996.3,11.6,-999,-999
22-08-2012 05:00:00 PM,-18.8,996.2,5.8,-999,-999
22-08-2012 06:00:00 PM,-15.8,995.7,13.4,-999,-999
22-08-2012 07:00:00 PM,-15.6,996.0,7.8,-999,-999
22-08-2012 08:00:00 PM,-16.6,995.8,11.2,-999,-999
22-08-2012 09:00:00 PM,-16.5,995.4,8.5,-999,-999
22-08-2012 10:00:00 PM,-15.9,995.4,5.4,-999,-999
22-08-2012 11:00:00 PM,-16.5,995.4,11.4,-999,-999
23-08-2012 12:00:00 AM,-13.1,994.8,21.8,-999,-999
23-08-2012 01:00:00 AM,-15.0,993.8,6.9,-999,-999
23-08-2012 02:00:00 AM,-16.4,993.2,5.8,-999,-999
23-08-2012 03:00:00 AM,-15.3,992.1,8.3,-999,-999
23-08-2012 04:00:00 AM,-10.6,992.7,15.4,-999,-999
23-08-2012 05:00:00 AM,-12.6,992.1,10.8,-999,-999
23-08-2012 06:00:00 AM,-13.2,991.5,7.5,-999,-999
23-08-2012 07:00:00 AM,-13.8,992.1,4.8,-999,-999
23-08-2012 08:00:00 AM,-13.9,991.5,9.9,-999,-999
23-08-2012 09:00:00 AM,-15.3,990.6,6.4,-999,-999
23-08-2012 10:00:00 AM,-14.2,990.2,10.8,-999,-999
23-08-2012 11:00:00 AM,-13.7,989.2,5.0,-999,-999
23-08-2012 12:00:00 PM,-14.0,988.5,12.0,-999,-999
23-08-2012 01:00:00 PM,-11.3,987.1,20.6,-999,-999
23-08-2012 02:00:00 PM,-11.7,986.9,5.6,-999,-999
23-08-2012 03:00:00 PM,-13.2,986.2,9.3,-999,-999
23-08-2012 04:00:00 PM,-13.8,985.6,9.5,-999,-999
23-08-2012 05:00:00 PM,-13.4,985.3,9.8,-999,-999
23-08-2012 06:00:00 PM,-14.5,984.6,7.3,-999,-999
23-08-2012 07:00:00 PM,-14.4,984.8,3.2,-999,-999
23-08-2012 08:00:00 PM,-15.1,984.1,16.2,-999,-999
23-08-2012 09:00:00 PM,-13.8,983.2,17.3,-999,-999
23-08-2012 10:00:00 PM,-12.6,982.4,20.1,-999,-999
23-08-2012 11:00:00 PM,-12.4,982.1,10.8,-999,-999
24-08-2012 12:00:00 AM,-12.8,981.7,16.9,-999,-999
24-08-2012 01:00:00 AM,-12.7,981.5,13.2,-999,-999
24-08-2012 02:00:00 AM,-12.8,980.1,17.6,-999,-999
24-08-2012 03:00:00 AM,-13.4,979.7,10.7,-999,-999
24-08-2012 04:00:00 AM,-13.3,979.3,16.0,-999,-999
24-08-2012 05:00:00 AM,-13.7,978.9,13.6,-999,-999
24-08-2012 06:00:00 AM,-14.3,978.7,9.1,-999,-999
24-08-2012 07:00:00 AM,-15.8,978.6,9.0,-999,-999
24-08-2012 08:00:00 AM,-17.4,978.5,12.1,-999,-999
24-08-2012 09:00:00 AM,-17.0,978.2,8.7,-999,-999
24-08-2012 10:00:00 AM,-17.7,978.1,14.1,-999,-999
24-08-2012 11:00:00 AM,-17.6,978.5,15.5,-999,-999
24-08-2012 12:00:00 PM,-16.8,978.0,21.7,-999,-999
24-08-2012 01:00:00 PM,-16.2,977.8,24.2,-999,-999
24-08-2012 02:00:00 PM,-20.3,978.6,9.8,-999,-999
24-08-2012 03:00:00 PM,-21.3,977.6,8.5,-999,-999
24-08-2012 04:00:00 PM,-21.1,977.3,15.7,-999,-999
24-08-2012 05:00:00 PM,-19.8,977.2,23.0,-999,-999
24-08-2012 06:00:00 PM,-19.9,976.8,21.3,-999,-999
24-08-2012 07:00:00 PM,-21.4,976.4,20.1,-999,-999
24-08-2012 08:00:00 PM,-20.8,975.9,29.3,-999,-999
24-08-2012 09:00:00 PM,-22.7,976.8,15.0,-999,-999
24-08-2012 10:00:00 PM,-21.9,976.5,20.4,-999,-999
24-08-2012 11:00:00 PM,-21.1,976.2,28.3,-999,-999
25-08-2012 12:00:00 AM,-20.6,976.3,24.3,-999,-999
25-08-2012 01:00:00 AM,-19.8,975.8,32.1,-999,-999
25-08-2012 02:00:00 AM,-19.1,975.8,30.3,-999,-999
25-08-2012 03:00:00 AM,-19.0,976.2,32.5,-999,-999
25-08-2012 04:00:00 AM,-18.8,976.7,32.1,-999,-999
25-08-2012 05:00:00 AM,-18.3,976.8,31.8,-999,-999
25-08-2012 06:00:00 AM,-17.9,977.6,27.8,-999,-999
25-08-2012 07:00:00 AM,-18.1,978.4,24.4,-999,-999
25-08-2012 08:00:00 AM,-17.9,978.1,27.8,-999,-999
25-08-2012 09:00:00 AM,-17.1,978.5,27.4,-999,-999
25-08-2012 10:00:00 AM,-16.1,978.0,30.5,-999,-999
25-08-2012 11:00:00 AM,-15.5,977.9,25.1,-999,-999
25-08-2012 12:00:00 PM,-15.3,977.4,26.2,-999,-999
25-08-2012 01:00:00 PM,-15.7,978.2,21.5,-999,-999
25-08-2012 02:00:00 PM,-15.2,977.9,21.8,-999,-999
25-08-2012 03:00:00 PM,-15.0,978.2,25.9,-999,-999
25-08-2012 04:00:00 PM,-15.2,978.9,22.9,-999,-999
25-08-2012 05:00:00 PM,-14.6,978.6,24.3,-999,-999
25-08-2012 06:00:00 PM,-14.4,978.6,25.7,-999,-999
25-08-2012 07:00:00 PM,-14.2,977.9,24.7,-999,-999
25-08-2012 08:00:00 PM,-14.0,978.2,21.5,-999,-999
25-08-2012 09:00:00 PM,-13.7,977.4,24.2,-999,-999
25-08-2012 10:00:00 PM,-13.4,978.9,23.4,-999,-999
25-08-2012 11:00:00 PM,-13.4,979.4,21.5,-999,-999
26-08-2012 12:00:00 AM,-13.2,980.0,25.4,-999,-999
26-08-2012 01:00:00 AM,-13.1,980.4,23.1,-999,-999
26-08-2012 02:00:00 AM,-12.0,979.8,23.2,-999,-999
26-08-2012 03:00:00 AM,-11.7,980.3,24.8,-999,-999
26-08-2012 04:00:00 AM,-12.0,981.4,20.9,-999,-999
26-08-2012 05:00:00 AM,-12.2,981.6,27.0,-999,-999
26-08-2012 06:00:00 AM,-12.4,982.6,25.1,-999,-999
26-08-2012 07:00:00 AM,-12.4,982.6,22.7,-999,-999
26-08-2012 08:00:00 AM,-12.3,983.1,24.4,-999,-999
26-08-2012 09:00:00 AM,-11.7,982.9,28.8,-999,-999
26-08-2012 10:00:00 AM,-11.6,982.9,21.8,-999,-999
26-08-2012 11:00:00 AM,-10.7,981.8,25.9,-999,-999
26-08-2012 12:00:00 PM,-10.7,981.5,27.9,-999,-999
26-08-2012 01:00:00 PM,-10.4,980.2,33.1,-999,-999
26-08-2012 02:00:00 PM,-10.4,980.1,34.0,-999,-999
26-08-2012 03:00:00 PM,-10.7,980.2,29.7,-999,-999
26-08-2012 04:00:00 PM,-10.1,979.8,33.5,-999,-999
26-08-2012 05:00:00 PM,-10.0,980.2,30.2,-999,-999
26-08-2012 06:00:00 PM,-9.4,979.4,32.1,-999,-999
26-08-2012 07:00:00 PM,-9.1,978.3,41.5,-999,-999
26-08-2012 08:00:00 PM,-8.8,978.4,40.1,-999,-999
26-08-2012 09:00:00 PM,-8.5,977.4,42.0,-999,-999
26-08-2012 10:00:00 PM,-8.0,976.5,41.7,-999,-999
26-08-2012 11:00:00 PM,-7.7,976.2,43.3,-999,-999
27-08-2012 12:00:00 AM,-7.8,976.2,47.6,-999,-999
27-08-2012 01:00:00 AM,-8.2,974.9,48.6,-999,-999
27-08-2012 02:00:00 AM,-8.6,974.6,41.4,-999,-999
27-08-2012 03:00:00 AM,-8.8,975.5,39.7,-999,-999
27-08-2012 04:00:00 AM,-9.0,975.6,37.8,-999,-999
27-08-2012 05:00:00 AM,-10.1,977.8,21.5,-999,-999
27-08-2012 06:00:00 AM,-10.6,978.8,29.6,-999,-999
27-08-2012 07:00:00 AM,-10.9,979.0,23.9,-999,-999
27-08-2012 08:00:00 AM,-11.5,979.8,22.1,-999,-999
27-08-2012 09:00:00 AM,-11.7,981.0,21.0,-999,-999
27-08-2012 10:00:00 AM,-11.5,982.8,23.3,-999,-999
27-08-2012 11:00:00 AM,-11.3,984.1,24.7,-999,-999
27-08-2012 12:00:00 PM,-11.2,984.4,23.9,-999,-999
27-08-2012 01:00:00 PM,-11.0,984.5,28.2,-999,-999
27-08-2012 02:00:00 PM,-10.8,985.0,27.1,-999,-999
27-08-2012 03:00:00 PM,-10.8,985.8,21.7,-999,-999
27-08-2012 04:00:00 PM,-10.5,986.6,18.8,-999,-999
27-08-2012 05:00:00 PM,-10.1,987.2,19.4,-999,-999
27-08-2012 06:00:00 PM,-10.0,988.5,17.9,-999,-999
27-08-2012 07:00:00 PM,-10.7,988.0,33.5,-999,-999
27-08-2012 08:00:00 PM,-9.7,988.6,34.7,-999,-999
27-08-2012 09:00:00 PM,-9.2,988.6,31.4,-999,-999
27-08-2012 10:00:00 PM,-8.9,989.7,30.0,-999,-999
27-08-2012 11:00:00 PM,-9.1,990.0,33.0,-999,-999
28-08-2012 12:00:00 AM,-8.9,990.9,27.4,-999,-999
28-08-2012 01:00:00 AM,-8.9,991.3,27.8,-999,-999
28-08-2012 02:00:00 AM,-8.5,991.5,31.0,-999,-999
28-08-2012 03:00:00 AM,-8.3,991.6,27.0,-999,-999
28-08-2012 04:00:00 AM,-8.5,992.0,25.8,-999,-999
28-08-2012 05:00:00 AM,-8.7,991.6,21.3,-999,-999
28-08-2012 06:00:00 AM,-9.2,991.2,30.6,-999,-999
28-08-2012 07:00:00 AM,-11.2,990.9,32.1,-999,-999
28-08-2012 08:00:00 AM,-10.9,990.6,32.3,-999,-999
28-08-2012 09:00:00 AM,-11.2,989.9,34.0,-999,-999
28-08-2012 10:00:00 AM,-11.6,989.0,33.5,-999,-999
28-08-2012 11:00:00 AM,-10.9,987.6,35.3,-999,-999
28-08-2012 12:00:00 PM,-11.1,986.6,31.3,-999,-999
28-08-2012 01:00:00 PM,-10.7,985.5,30.0,-999,-999
28-08-2012 02:00:00 PM,-9.4,984.6,31.1,-999,-999
28-08-2012 03:00:00 PM,-9.6,983.2,27.3,-999,-999
28-08-2012 04:00:00 PM,-8.3,982.4,24.8,-999,-999
28-08-2012 05:00:00 PM,-9.2,982.3,25.0,-999,-999
28-08-2012 06:00:00 PM,-10.2,982.2,19.5,-999,-999
28-08-2012 07:00:00 PM,-10.9,982.2,23.2,-999,-999
28-08-2012 08:00:00 PM,-11.1,982.3,16.3,-999,-999
28-08-2012 09:00:00 PM,-11.1,982.5,21.0,-999,-999
28-08-2012 10:00:00 PM,-11.5,982.8,26.7,-999,-999
28-08-2012 11:00:00 PM,-11.6,983.1,23.4,-999,-999
29-08-2012 12:00:00 AM,-11.3,982.8,27.6,-999,-999
29-08-2012 01:00:00 AM,-11.0,982.3,25.8,-999,-999
29-08-2012 02:00:00 AM,-10.7,982.0,24.7,-999,-999
29-08-2012 03:00:00 AM,-10.7,981.7,20.8,-999,-999
29-08-2012 04:00:00 AM,-10.5,981.1,21.5,-999,-999
29-08-2012 05:00:00 AM,-10.8,980.8,20.0,-999,-999
29-08-2012 06:00:00 AM,-10.4,980.5,17.4,-999,-999
29-08-2012 07:00:00 AM,-10.2,980.2,19.5,-999,-999
29-08-2012 08:00:00 AM,-9.8,979.8,22.2,-999,-999
29-08-2012 09:00:00 AM,-9.4,979.2,24.8,-999,-999
29-08-2012 10:00:00 AM,-9.5,979.1,22.4,-999,-999
29-08-2012 11:00:00 AM,-9.6,979.8,16.6,-999,-999
29-08-2012 12:00:00 PM,-9.8,980.6,19.4,-999,-999
29-08-2012 01:00:00 PM,-10.3,981.3,26.9,-999,-999
29-08-2012 02:00:00 PM,-11.0,982.9,15.8,-999,-999
29-08-2012 03:00:00 PM,-11.1,983.8,14.3,-999,-999
29-08-2012 04:00:00 PM,-11.6,984.2,19.4,-999,-999
29-08-2012 05:00:00 PM,-11.5,984.8,25.9,-999,-999
29-08-2012 06:00:00 PM,-11.5,984.7,25.3,-999,-999
29-08-2012 07:00:00 PM,-10.8,984.5,19.3,-999,-999
29-08-2012 08:00:00 PM,-11.2,984.6,17.1,-999,-999
29-08-2012 09:00:00 PM,-10.7,984.5,19.3,-999,-999
29-08-2012 10:00:00 PM,-10.4,984.7,19.8,-999,-999
29-08-2012 11:00:00 PM,-10.7,984.7,23.8,-999,-999
30-08-2012 12:00:00 AM,-10.6,984.5,23.3,-999,-999
30-08-2012 01:00:00 AM,-10.6,984.3,23.1,-999,-999
30-08-2012 02:00:00 AM,-10.7,984.6,23.1,-999,-999
30-08-2012 03:00:00 AM,-10.8,985.2,21.0,-999,-999
30-08-2012 04:00:00 AM,-11.0,985.8,19.4,-999,-999
30-08-2012 05:00:00 AM,-11.3,986.2,18.1,-999,-999
30-08-2012 06:00:00 AM,-11.3,986.5,19.5,-999,-999
30-08-2012 07:00:00 AM,-11.4,986.8,24.5,-999,-999
30-08-2012 08:00:00 AM,-11.4,987.2,24.6,-999,-999
30-08-2012 09:00:00 AM,-11.3,987.2,28.7,-999,-999
30-08-2012 10:00:00 AM,-11.3,987.5,22.5,-999,-999
30-08-2012 11:00:00 AM,-11.0,986.7,20.4,-999,-999
30-08-2012 12:00:00 PM,-10.3,986.4,24.2,-999,-999
30-08-2012 01:00:00 PM,-10.1,986.6,24.4,-999,-999
30-08-2012 02:00:00 PM,-9.8,987.2,22.5,-999,-999
30-08-2012 03:00:00 PM,-9.1,987.3,26.2,-999,-999
30-08-2012 04:00:00 PM,-8.8,987.4,33.5,-999,-999
30-08-2012 05:00:00 PM,-8.3,986.9,35.0,-999,-999
30-08-2012 06:00:00 PM,-8.4,987.4,29.5,-999,-999
30-08-2012 07:00:00 PM,-8.8,987.2,27.2,-999,-999
30-08-2012 08:00:00 PM,-10.6,986.9,25.6,-999,-999
30-08-2012 09:00:00 PM,-10.5,986.9,27.0,-999,-999
30-08-2012 10:00:00 PM,-10.9,986.7,27.0,-999,-999
30-08-2012 11:00:00 PM,-11.1,986.7,24.2,-999,-999
31-08-2012 12:00:00 AM,-11.6,986.3,26.5,-999,-999
31-08-2012 01:00:00 AM,-12.3,986.0,29.7,-999,-999
31-08-2012 02:00:00 AM,-12.7,985.8,27.9,-999,-999
31-08-2012 03:00:00 AM,-13.3,985.5,26.4,-999,-999
31-08-2012 04:00:00 AM,-13.4,985.3,27.3,-999,-999
31-08-2012 05:00:00 AM,-13.4,984.8,29.2,-999,-999
31-08-2012 06:00:00 AM,-13.3,984.8,29.3,-999,-999
31-08-2012 07:00:00 AM,-13.1,984.4,25.5,-999,-999
31-08-2012 08:00:00 AM,-12.7,984.4,26.7,-999,-999
31-08-2012 09:00:00 AM,-13.1,984.6,26.6,-999,-999
31-08-2012 10:00:00 AM,-12.7,984.6,27.0,-999,-999
31-08-2012 11:00:00 AM,-12.3,984.4,26.3,-999,-999
31-08-2012 12:00:00 PM,-12.4,984.3,24.6,-999,-999
31-08-2012 01:00:00 PM,-13.0,984.1,20.9,-999,-999
31-08-2012 02:00:00 PM,-12.8,983.7,20.1,-999,-999
31-08-2012 03:00:00 PM,-13.9,983.8,23.6,-999,-999
31-08-2012 04:00:00 PM,-13.7,983.5,18.1,-999,-999
31-08-2012 05:00:00 PM,-13.7,983.3,18.2,-999,-999
31-08-2012 06:00:00 PM,-15.2,983.2,21.0,-999,-999
31-08-2012 07:00:00 PM,-14.4,983.1,17.6,-999,-999
31-08-2012 08:00:00 PM,-14.1,983.1,16.6,-999,-999
31-08-2012 09:00:00 PM,-12.9,982.8,19.5,-999,-999
31-08-2012 10:00:00 PM,-12.9,982.6,17.1,-999,-999
31-08-2012 11:00:00 PM,-12.9,982.2,10.9,-999,-999
01-09-2012 12:00:00 AM,-13.4,982.3,22.5,-999,-999
01-09-2012 01:00:00 AM,-13.5,981.9,22.8,-999,-999
01-09-2012 02:00:00 AM,-13.4,981.4,18.4,-999,-999
01-09-2012 03:00:00 AM,-13.4,981.2,20.8,-999,-999
01-09-2012 04:00:00 AM,-13.5,981.0,19.5,-999,-999
01-09-2012 05:00:00 AM,-13.6,980.5,19.3,-999,-999
01-09-2012 06:00:00 AM,-14.3,980.8,22.2,-999,-999
01-09-2012 07:00:00 AM,-14.2,980.5,24.0,-999,-999
01-09-2012 08:00:00 AM,-14.0,980.4,22.0,-999,-999
01-09-2012 09:00:00 AM,-14.6,980.2,19.0,-999,-999
01-09-2012 10:00:00 AM,-14.2,980.1,22.4,-999,-999
01-09-2012 11:00:00 AM,-13.5,980.2,11.0,-999,-999
01-09-2012 12:00:00 PM,-13.5,979.9,19.0,-999,-999
01-09-2012 01:00:00 PM,-13.6,980.0,18.3,-999,-999
01-09-2012 02:00:00 PM,-13.8,980.2,13.9,-999,-999
01-09-2012 03:00:00 PM,-14.1,980.8,6.6,-999,-999
01-09-2012 04:00:00 PM,-15.5,981.0,17.9,-999,-999
01-09-2012 05:00:00 PM,-15.9,980.8,18.5,-999,-999
01-09-2012 06:00:00 PM,-16.0,981.3,18.6,-999,-999
01-09-2012 07:00:00 PM,-16.6,981.6,10.9,-999,-999
01-09-2012 08:00:00 PM,-16.3,982.0,17.3,-999,-999
01-09-2012 09:00:00 PM,-16.9,982.3,12.1,-999,-999
01-09-2012 10:00:00 PM,-16.8,982.7,15.4,-999,-999
01-09-2012 11:00:00 PM,-16.8,983.1,15.4,-999,-999
02-09-2012 12:00:00 AM,-17.7,984.0,13.9,-999,-999
02-09-2012 01:00:00 AM,-17.3,984.3,17.0,-999,-999
02-09-2012 02:00:00 AM,-18.1,985.3,13.3,-999,-999
02-09-2012 03:00:00 AM,-18.7,985.6,14.6,-999,-999
02-09-2012 04:00:00 AM,-19.3,986.5,13.4,-999,-999
02-09-2012 05:00:00 AM,-20.0,986.9,6.6,-999,-999
02-09-2012 06:00:00 AM,-20.6,988.3,14.3,-999,-999
02-09-2012 07:00:00 AM,-20.8,989.3,10.1,-999,-999
02-09-2012 08:00:00 AM,-20.6,990.0,12.6,-999,-999
02-09-2012 09:00:00 AM,-20.3,990.7,11.7,-999,-999
02-09-2012 10:00:00 AM,-20.1,991.5,10.2,-999,-999
02-09-2012 11:00:00 AM,-20.5,992.4,12.9,-999,-999
02-09-2012 12:00:00 PM,-20.2,992.7,16.0,-999,-999
02-09-2012 01:00:00 PM,-19.1,993.4,11.2,-999,-999
02-09-2012 02:00:00 PM,-20.1,993.7,12.4,-999,-999
02-09-2012 03:00:00 PM,-20.2,994.1,8.8,-999,-999
02-09-2012 04:00:00 PM,-21.5,994.8,7.3,-999,-999
02-09-2012 05:00:00 PM,-23.1,994.7,12.5,-999,-999
02-09-2012 06:00:00 PM,-23.3,994.7,15.2,-999,-999
02-09-2012 07:00:00 PM,-23.3,994.7,14.5,-999,-999
02-09-2012 08:00:00 PM,-25.2,994.7,6.4,-999,-999
02-09-2012 09:00:00 PM,-25.1,994.9,6.6,-999,-999
02-09-2012 10:00:00 PM,-25.4,994.7,7.2,-999,-999
02-09-2012 11:00:00 PM,-25.5,994.2,5.7,-999,-999
03-09-2012 12:00:00 AM,-25.1,994.1,8.7,-999,-999
03-09-2012 01:00:00 AM,-25.5,993.8,10.3,-999,-999
03-09-2012 02:00:00 AM,-25.1,993.1,10.3,-999,-999
03-09-2012 03:00:00 AM,-25.2,992.8,4.7,-999,-999
03-09-2012 04:00:00 AM,-24.8,992.5,7.8,-999,-999
03-09-2012 05:00:00 AM,-25.4,992.3,10.4,-999,-999
03-09-2012 06:00:00 AM,-24.3,991.5,11.2,-999,-999
03-09-2012 07:00:00 AM,-23.5,990.9,8.3,-999,-999
03-09-2012 08:00:00 AM,-25.4,990.8,7.0,-999,-999
03-09-2012 09:00:00 AM,-24.7,990.7,3.6,-999,-999
03-09-2012 10:00:00 AM,-24.3,990.1,4.4,-999,-999
03-09-2012 11:00:00 AM,-22.9,989.2,8.3,-999,-999
03-09-2012 12:00:00 PM,-21.7,988.8,5.2,-999,-999
03-09-2012 01:00:00 PM,-20.7,988.4,7.7,-999,-999
03-09-2012 02:00:00 PM,-22.1,988.0,5.2,-999,-999
03-09-2012 03:00:00 PM,-24.8,987.5,6.4,-999,-999
03-09-2012 04:00:00 PM,-25.2,987.0,5.2,-999,-999
03-09-2012 05:00:00 PM,-26.4,986.4,2.1,-999,-999
03-09-2012 06:00:00 PM,-20.8,985.2,19.1,-999,-999
03-09-2012 07:00:00 PM,-24.4,985.5,7.9,-999,-999
03-09-2012 08:00:00 PM,-26.2,984.8,7.1,-999,-999
03-09-2012 09:00:00 PM,-22.7,984.8,8.5,-999,-999
03-09-2012 10:00:00 PM,-26.6,984.3,6.4,-999,-999
03-09-2012 11:00:00 PM,-25.0,984.0,3.8,-999,-999
04-09-2012 12:00:00 AM,-25.9,984.1,5.5,-999,-999
04-09-2012 01:00:00 AM,-25.5,984.0,3.0,-999,-999
04-09-2012 02:00:00 AM,-23.0,983.3,0.4,-999,-999
04-09-2012 03:00:00 AM,-20.0,983.7,16.2,-999,-999
04-09-2012 04:00:00 AM,-20.5,984.0,18.4,-999,-999
04-09-2012 05:00:00 AM,-19.6,983.2,18.5,-999,-999
04-09-2012 06:00:00 AM,-18.1,982.9,25.8,-999,-999
04-09-2012 07:00:00 AM,-18.3,982.9,27.8,-999,-999
04-09-2012 08:00:00 AM,-18.5,983.2,23.9,-999,-999
04-09-2012 09:00:00 AM,-17.8,982.9,26.7,-999,-999
04-09-2012 10:00:00 AM,-17.3,982.5,25.1,-999,-999
04-09-2012 11:00:00 AM,-16.8,982.4,20.8,-999,-999
04-09-2012 12:00:00 PM,-16.7,982.5,20.1,-999,-999
04-09-2012 01:00:00 PM,-16.8,982.6,19.3,-999,-999
04-09-2012 02:00:00 PM,-16.9,982.5,22.6,-999,-999
04-09-2012 03:00:00 PM,-17.5,982.4,20.6,-999,-999
04-09-2012 04:00:00 PM,-17.7,982.3,19.2,-999,-999
04-09-2012 05:00:00 PM,-18.0,982.6,23.6,-999,-999
04-09-2012 06:00:00 PM,-17.4,982.5,23.8,-999,-999
04-09-2012 07:00:00 PM,-17.7,982.4,25.2,-999,-999
04-09-2012 08:00:00 PM,-17.3,982.5,24.7,-999,-999
04-09-2012 09:00:00 PM,-16.5,982.8,22.5,-999,-999
04-09-2012 10:00:00 PM,-16.5,982.9,20.5,-999,-999
04-09-2012 11:00:00 PM,-16.5,982.9,17.5,-999,-999
05-09-2012 12:00:00 AM,-16.4,983.1,23.3,-999,-999
05-09-2012 01:00:00 AM,-17.1,983.1,26.3,-999,-999
05-09-2012 02:00:00 AM,-17.1,983.7,26.9,-999,-999
05-09-2012 03:00:00 AM,-17.1,984.0,24.5,-999,-999
05-09-2012 04:00:00 AM,-17.1,984.2,24.2,-999,-999
05-09-2012 05:00:00 AM,-17.0,984.4,27.4,-999,-999
05-09-2012 06:00:00 AM,-17.0,984.6,21.3,-999,-999
05-09-2012 07:00:00 AM,-16.9,985.4,24.2,-999,-999
05-09-2012 08:00:00 AM,-16.4,985.7,25.3,-999,-999
05-09-2012 09:00:00 AM,-16.3,986.1,20.0,-999,-999
05-09-2012 10:00:00 AM,-16.1,987.3,17.9,-999,-999
05-09-2012 11:00:00 AM,-16.0,987.7,17.5,-999,-999
05-09-2012 12:00:00 PM,-15.9,988.3,16.4,-999,-999
05-09-2012 01:00:00 PM,-16.1,988.8,12.4,-999,-999
05-09-2012 02:00:00 PM,-16.3,989.3,20.2,-999,-999
05-09-2012 03:00:00 PM,-16.4,989.3,17.2,-999,-999
05-09-2012 04:00:00 PM,-17.1,989.7,15.6,-999,-999
05-09-2012 05:00:00 PM,-17.4,990.1,15.0,-999,-999
05-09-2012 06:00:00 PM,-17.7,990.6,14.2,-999,-999
05-09-2012 07:00:00 PM,-17.5,991.3,17.3,-999,-999
05-09-2012 08:00:00 PM,-17.1,991.4,17.3,-999,-999
05-09-2012 09:00:00 PM,-17.0,991.8,18.7,-999,-999
05-09-2012 10:00:00 PM,-17.1,991.7,17.9,-999,-999
05-09-2012 11:00:00 PM,-17.2,992.4,17.7,-999,-999
06-09-2012 12:00:00 AM,-17.8,992.6,14.2,-999,-999
06-09-2012 01:00:00 AM,-18.0,992.8,13.2,-999,-999
06-09-2012 02:00:00 AM,-18.6,992.8,11.9,-999,-999
06-09-2012 03:00:00 AM,-18.6,992.8,15.3,-999,-999
06-09-2012 04:00:00 AM,-18.8,993.0,10.6,-999,-999
06-09-2012 05:00:00 AM,-19.5,993.3,12.3,-999,-999
06-09-2012 06:00:00 AM,-19.9,994.0,10.0,-999,-999
06-09-2012 07:00:00 AM,-19.2,994.0,13.5,-999,-999
06-09-2012 08:00:00 AM,-18.6,993.8,16.1,-999,-999
06-09-2012 09:00:00 AM,-17.4,993.9,16.5,-999,-999
06-09-2012 10:00:00 AM,-17.3,994.4,12.8,-999,-999
06-09-2012 11:00:00 AM,-17.4,995.0,12.4,-999,-999
06-09-2012 12:00:00 PM,-17.2,994.9,14.2,-999,-999
06-09-2012 01:00:00 PM,-17.0,995.0,14.8,-999,-999
06-09-2012 02:00:00 PM,-16.4,994.6,20.6,-999,-999
06-09-2012 03:00:00 PM,-16.1,994.4,20.9,-999,-999
06-09-2012 04:00:00 PM,-16.2,994.7,21.2,-999,-999
06-09-2012 05:00:00 PM,-16.3,994.6,19.6,-999,-999
06-09-2012 06:00:00 PM,-16.1,994.6,21.7,-999,-999
06-09-2012 07:00:00 PM,-16.0,994.9,20.9,-999,-999
06-09-2012 08:00:00 PM,-15.8,995.3,16.0,-999,-999
06-09-2012 09:00:00 PM,-16.1,995.8,13.4,-999,-999
06-09-2012 10:00:00 PM,-15.1,995.2,19.9,-999,-999
06-09-2012 11:00:00 PM,-15.1,995.2,17.4,-999,-999
07-09-2012 12:00:00 AM,-15.2,995.1,17.2,-999,-999
07-09-2012 01:00:00 AM,-14.7,994.9,22.9,-999,-999
07-09-2012 02:00:00 AM,-14.7,994.8,21.1,-999,-999
07-09-2012 03:00:00 AM,-14.6,994.2,23.8,-999,-999
07-09-2012 04:00:00 AM,-13.9,993.6,26.4,-999,-999
07-09-2012 05:00:00 AM,-13.3,993.4,25.5,-999,-999
07-09-2012 06:00:00 AM,-12.6,993.3,25.2,-999,-999
07-09-2012 07:00:00 AM,-12.7,994.0,19.2,-999,-999
07-09-2012 08:00:00 AM,-12.4,993.8,22.7,-999,-999
07-09-2012 09:00:00 AM,-11.8,993.6,21.7,-999,-999
07-09-2012 10:00:00 AM,-11.1,992.7,21.5,-999,-999
07-09-2012 11:00:00 AM,-10.9,992.6,22.2,-999,-999
07-09-2012 12:00:00 PM,-11.0,992.8,17.0,-999,-999
07-09-2012 01:00:00 PM,-10.9,992.5,15.1,-999,-999
07-09-2012 02:00:00 PM,-11.0,992.1,20.9,-999,-999
07-09-2012 03:00:00 PM,-10.8,991.2,19.6,-999,-999
07-09-2012 04:00:00 PM,-10.2,990.8,19.4,-999,-999
07-09-2012 05:00:00 PM,-10.7,991.3,17.1,-999,-999
07-09-2012 06:00:00 PM,-10.2,990.8,19.3,-999,-999
07-09-2012 07:00:00 PM,-10.2,990.6,18.3,-999,-999
07-09-2012 08:00:00 PM,-10.0,990.2,19.8,-999,-999
07-09-2012 09:00:00 PM,-10.0,989.9,21.1,-999,-999
07-09-2012 10:00:00 PM,-10.0,989.7,21.7,-999,-999
07-09-2012 11:00:00 PM,-9.8,989.7,21.8,-999,-999
08-09-2012 12:00:00 AM,-9.8,990.0,20.0,-999,-999
08-09-2012 01:00:00 AM,-9.6,989.9,17.4,-999,-999
08-09-2012 02:00:00 AM,-9.6,989.8,20.7,-999,-999
08-09-2012 03:00:00 AM,-9.6,989.5,17.7,-999,-999
08-09-2012 04:00:00 AM,-10.1,989.5,15.8,-999,-999
08-09-2012 05:00:00 AM,-10.1,989.8,18.6,-999,-999
08-09-2012 06:00:00 AM,-10.4,990.2,15.6,-999,-999
08-09-2012 07:00:00 AM,-10.4,990.3,17.1,-999,-999
08-09-2012 08:00:00 AM,-10.7,990.8,14.1,-999,-999
08-09-2012 09:00:00 AM,-10.9,991.3,16.1,-999,-999
08-09-2012 10:00:00 AM,-11.2,991.5,12.7,-999,-999
08-09-2012 11:00:00 AM,-11.1,991.7,19.9,-999,-999
08-09-2012 12:00:00 PM,-11.5,992.0,14.9,-999,-999
08-09-2012 01:00:00 PM,-11.6,992.2,16.9,-999,-999
08-09-2012 02:00:00 PM,-12.1,992.3,19.4,-999,-999
08-09-2012 03:00:00 PM,-12.7,992.4,13.1,-999,-999
08-09-2012 04:00:00 PM,-12.8,992.8,19.4,-999,-999
08-09-2012 05:00:00 PM,-12.8,992.8,18.8,-999,-999
08-09-2012 06:00:00 PM,-13.0,992.8,18.1,-999,-999
08-09-2012 07:00:00 PM,-13.7,993.7,17.3,-999,-999
08-09-2012 08:00:00 PM,-13.9,993.8,14.8,-999,-999
08-09-2012 09:00:00 PM,-14.0,994.6,14.7,-999,-999
08-09-2012 10:00:00 PM,-14.7,995.2,13.6,-999,-999
08-09-2012 11:00:00 PM,-15.0,994.9,14.6,-999,-999
09-09-2012 12:00:00 AM,-15.3,995.1,8.5,-999,-999
09-09-2012 01:00:00 AM,-15.5,995.0,22.6,-999,-999
09-09-2012 02:00:00 AM,-15.7,994.8,18.3,-999,-999
09-09-2012 03:00:00 AM,-16.2,994.5,17.6,-999,-999
09-09-2012 04:00:00 AM,-16.1,994.6,17.0,-999,-999
09-09-2012 05:00:00 AM,-16.3,994.1,18.5,-999,-999
09-09-2012 06:00:00 AM,-16.5,994.1,16.4,-999,-999
09-09-2012 07:00:00 AM,-16.3,993.9,20.3,-999,-999
09-09-2012 08:00:00 AM,-16.0,993.8,17.6,-999,-999
09-09-2012 09:00:00 AM,-16.1,993.0,19.9,-999,-999
09-09-2012 10:00:00 AM,-15.5,993.2,18.5,-999,-999
09-09-2012 11:00:00 AM,-16.9,992.5,10.1,-999,-999
09-09-2012 12:00:00 PM,-16.1,992.2,12.9,-999,-999
09-09-2012 01:00:00 PM,-15.8,991.3,19.4,-999,-999
09-09-2012 02:00:00 PM,-16.8,990.8,12.7,-999,-999
09-09-2012 03:00:00 PM,-18.0,990.6,11.0,-999,-999
09-09-2012 04:00:00 PM,-17.9,990.2,8.5,-999,-999
09-09-2012 05:00:00 PM,-18.6,989.9,10.7,-999,-999
09-09-2012 06:00:00 PM,-17.3,989.9,17.3,-999,-999
09-09-2012 07:00:00 PM,-17.2,989.6,17.1,-999,-999
09-09-2012 08:00:00 PM,-16.7,990.0,20.5,-999,-999
09-09-2012 09:00:00 PM,-16.8,989.7,16.0,-999,-999
09-09-2012 10:00:00 PM,-16.5,989.6,24.8,-999,-999
09-09-2012 11:00:00 PM,-16.9,989.9,28.3,-999,-999
10-09-2012 12:00:00 AM,-16.1,989.8,20.1,-999,-999
10-09-2012 01:00:00 AM,-15.6,989.9,24.7,-999,-999
10-09-2012 02:00:00 AM,-16.8,990.9,24.1,-999,-999
10-09-2012 03:00:00 AM,-16.6,990.8,15.3,-999,-999
10-09-2012 04:00:00 AM,-15.6,989.3,24.4,-999,-999
10-09-2012 05:00:00 AM,-15.1,989.2,24.2,-999,-999
10-09-2012 06:00:00 AM,-14.7,989.1,25.8,-999,-999
10-09-2012 07:00:00 AM,-14.6,989.2,14.4,-999,-999
10-09-2012 08:00:00 AM,-14.5,988.6,16.5,-999,-999
10-09-2012 09:00:00 AM,-12.3,988.8,20.1,-999,-999
10-09-2012 10:00:00 AM,-12.8,989.4,17.6,-999,-999
10-09-2012 11:00:00 AM,-13.1,990.0,11.9,-999,-999
10-09-2012 12:00:00 PM,-13.0,989.8,13.1,-999,-999
10-09-2012 01:00:00 PM,-12.8,989.9,18.5,-999,-999
10-09-2012 02:00:00 PM,-13.0,989.6,18.8,-999,-999
10-09-2012 03:00:00 PM,-13.0,989.3,19.5,-999,-999
10-09-2012 04:00:00 PM,-13.3,989.3,17.4,-999,-999
10-09-2012 05:00:00 PM,-13.6,989.2,18.5,-999,-999
10-09-2012 06:00:00 PM,-13.7,989.4,18.8,-999,-999
10-09-2012 07:00:00 PM,-14.3,989.3,16.2,-999,-999
10-09-2012 08:00:00 PM,-14.6,988.9,17.7,-999,-999
10-09-2012 09:00:00 PM,-15.3,988.5,9.8,-999,-999
10-09-2012 10:00:00 PM,-14.6,988.8,13.4,-999,-999
10-09-2012 11:00:00 PM,-14.9,988.5,19.3,-999,-999
11-09-2012 12:00:00 AM,-15.5,988.8,15.3,-999,-999
11-09-2012 01:00:00 AM,-15.2,987.8,16.5,-999,-999
11-09-2012 02:00:00 AM,-14.6,987.3,17.6,-999,-999
11-09-2012 03:00:00 AM,-15.5,986.8,20.7,-999,-999
11-09-2012 04:00:00 AM,-16.2,987.0,7.5,-999,-999
11-09-2012 05:00:00 AM,-18.4,987.2,6.9,-999,-999
11-09-2012 06:00:00 AM,-18.3,987.5,5.4,-999,-999
11-09-2012 07:00:00 AM,-17.0,987.6,14.5,-999,-999
11-09-2012 08:00:00 AM,-17.0,988.1,11.7,-999,-999
11-09-2012 09:00:00 AM,-16.0,988.0,19.9,-999,-999
11-09-2012 10:00:00 AM,-15.5,987.8,11.9,-999,-999
11-09-2012 11:00:00 AM,-15.0,987.8,11.4,-999,-999
11-09-2012 12:00:00 PM,-15.0,986.9,22.2,-999,-999
11-09-2012 01:00:00 PM,-15.1,987.2,17.0,-999,-999
11-09-2012 02:00:00 PM,-15.8,987.2,12.1,-999,-999
11-09-2012 03:00:00 PM,-15.6,987.8,10.9,-999,-999
11-09-2012 04:00:00 PM,-17.8,987.9,7.4,-999,-999
11-09-2012 05:00:00 PM,-18.7,988.1,6.3,-999,-999
11-09-2012 06:00:00 PM,-21.2,988.5,7.5,-999,-999
11-09-2012 07:00:00 PM,-21.9,988.4,6.6,-999,-999
11-09-2012 08:00:00 PM,-21.8,988.5,7.8,-999,-999
11-09-2012 09:00:00 PM,-21.9,988.6,5.8,-999,-999
11-09-2012 10:00:00 PM,-22.2,988.7,6.3,-999,-999
11-09-2012 11:00:00 PM,-22.2,988.6,7.5,-999,-999
12-09-2012 12:00:00 AM,-21.8,988.7,4.8,-999,-999
12-09-2012 01:00:00 AM,-22.7,988.4,4.6,-999,-999
12-09-2012 02:00:00 AM,-23.0,988.8,6.3,-999,-999
12-09-2012 03:00:00 AM,-23.2,988.8,6.0,-999,-999
12-09-2012 04:00:00 AM,-23.3,988.8,4.7,-999,-999
12-09-2012 05:00:00 AM,-24.0,988.8,5.5,-999,-999
12-09-2012 06:00:00 AM,-24.1,989.3,5.4,-999,-999
12-09-2012 07:00:00 AM,-23.7,989.7,7.5,-999,-999
12-09-2012 08:00:00 AM,-22.9,989.8,9.4,-999,-999
12-09-2012 09:00:00 AM,-20.1,989.8,4.0,-999,-999
12-09-2012 10:00:00 AM,-19.1,990.1,3.2,-999,-999
12-09-2012 11:00:00 AM,-19.2,990.0,4.9,-999,-999
12-09-2012 12:00:00 PM,-18.3,990.8,9.8,-999,-999
12-09-2012 01:00:00 PM,-18.9,990.9,7.0,-999,-999
12-09-2012 02:00:00 PM,-20.1,990.7,8.7,-999,-999
12-09-2012 03:00:00 PM,-20.4,990.7,4.2,-999,-999
12-09-2012 04:00:00 PM,-20.3,991.0,4.7,-999,-999
12-09-2012 05:00:00 PM,-21.1,991.3,14.5,-999,-999
12-09-2012 06:00:00 PM,-20.2,991.8,13.7,-999,-999
12-09-2012 07:00:00 PM,-20.9,992.3,8.1,-999,-999
12-09-2012 08:00:00 PM,-21.7,992.2,7.6,-999,-999
12-09-2012 09:00:00 PM,-20.4,992.6,12.7,-999,-999
12-09-2012 10:00:00 PM,-19.5,992.2,18.6,-999,-999
12-09-2012 11:00:00 PM,-18.9,992.2,21.9,-999,-999
13-09-2012 12:00:00 AM,-18.7,992.3,14.0,-999,-999
13-09-2012 01:00:00 AM,-18.3,992.0,16.6,-999,-999
13-09-2012 02:00:00 AM,-18.2,991.9,21.0,-999,-999
13-09-2012 03:00:00 AM,-17.5,991.9,19.1,-999,-999
13-09-2012 04:00:00 AM,-17.2,992.1,16.7,-999,-999
13-09-2012 05:00:00 AM,-16.8,992.1,20.9,-999,-999
13-09-2012 06:00:00 AM,-16.3,992.5,16.9,-999,-999
13-09-2012 07:00:00 AM,-15.9,992.4,17.0,-999,-999
13-09-2012 08:00:00 AM,-15.4,992.5,20.5,-999,-999
13-09-2012 09:00:00 AM,-14.4,992.7,21.0,-999,-999
13-09-2012 10:00:00 AM,-14.6,992.9,19.3,-999,-999
13-09-2012 11:00:00 AM,-13.6,992.8,20.3,-999,-999
13-09-2012 12:00:00 PM,-13.8,993.0,20.8,-999,-999
13-09-2012 01:00:00 PM,-12.8,992.5,23.8,-999,-999
13-09-2012 02:00:00 PM,-12.2,992.6,22.3,-999,-999
13-09-2012 03:00:00 PM,-11.5,992.9,20.1,-999,-999
13-09-2012 04:00:00 PM,-11.1,992.8,21.3,-999,-999
13-09-2012 05:00:00 PM,-11.5,993.5,17.9,-999,-999
13-09-2012 06:00:00 PM,-12.4,993.2,15.0,-999,-999
13-09-2012 07:00:00 PM,-11.2,993.5,20.1,-999,-999
13-09-2012 08:00:00 PM,-12.6,993.6,15.0,-999,-999
13-09-2012 09:00:00 PM,-12.2,993.7,19.1,-999,-999
13-09-2012 10:00:00 PM,-12.4,993.8,15.0,-999,-999
13-09-2012 11:00:00 PM,-12.4,993.5,14.2,-999,-999
14-09-2012 12:00:00 AM,-12.4,993.3,14.2,-999,-999
14-09-2012 01:00:00 AM,-12.7,993.1,11.0,-999,-999
14-09-2012 02:00:00 AM,-12.4,992.7,18.8,-999,-999
14-09-2012 03:00:00 AM,-12.1,992.6,16.4,-999,-999
14-09-2012 04:00:00 AM,-11.9,992.5,17.5,-999,-999
14-09-2012 05:00:00 AM,-12.4,992.3,14.5,-999,-999
14-09-2012 06:00:00 AM,-12.9,992.0,9.3,-999,-999
14-09-2012 07:00:00 AM,-12.3,991.5,14.3,-999,-999
14-09-2012 08:00:00 AM,-11.4,991.4,19.0,-999,-999
14-09-2012 09:00:00 AM,-12.0,991.0,6.3,-999,-999
14-09-2012 10:00:00 AM,-11.2,990.4,16.1,-999,-999
14-09-2012 11:00:00 AM,-10.7,990.0,14.4,-999,-999
14-09-2012 12:00:00 PM,-10.2,989.4,14.4,-999,-999
14-09-2012 01:00:00 PM,-10.4,988.9,20.6,-999,-999
14-09-2012 02:00:00 PM,-11.0,988.4,10.2,-999,-999
14-09-2012 03:00:00 PM,-11.4,987.5,7.1,-999,-999
14-09-2012 04:00:00 PM,-11.4,986.9,8.1,-999,-999
14-09-2012 05:00:00 PM,-13.0,986.3,8.6,-999,-999
14-09-2012 06:00:00 PM,-13.8,985.6,7.7,-999,-999
14-09-2012 07:00:00 PM,-11.8,985.2,17.5,-999,-999
14-09-2012 08:00:00 PM,-11.6,984.7,13.6,-999,-999
14-09-2012 09:00:00 PM,-10.4,983.8,24.3,-999,-999
14-09-2012 10:00:00 PM,-11.1,983.3,24.1,-999,-999
14-09-2012 11:00:00 PM,-11.1,982.6,23.1,-999,-999
15-09-2012 12:00:00 AM,-11.2,982.1,24.0,-999,-999
15-09-2012 01:00:00 AM,-10.5,981.7,15.1,-999,-999
15-09-2012 02:00:00 AM,-10.7,980.7,16.1,-999,-999
15-09-2012 03:00:00 AM,-10.7,979.5,20.8,-999,-999
15-09-2012 04:00:00 AM,-11.0,979.2,14.4,-999,-999
15-09-2012 05:00:00 AM,-11.0,978.5,15.2,-999,-999
15-09-2012 06:00:00 AM,-10.7,977.4,16.2,-999,-999
15-09-2012 07:00:00 AM,-11.3,977.0,15.1,-999,-999
15-09-2012 08:00:00 AM,-10.5,976.2,20.4,-999,-999
15-09-2012 09:00:00 AM,-10.7,975.2,22.9,-999,-999
15-09-2012 10:00:00 AM,-11.5,975.2,20.2,-999,-999
15-09-2012 11:00:00 AM,-11.1,974.1,26.6,-999,-999
15-09-2012 12:00:00 PM,-11.2,973.3,23.6,-999,-999
15-09-2012 01:00:00 PM,-11.2,972.5,21.6,-999,-999
15-09-2012 02:00:00 PM,-11.2,971.6,22.8,-999,-999
15-09-2012 03:00:00 PM,-11.2,971.3,23.3,-999,-999
15-09-2012 04:00:00 PM,-11.5,970.9,14.8,-999,-999
15-09-2012 05:00:00 PM,-11.6,970.9,23.6,-999,-999
15-09-2012 06:00:00 PM,-11.6,970.6,21.8,-999,-999
15-09-2012 07:00:00 PM,-12.0,970.2,22.9,-999,-999
15-09-2012 08:00:00 PM,-12.2,969.7,23.5,-999,-999
15-09-2012 09:00:00 PM,-12.1,969.4,24.5,-999,-999
15-09-2012 10:00:00 PM,-12.6,969.1,23.7,-999,-999
15-09-2012 11:00:00 PM,-12.8,968.9,19.6,-999,-999
16-09-2012 12:00:00 AM,-14.0,968.7,25.4,-999,-999
16-09-2012 01:00:00 AM,-14.4,968.1,27.2,-999,-999
16-09-2012 02:00:00 AM,-14.7,967.3,27.9,-999,-999
16-09-2012 03:00:00 AM,-14.5,966.8,25.5,-999,-999
16-09-2012 04:00:00 AM,-14.6,966.2,25.5,-999,-999
16-09-2012 05:00:00 AM,-14.7,966.2,27.3,-999,-999
16-09-2012 06:00:00 AM,-14.2,966.0,24.3,-999,-999
16-09-2012 07:00:00 AM,-15.2,965.5,22.9,-999,-999
16-09-2012 08:00:00 AM,-15.3,966.4,12.8,-999,-999
16-09-2012 09:00:00 AM,-15.2,966.2,10.2,-999,-999
16-09-2012 10:00:00 AM,-13.3,966.1,8.2,-999,-999
16-09-2012 11:00:00 AM,-14.8,966.1,12.6,-999,-999
16-09-2012 12:00:00 PM,-14.5,966.3,12.9,-999,-999
16-09-2012 01:00:00 PM,-14.4,966.1,16.2,-999,-999
16-09-2012 02:00:00 PM,-13.7,965.8,10.7,-999,-999
16-09-2012 03:00:00 PM,-16.5,966.2,9.8,-999,-999
16-09-2012 04:00:00 PM,-15.9,965.8,7.8,-999,-999
16-09-2012 05:00:00 PM,-17.9,966.2,12.4,-999,-999
16-09-2012 06:00:00 PM,-18.3,966.6,7.4,-999,-999
16-09-2012 07:00:00 PM,-19.0,966.9,7.5,-999,-999
16-09-2012 08:00:00 PM,-18.6,967.0,7.8,-999,-999
16-09-2012 09:00:00 PM,-18.6,967.7,9.6,-999,-999
16-09-2012 10:00:00 PM,-19.4,968.0,17.7,-999,-999
16-09-2012 11:00:00 PM,-19.1,968.0,7.6,-999,-999
17-09-2012 12:00:00 AM,-18.9,967.9,18.4,-999,-999
17-09-2012 01:00:00 AM,-18.8,967.9,15.8,-999,-999
17-09-2012 02:00:00 AM,-17.6,968.4,18.2,-999,-999
17-09-2012 03:00:00 AM,-19.6,968.5,17.8,-999,-999
17-09-2012 04:00:00 AM,-18.2,969.1,21.2,-999,-999
17-09-2012 05:00:00 AM,-19.0,969.9,23.4,-999,-999
17-09-2012 06:00:00 AM,-19.4,970.9,23.3,-999,-999
17-09-2012 07:00:00 AM,-19.1,971.4,26.4,-999,-999
17-09-2012 08:00:00 AM,-18.8,972.1,26.9,-999,-999
17-09-2012 09:00:00 AM,-18.5,973.2,26.3,-999,-999
17-09-2012 10:00:00 AM,-18.0,974.7,21.3,-999,-999
17-09-2012 11:00:00 AM,-17.7,975.3,19.9,-999,-999
17-09-2012 12:00:00 PM,-17.7,975.8,24.5,-999,-999
17-09-2012 01:00:00 PM,-17.5,976.8,22.8,-999,-999
17-09-2012 02:00:00 PM,-18.0,977.6,16.7,-999,-999
17-09-2012 03:00:00 PM,-18.3,978.3,15.7,-999,-999
17-09-2012 04:00:00 PM,-19.1,978.9,15.8,-999,-999
17-09-2012 05:00:00 PM,-19.7,979.4,12.9,-999,-999
17-09-2012 06:00:00 PM,-21.0,979.7,15.2,-999,-999
17-09-2012 07:00:00 PM,-22.1,980.2,12.2,-999,-999
17-09-2012 08:00:00 PM,-21.9,980.8,12.1,-999,-999
17-09-2012 09:00:00 PM,-22.5,981.4,11.2,-999,-999
17-09-2012 10:00:00 PM,-24.3,982.0,6.8,-999,-999
17-09-2012 11:00:00 PM,-25.3,982.9,6.3,-999,-999
18-09-2012 12:00:00 AM,-25.9,983.1,6.7,-999,-999
18-09-2012 01:00:00 AM,-26.5,983.4,7.8,-999,-999
18-09-2012 02:00:00 AM,-27.4,983.6,6.2,-999,-999
18-09-2012 03:00:00 AM,-27.4,984.1,5.0,-999,-999
18-09-2012 04:00:00 AM,-27.4,984.4,5.1,-999,-999
18-09-2012 05:00:00 AM,-27.7,985.0,4.7,-999,-999
18-09-2012 06:00:00 AM,-27.9,985.3,5.2,-999,-999
18-09-2012 07:00:00 AM,-26.9,985.6,3.8,-999,-999
18-09-2012 08:00:00 AM,-23.8,985.9,4.5,-999,-999
18-09-2012 09:00:00 AM,-22.6,986.3,5.0,-999,-999
18-09-2012 10:00:00 AM,-21.6,986.9,5.9,-999,-999
18-09-2012 11:00:00 AM,-21.8,987.3,6.8,-999,-999
18-09-2012 12:00:00 PM,-21.8,988.1,4.1,-999,-999
18-09-2012 01:00:00 PM,-18.8,988.6,4.7,-999,-999
18-09-2012 02:00:00 PM,-19.4,989.1,6.4,-999,-999
18-09-2012 03:00:00 PM,-21.1,989.2,6.2,-999,-999
18-09-2012 04:00:00 PM,-22.3,989.3,4.3,-999,-999
18-09-2012 05:00:00 PM,-23.4,989.8,4.6,-999,-999
18-09-2012 06:00:00 PM,-24.6,990.5,8.2,-999,-999
18-09-2012 07:00:00 PM,-25.9,991.4,6.7,-999,-999
18-09-2012 08:00:00 PM,-27.1,992.2,4.6,-999,-999
18-09-2012 09:00:00 PM,-27.3,992.9,6.9,-999,-999
18-09-2012 10:00:00 PM,-25.3,993.3,12.6,-999,-999
18-09-2012 11:00:00 PM,-26.9,994.3,6.1,-999,-999
19-09-2012 12:00:00 AM,-25.9,994.5,1.6,-999,-999
19-09-2012 01:00:00 AM,-24.7,994.8,9.7,-999,-999
19-09-2012 02:00:00 AM,-24.5,995.5,6.5,-999,-999
19-09-2012 03:00:00 AM,-25.9,995.9,5.2,-999,-999
19-09-2012 04:00:00 AM,-25.2,996.0,13.5,-999,-999
19-09-2012 05:00:00 AM,-25.8,996.2,4.7,-999,-999
19-09-2012 06:00:00 AM,-26.2,996.4,6.8,-999,-999
19-09-2012 07:00:00 AM,-24.1,996.9,3.9,-999,-999
19-09-2012 08:00:00 AM,-23.8,997.3,5.6,-999,-999
19-09-2012 09:00:00 AM,-21.3,997.5,6.7,-999,-999
19-09-2012 10:00:00 AM,-22.5,997.3,6.4,-999,-999
19-09-2012 11:00:00 AM,-21.0,997.3,8.2,-999,-999
19-09-2012 12:00:00 PM,-20.6,997.0,7.5,-999,-999
19-09-2012 01:00:00 PM,-19.3,996.4,4.3,-999,-999
19-09-2012 02:00:00 PM,-20.1,996.3,5.9,-999,-999
19-09-2012 03:00:00 PM,-21.1,996.1,5.9,-999,-999
19-09-2012 04:00:00 PM,-21.4,995.8,8.1,-999,-999
19-09-2012 05:00:00 PM,-22.6,995.6,4.5,-999,-999
19-09-2012 06:00:00 PM,-25.0,995.6,0.9,-999,-999
19-09-2012 07:00:00 PM,-25.2,996.0,5.7,-999,-999
19-09-2012 08:00:00 PM,-25.9,996.3,7.7,-999,-999
19-09-2012 09:00:00 PM,-26.2,996.5,7.1,-999,-999
19-09-2012 10:00:00 PM,-25.3,996.6,11.4,-999,-999
19-09-2012 11:00:00 PM,-25.5,996.8,10.0,-999,-999
20-09-2012 12:00:00 AM,-23.2,996.9,10.1,-999,-999
20-09-2012 01:00:00 AM,-21.3,996.0,5.7,-999,-999
20-09-2012 02:00:00 AM,-19.1,995.7,16.3,-999,-999
20-09-2012 03:00:00 AM,-17.4,994.7,14.0,-999,-999
20-09-2012 04:00:00 AM,-15.8,994.1,22.0,-999,-999
20-09-2012 05:00:00 AM,-14.7,993.9,21.2,-999,-999
20-09-2012 06:00:00 AM,-14.3,994.4,17.8,-999,-999
20-09-2012 07:00:00 AM,-13.8,994.1,24.6,-999,-999
20-09-2012 08:00:00 AM,-13.0,993.9,17.2,-999,-999
20-09-2012 09:00:00 AM,-12.3,994.0,19.0,-999,-999
20-09-2012 10:00:00 AM,-12.1,993.8,18.1,-999,-999
20-09-2012 11:00:00 AM,-11.5,994.0,19.8,-999,-999
20-09-2012 12:00:00 PM,-11.9,994.1,23.5,-999,-999
20-09-2012 01:00:00 PM,-11.8,994.1,25.6,-999,-999
20-09-2012 02:00:00 PM,-12.8,994.2,28.6,-999,-999
20-09-2012 03:00:00 PM,-13.3,994.2,24.5,-999,-999
20-09-2012 04:00:00 PM,-14.0,994.7,25.0,-999,-999
20-09-2012 05:00:00 PM,-14.0,994.2,20.2,-999,-999
20-09-2012 06:00:00 PM,-14.0,995.0,21.1,-999,-999
20-09-2012 07:00:00 PM,-13.9,995.1,22.9,-999,-999
20-09-2012 08:00:00 PM,-13.6,995.0,22.9,-999,-999
20-09-2012 09:00:00 PM,-13.6,995.3,19.2,-999,-999
20-09-2012 10:00:00 PM,-13.5,995.2,21.1,-999,-999
20-09-2012 11:00:00 PM,-14.1,994.7,19.4,-999,-999
21-09-2012 12:00:00 AM,-13.6,994.4,21.4,-999,-999
21-09-2012 01:00:00 AM,-14.0,994.1,13.6,-999,-999
21-09-2012 02:00:00 AM,-13.6,993.9,23.0,-999,-999
21-09-2012 03:00:00 AM,-14.5,993.3,24.7,-999,-999
21-09-2012 04:00:00 AM,-14.8,993.5,21.6,-999,-999
21-09-2012 05:00:00 AM,-14.0,993.5,20.6,-999,-999
21-09-2012 06:00:00 AM,-13.8,993.9,16.3,-999,-999
21-09-2012 07:00:00 AM,-13.9,993.5,16.9,-999,-999
21-09-2012 08:00:00 AM,-13.1,993.1,16.7,-999,-999
21-09-2012 09:00:00 AM,-12.2,992.9,19.8,-999,-999
21-09-2012 10:00:00 AM,-11.7,992.3,23.4,-999,-999
21-09-2012 11:00:00 AM,-10.9,991.8,25.4,-999,-999
21-09-2012 12:00:00 PM,-10.6,991.3,20.6,-999,-999
21-09-2012 01:00:00 PM,-10.7,990.9,22.9,-999,-999
21-09-2012 02:00:00 PM,-10.7,990.7,24.0,-999,-999
21-09-2012 03:00:00 PM,-11.2,990.3,19.8,-999,-999
21-09-2012 04:00:00 PM,-12.4,989.8,18.1,-999,-999
21-09-2012 05:00:00 PM,-12.0,989.4,25.5,-999,-999
21-09-2012 06:00:00 PM,-11.5,989.1,21.3,-999,-999
21-09-2012 07:00:00 PM,-11.0,988.5,25.5,-999,-999
21-09-2012 08:00:00 PM,-10.5,988.0,20.0,-999,-999
21-09-2012 09:00:00 PM,-10.2,987.4,17.7,-999,-999
21-09-2012 10:00:00 PM,-10.4,987.0,17.0,-999,-999
21-09-2012 11:00:00 PM,-10.5,986.0,17.2,-999,-999
22-09-2012 12:00:00 AM,-9.9,985.2,26.7,-999,-999
22-09-2012 01:00:00 AM,-9.4,984.7,29.9,-999,-999
22-09-2012 02:00:00 AM,-9.0,984.5,26.4,-999,-999
22-09-2012 03:00:00 AM,-9.3,983.9,27.0,-999,-999
22-09-2012 04:00:00 AM,-9.0,983.1,29.2,-999,-999
22-09-2012 05:00:00 AM,-9.8,982.6,25.8,-999,-999
22-09-2012 06:00:00 AM,-9.4,982.4,27.8,-999,-999
22-09-2012 07:00:00 AM,-8.6,982.0,32.3,-999,-999
22-09-2012 08:00:00 AM,-8.5,982.2,31.4,-999,-999
22-09-2012 09:00:00 AM,-8.1,982.0,24.0,-999,-999
22-09-2012 10:00:00 AM,-7.8,981.9,21.9,-999,-999
22-09-2012 11:00:00 AM,-7.5,981.6,18.9,-999,-999
22-09-2012 12:00:00 PM,-7.2,981.2,17.8,-999,-999
22-09-2012 01:00:00 PM,-7.4,981.1,20.9,-999,-999
22-09-2012 02:00:00 PM,-7.0,982.0,11.7,-999,-999
22-09-2012 03:00:00 PM,-8.4,982.1,12.4,-999,-999
22-09-2012 04:00:00 PM,-8.9,982.1,15.2,-999,-999
22-09-2012 05:00:00 PM,-9.2,982.3,16.6,-999,-999
22-09-2012 06:00:00 PM,-9.2,982.6,17.2,-999,-999
22-09-2012 07:00:00 PM,-9.6,982.6,16.2,-999,-999
22-09-2012 08:00:00 PM,-9.8,983.0,17.9,-999,-999
22-09-2012 09:00:00 PM,-9.9,983.1,15.8,-999,-999
22-09-2012 10:00:00 PM,-9.8,983.4,24.9,-999,-999
22-09-2012 11:00:00 PM,-9.9,983.3,20.1,-999,-999
23-09-2012 12:00:00 AM,-10.1,983.2,18.9,-999,-999
23-09-2012 01:00:00 AM,-10.2,983.3,19.0,-999,-999
23-09-2012 02:00:00 AM,-10.3,983.8,22.4,-999,-999
23-09-2012 03:00:00 AM,-10.7,984.3,18.9,-999,-999
23-09-2012 04:00:00 AM,-10.8,984.3,20.7,-999,-999
23-09-2012 05:00:00 AM,-11.4,984.4,19.5,-999,-999
23-09-2012 06:00:00 AM,-11.1,984.7,21.4,-999,-999
23-09-2012 07:00:00 AM,-11.0,985.0,21.1,-999,-999
23-09-2012 08:00:00 AM,-10.2,985.3,23.5,-999,-999
23-09-2012 09:00:00 AM,-9.9,985.3,23.5,-999,-999
23-09-2012 10:00:00 AM,-10.0,985.6,21.2,-999,-999
23-09-2012 11:00:00 AM,-10.3,986.1,20.5,-999,-999
23-09-2012 12:00:00 PM,-9.8,985.9,23.8,-999,-999
23-09-2012 01:00:00 PM,-10.0,986.4,25.5,-999,-999
23-09-2012 02:00:00 PM,-10.1,986.3,25.1,-999,-999
23-09-2012 03:00:00 PM,-10.6,987.0,18.2,-999,-999
23-09-2012 04:00:00 PM,-11.0,987.6,21.7,-999,-999
23-09-2012 05:00:00 PM,-12.0,988.0,17.4,-999,-999
23-09-2012 06:00:00 PM,-11.8,988.3,20.6,-999,-999
23-09-2012 07:00:00 PM,-11.7,989.0,19.3,-999,-999
23-09-2012 08:00:00 PM,-11.3,989.3,20.9,-999,-999
23-09-2012 09:00:00 PM,-12.3,988.9,19.4,-999,-999
23-09-2012 10:00:00 PM,-12.7,989.6,16.6,-999,-999
23-09-2012 11:00:00 PM,-13.7,989.9,11.0,-999,-999
24-09-2012 12:00:00 AM,-14.2,989.9,5.5,-999,-999
24-09-2012 01:00:00 AM,-15.1,989.9,6.6,-999,-999
24-09-2012 02:00:00 AM,-14.3,989.9,16.6,-999,-999
24-09-2012 03:00:00 AM,-14.6,989.8,14.8,-999,-999
24-09-2012 04:00:00 AM,-15.6,989.7,8.8,-999,-999
24-09-2012 05:00:00 AM,-16.3,989.3,6.3,-999,-999
24-09-2012 06:00:00 AM,-16.5,989.1,8.3,-999,-999
24-09-2012 07:00:00 AM,-15.0,988.6,7.4,-999,-999
24-09-2012 08:00:00 AM,-14.0,987.8,12.6,-999,-999
24-09-2012 09:00:00 AM,-14.2,987.1,15.3,-999,-999
24-09-2012 10:00:00 AM,-12.6,986.0,9.3,-999,-999
24-09-2012 11:00:00 AM,-10.0,985.3,10.3,-999,-999
24-09-2012 12:00:00 PM,-9.3,984.5,8.4,-999,-999
24-09-2012 01:00:00 PM,-10.6,983.3,10.8,-999,-999
24-09-2012 02:00:00 PM,-9.6,982.5,7.5,-999,-999
24-09-2012 03:00:00 PM,-10.0,981.4,4.7,-999,-999
24-09-2012 04:00:00 PM,-12.3,980.5,6.1,-999,-999
24-09-2012 05:00:00 PM,-14.2,978.8,20.2,-999,-999
24-09-2012 06:00:00 PM,-12.7,977.6,16.3,-999,-999
24-09-2012 07:00:00 PM,-13.6,976.0,9.1,-999,-999
24-09-2012 08:00:00 PM,-14.9,975.6,6.9,-999,-999
24-09-2012 09:00:00 PM,-14.4,974.5,8.7,-999,-999
24-09-2012 10:00:00 PM,-12.6,973.3,3.7,-999,-999
24-09-2012 11:00:00 PM,-13.0,971.8,16.8,-999,-999
25-09-2012 12:00:00 AM,-11.7,970.9,21.4,-999,-999
25-09-2012 01:00:00 AM,-12.1,970.4,21.7,-999,-999
25-09-2012 02:00:00 AM,-11.3,969.7,24.3,-999,-999
25-09-2012 03:00:00 AM,-10.4,969.4,27.4,-999,-999
25-09-2012 04:00:00 AM,-10.5,969.5,26.4,-999,-999
25-09-2012 05:00:00 AM,-10.0,969.3,28.0,-999,-999
25-09-2012 06:00:00 AM,-9.4,969.1,30.3,-999,-999
25-09-2012 07:00:00 AM,-9.5,969.1,27.5,-999,-999
25-09-2012 08:00:00 AM,-7.9,969.6,25.3,-999,-999
25-09-2012 09:00:00 AM,-6.7,970.0,24.7,-999,-999
25-09-2012 10:00:00 AM,-6.4,970.6,23.2,-999,-999
25-09-2012 11:00:00 AM,-5.7,971.2,21.5,-999,-999
25-09-2012 12:00:00 PM,-5.3,971.7,19.9,-999,-999
25-09-2012 01:00:00 PM,-5.4,972.6,17.6,-999,-999
25-09-2012 02:00:00 PM,-5.1,973.5,19.6,-999,-999
25-09-2012 03:00:00 PM,-5.1,974.4,17.2,-999,-999
25-09-2012 04:00:00 PM,-6.4,975.0,18.5,-999,-999
25-09-2012 05:00:00 PM,-7.1,976.0,21.1,-999,-999
25-09-2012 06:00:00 PM,-6.5,977.1,23.6,-999,-999
25-09-2012 07:00:00 PM,-6.6,978.1,23.8,-999,-999
25-09-2012 08:00:00 PM,-6.9,979.0,20.7,-999,-999
25-09-2012 09:00:00 PM,-7.3,979.9,23.8,-999,-999
25-09-2012 10:00:00 PM,-7.7,980.9,22.9,-999,-999
25-09-2012 11:00:00 PM,-8.4,981.8,25.3,-999,-999
26-09-2012 12:00:00 AM,-8.7,982.7,25.8,-999,-999
26-09-2012 01:00:00 AM,-10.2,984.0,22.8,-999,-999
26-09-2012 02:00:00 AM,-9.5,984.9,28.1,-999,-999
26-09-2012 03:00:00 AM,-10.3,985.8,23.8,-999,-999
26-09-2012 04:00:00 AM,-10.6,987.1,26.1,-999,-999
26-09-2012 05:00:00 AM,-10.4,988.5,23.9,-999,-999
26-09-2012 06:00:00 AM,-10.3,990.0,23.9,-999,-999
26-09-2012 07:00:00 AM,-10.5,991.1,22.1,-999,-999
26-09-2012 08:00:00 AM,-9.9,992.3,21.6,-999,-999
26-09-2012 09:00:00 AM,-9.4,992.9,22.1,-999,-999
26-09-2012 10:00:00 AM,-8.8,993.8,19.0,-999,-999
26-09-2012 11:00:00 AM,-8.7,994.1,18.8,-999,-999
26-09-2012 12:00:00 PM,-8.9,994.7,14.5,-999,-999
26-09-2012 01:00:00 PM,-9.2,995.2,17.3,-999,-999
26-09-2012 02:00:00 PM,-8.4,995.5,10.9,-999,-999
26-09-2012 03:00:00 PM,-9.4,996.1,14.2,-999,-999
26-09-2012 04:00:00 PM,-9.8,996.3,14.3,-999,-999
26-09-2012 05:00:00 PM,-10.8,996.3,15.2,-999,-999
26-09-2012 06:00:00 PM,-10.7,996.8,8.9,-999,-999
26-09-2012 07:00:00 PM,-13.2,996.3,7.8,-999,-999
26-09-2012 08:00:00 PM,-11.5,996.2,12.7,-999,-999
26-09-2012 09:00:00 PM,-12.9,997.0,18.0,-999,-999
26-09-2012 10:00:00 PM,-12.3,997.0,17.9,-999,-999
26-09-2012 11:00:00 PM,-12.4,997.4,16.0,-999,-999
27-09-2012 12:00:00 AM,-12.4,996.7,18.8,-999,-999
27-09-2012 01:00:00 AM,-12.1,996.0,19.5,-999,-999
27-09-2012 02:00:00 AM,-12.2,995.5,18.8,-999,-999
27-09-2012 03:00:00 AM,-13.3,996.2,17.0,-999,-999
27-09-2012 04:00:00 AM,-13.1,995.8,16.5,-999,-999
27-09-2012 05:00:00 AM,-13.0,995.0,20.9,-999,-999
27-09-2012 06:00:00 AM,-12.7,994.4,19.8,-999,-999
27-09-2012 07:00:00 AM,-13.2,993.6,21.3,-999,-999
27-09-2012 08:00:00 AM,-12.7,992.6,19.1,-999,-999
27-09-2012 09:00:00 AM,-12.8,991.8,16.2,-999,-999
27-09-2012 10:00:00 AM,-13.0,990.5,19.3,-999,-999
27-09-2012 11:00:00 AM,-12.7,989.0,17.9,-999,-999
27-09-2012 12:00:00 PM,-12.4,987.4,18.4,-999,-999
27-09-2012 01:00:00 PM,-12.7,986.1,28.5,-999,-999
27-09-2012 02:00:00 PM,-12.8,984.4,28.6,-999,-999
27-09-2012 03:00:00 PM,-12.2,983.6,30.3,-999,-999
27-09-2012 04:00:00 PM,-12.2,982.4,31.7,-999,-999
27-09-2012 05:00:00 PM,-11.9,981.9,27.8,-999,-999
27-09-2012 06:00:00 PM,-11.5,981.0,31.2,-999,-999
27-09-2012 07:00:00 PM,-11.5,979.6,35.2,-999,-999
27-09-2012 08:00:00 PM,-11.5,978.8,31.1,-999,-999
27-09-2012 09:00:00 PM,-11.2,977.0,34.1,-999,-999
27-09-2012 10:00:00 PM,-11.2,975.5,40.7,-999,-999
27-09-2012 11:00:00 PM,-11.2,973.6,47.1,-999,-999
28-09-2012 12:00:00 AM,-11.3,971.7,43.2,-999,-999
28-09-2012 01:00:00 AM,-11.2,969.3,43.7,-999,-999
28-09-2012 02:00:00 AM,-11.3,968.2,42.2,-999,-999
28-09-2012 03:00:00 AM,-11.1,966.5,42.8,-999,-999
28-09-2012 04:00:00 AM,-10.8,964.5,48.4,-999,-999
28-09-2012 05:00:00 AM,-10.7,962.9,4.5,-999,-999
28-09-2012 06:00:00 AM,-10.6,961.4,4.5,-999,-999
28-09-2012 07:00:00 AM,-10.3,959.8,4.5,-999,-999
28-09-2012 08:00:00 AM,-10.1,959.4,4.5,-999,-999
28-09-2012 09:00:00 AM,-9.8,957.8,4.5,-999,-999
28-09-2012 10:00:00 AM,-9.6,957.4,4.5,-999,-999
28-09-2012 11:00:00 AM,-9.5,956.8,4.5,-999,-999
28-09-2012 12:00:00 PM,-9.4,956.6,4.5,-999,-999
28-09-2012 01:00:00 PM,-9.4,956.7,4.5,-999,-999
28-09-2012 02:00:00 PM,-9.3,957.3,4.5,-999,-999
28-09-2012 03:00:00 PM,-9.2,958.2,4.5,-999,-999
28-09-2012 04:00:00 PM,-8.9,958.9,4.5,-999,-999
28-09-2012 05:00:00 PM,-8.9,960.0,4.5,-999,-999
28-09-2012 06:00:00 PM,-8.9,961.7,4.5,-999,-999
28-09-2012 07:00:00 PM,-8.8,962.9,4.5,-999,-999
28-09-2012 08:00:00 PM,-8.6,963.0,4.5,-999,-999
28-09-2012 09:00:00 PM,-8.5,963.1,4.5,-999,-999
28-09-2012 10:00:00 PM,-8.4,963.5,4.5,-999,-999
28-09-2012 11:00:00 PM,-8.2,963.8,4.5,-999,-999
29-09-2012 12:00:00 AM,-8.0,964.3,4.5,-999,-999
29-09-2012 01:00:00 AM,-8.1,964.6,4.5,-999,-999
29-09-2012 02:00:00 AM,-7.9,964.9,4.5,-999,-999
29-09-2012 03:00:00 AM,-7.8,964.6,4.5,-999,-999
29-09-2012 04:00:00 AM,-7.8,964.0,4.5,-999,-999
29-09-2012 05:00:00 AM,-7.8,964.2,4.5,-999,-999
29-09-2012 06:00:00 AM,-7.7,964.6,4.5,-999,-999
29-09-2012 07:00:00 AM,-7.4,966.5,4.5,-999,-999
29-09-2012 08:00:00 AM,-7.4,966.9,4.5,-999,-999
29-09-2012 09:00:00 AM,-7.2,967.0,4.5,-999,-999
29-09-2012 10:00:00 AM,-7.3,968.3,4.5,-999,-999
29-09-2012 11:00:00 AM,-7.6,971.6,4.5,-999,-999
29-09-2012 12:00:00 PM,-11.3,977.2,4.5,-999,-999
29-09-2012 01:00:00 PM,-12.9,981.3,4.5,-999,-999
29-09-2012 02:00:00 PM,-13.5,982.8,4.5,-999,-999
29-09-2012 03:00:00 PM,-13.6,983.4,4.5,-999,-999
29-09-2012 04:00:00 PM,-13.4,984.1,4.5,-999,-999
29-09-2012 05:00:00 PM,-13.3,984.8,4.5,-999,-999
29-09-2012 06:00:00 PM,-13.2,985.7,4.5,-999,-999
29-09-2012 07:00:00 PM,-13.6,987.1,4.5,-999,-999
29-09-2012 08:00:00 PM,-14.1,988.9,4.5,-999,-999
29-09-2012 09:00:00 PM,-13.0,989.6,4.5,-999,-999
29-09-2012 10:00:00 PM,-13.3,989.5,4.5,-999,-999
29-09-2012 11:00:00 PM,-13.4,990.8,4.5,-999,-999
30-09-2012 12:00:00 AM,-14.0,993.2,4.5,-999,-999
30-09-2012 01:00:00 AM,-14.5,993.7,4.5,-999,-999
30-09-2012 02:00:00 AM,-14.5,993.3,4.5,-999,-999
30-09-2012 03:00:00 AM,-14.9,992.8,4.5,-999,-999
30-09-2012 04:00:00 AM,-14.9,992.4,4.5,-999,-999
30-09-2012 05:00:00 AM,-15.4,992.1,4.5,-999,-999
30-09-2012 06:00:00 AM,-15.1,991.8,4.5,-999,-999
30-09-2012 07:00:00 AM,-14.8,991.1,4.5,-999,-999
30-09-2012 08:00:00 AM,-14.5,990.5,4.5,-999,-999
30-09-2012 09:00:00 AM,-13.9,989.7,4.5,-999,-999
30-09-2012 10:00:00 AM,-13.2,988.6,4.5,-999,-999
30-09-2012 11:00:00 AM,-13.0,987.1,4.5,-999,-999
30-09-2012 12:00:00 PM,-11.7,985.4,4.5,-999,-999
30-09-2012 01:00:00 PM,-11.3,983.6,4.5,-999,-999
30-09-2012 02:00:00 PM,-11.3,981.9,4.5,-999,-999
30-09-2012 03:00:00 PM,-11.6,980.4,4.5,-999,-999
30-09-2012 04:00:00 PM,-11.7,979.2,4.5,-999,-999
30-09-2012 05:00:00 PM,-13.4,977.8,4.5,-999,-999
30-09-2012 06:00:00 PM,-15.4,977.0,4.5,-999,-999
30-09-2012 07:00:00 PM,-16.1,976.1,4.5,-999,-999
30-09-2012 08:00:00 PM,-16.2,975.4,4.5,-999,-999
30-09-2012 09:00:00 PM,-16.2,974.5,4.5,-999,-999
30-09-2012 10:00:00 PM,-16.3,973.4,4.5,-999,-999
30-09-2012 11:00:00 PM,-16.4,972.7,4.5,-999,-999
01-10-2012 12:00:00 AM,-16.3,972.3,4.5,-999,-999
01-10-2012 01:00:00 AM,-16.6,972.3,4.4,-999,-999
01-10-2012 02:00:00 AM,-17.0,971.4,4.5,-999,-999
01-10-2012 03:00:00 AM,-16.5,971.1,4.5,-999,-999
01-10-2012 04:00:00 AM,-16.7,970.7,4.4,-999,-999
01-10-2012 05:00:00 AM,-17.6,970.1,4.5,-999,-999
01-10-2012 06:00:00 AM,-18.1,969.6,4.5,-999,-999
01-10-2012 07:00:00 AM,-17.7,968.9,4.5,-999,-999
01-10-2012 08:00:00 AM,-16.6,968.5,4.5,-999,-999
01-10-2012 09:00:00 AM,-15.2,968.3,4.5,-999,-999
01-10-2012 10:00:00 AM,-14.1,968.1,4.5,-999,-999
01-10-2012 11:00:00 AM,-13.8,967.7,4.5,-999,-999
01-10-2012 12:00:00 PM,-13.2,967.7,4.5,-999,-999
01-10-2012 01:00:00 PM,-12.9,967.5,4.5,-999,-999
01-10-2012 02:00:00 PM,-13.0,967.2,4.5,-999,-999
01-10-2012 03:00:00 PM,-13.1,966.9,4.5,-999,-999
01-10-2012 04:00:00 PM,-13.5,966.5,4.5,-999,-999
01-10-2012 05:00:00 PM,-14.4,966.0,4.4,-999,-999
01-10-2012 06:00:00 PM,-16.0,966.1,4.4,-999,-999
01-10-2012 07:00:00 PM,-16.9,966.0,4.4,-999,-999
01-10-2012 08:00:00 PM,-11.9,966.0,4.5,-999,-999
01-10-2012 09:00:00 PM,-9.8,966.2,4.5,-999,-999
01-10-2012 10:00:00 PM,-9.6,966.7,4.5,-999,-999
01-10-2012 11:00:00 PM,-9.8,967.5,4.5,-999,-999
02-10-2012 12:00:00 AM,-9.8,968.6,4.5,-999,-999
02-10-2012 01:00:00 AM,-9.9,969.3,4.5,-999,-999
02-10-2012 02:00:00 AM,-9.8,969.6,4.5,-999,-999
02-10-2012 03:00:00 AM,-10.0,970.3,4.5,-999,-999
02-10-2012 04:00:00 AM,-9.9,970.6,4.5,-999,-999
02-10-2012 05:00:00 AM,-9.8,971.4,4.5,-999,-999
02-10-2012 06:00:00 AM,-9.8,971.7,4.5,-999,-999
02-10-2012 07:00:00 AM,-9.5,972.5,4.5,-999,-999
02-10-2012 08:00:00 AM,-9.5,973.3,4.5,-999,-999
02-10-2012 09:00:00 AM,-9.3,973.9,4.5,-999,-999
02-10-2012 10:00:00 AM,-8.8,973.7,4.5,-999,-999
02-10-2012 11:00:00 AM,-8.6,974.1,4.5,-999,-999
02-10-2012 12:00:00 PM,-8.0,974.6,4.5,-999,-999
02-10-2012 01:00:00 PM,-7.7,975.0,4.5,-999,-999
02-10-2012 02:00:00 PM,-7.7,975.2,4.5,-999,-999
02-10-2012 03:00:00 PM,-8.2,975.0,4.5,-999,-999
02-10-2012 04:00:00 PM,-8.8,974.7,4.5,-999,-999
02-10-2012 05:00:00 PM,-9.4,976.0,4.5,-999,-999
02-10-2012 06:00:00 PM,-9.8,976.8,4.5,-999,-999
02-10-2012 07:00:00 PM,-11.0,976.7,4.5,-999,-999
02-10-2012 08:00:00 PM,-11.3,977.4,4.5,-999,-999
02-10-2012 09:00:00 PM,-10.3,978.0,4.5,-999,-999
02-10-2012 10:00:00 PM,-10.1,978.6,4.5,-999,-999
02-10-2012 11:00:00 PM,-11.3,979.2,4.5,-999,-999
03-10-2012 12:00:00 AM,-11.3,980.0,4.5,-999,-999
03-10-2012 01:00:00 AM,-11.3,980.5,4.5,-999,-999
03-10-2012 02:00:00 AM,-12.0,980.6,4.5,-999,-999
03-10-2012 03:00:00 AM,-12.6,981.3,4.5,-999,-999
03-10-2012 04:00:00 AM,-13.1,981.3,4.5,-999,-999
03-10-2012 05:00:00 AM,-12.5,981.8,4.5,-999,-999
03-10-2012 06:00:00 AM,-12.0,982.5,4.5,-999,-999
03-10-2012 07:00:00 AM,-11.9,982.9,4.5,-999,-999
03-10-2012 08:00:00 AM,-10.9,983.1,4.5,-999,-999
03-10-2012 09:00:00 AM,-9.6,983.3,4.5,-999,-999
03-10-2012 10:00:00 AM,-8.7,983.2,4.5,-999,-999
03-10-2012 11:00:00 AM,-8.2,983.3,4.5,-999,-999
03-10-2012 12:00:00 PM,-7.9,983.4,4.5,-999,-999
03-10-2012 01:00:00 PM,-8.1,983.1,4.5,-999,-999
03-10-2012 02:00:00 PM,-8.4,982.8,4.5,-999,-999
03-10-2012 03:00:00 PM,-8.8,982.5,4.5,-999,-999
03-10-2012 04:00:00 PM,-9.3,982.4,4.5,-999,-999
03-10-2012 05:00:00 PM,-9.4,982.1,4.5,-999,-999
03-10-2012 06:00:00 PM,-10.1,982.0,4.5,-999,-999
03-10-2012 07:00:00 PM,-10.1,982.1,4.5,-999,-999
03-10-2012 08:00:00 PM,-10.5,982.2,4.5,-999,-999
03-10-2012 09:00:00 PM,-10.3,982.0,4.5,-999,-999
03-10-2012 10:00:00 PM,-10.6,982.2,4.5,-999,-999
03-10-2012 11:00:00 PM,-9.9,982.4,4.5,-999,-999
04-10-2012 12:00:00 AM,-10.6,982.6,4.5,-999,-999
04-10-2012 01:00:00 AM,-10.6,982.6,4.5,-999,-999
04-10-2012 02:00:00 AM,-10.7,982.3,4.5,-999,-999
04-10-2012 03:00:00 AM,-10.9,982.4,4.5,-999,-999
04-10-2012 04:00:00 AM,-10.8,982.3,4.5,-999,-999
04-10-2012 05:00:00 AM,-11.3,982.4,4.5,-999,-999
04-10-2012 06:00:00 AM,-10.8,982.4,4.5,-999,-999
04-10-2012 07:00:00 AM,-10.7,982.5,4.5,-999,-999
04-10-2012 08:00:00 AM,-10.5,982.4,4.5,-999,-999
04-10-2012 09:00:00 AM,-10.4,982.9,4.5,-999,-999
04-10-2012 10:00:00 AM,-10.2,983.2,4.5,-999,-999
04-10-2012 11:00:00 AM,-10.4,983.1,4.5,-999,-999
04-10-2012 12:00:00 PM,-10.2,983.1,4.5,-999,-999
04-10-2012 01:00:00 PM,-9.9,982.7,4.5,-999,-999
04-10-2012 02:00:00 PM,-10.2,982.9,4.5,-999,-999
04-10-2012 03:00:00 PM,-10.4,982.7,4.5,-999,-999
04-10-2012 04:00:00 PM,-11.1,982.5,4.5,-999,-999
04-10-2012 05:00:00 PM,-11.7,982.3,4.5,-999,-999
04-10-2012 06:00:00 PM,-11.5,982.2,4.5,-999,-999
04-10-2012 07:00:00 PM,-11.6,982.2,4.5,-999,-999
04-10-2012 08:00:00 PM,-12.2,982.0,4.5,-999,-999
04-10-2012 09:00:00 PM,-12.2,981.7,4.5,-999,-999
04-10-2012 10:00:00 PM,-12.7,981.3,4.5,-999,-999
04-10-2012 11:00:00 PM,-14.2,980.5,4.5,-999,-999
05-10-2012 12:00:00 AM,-13.3,980.4,4.5,-999,-999
05-10-2012 01:00:00 AM,-12.5,980.4,4.5,-999,-999
05-10-2012 02:00:00 AM,-13.2,980.0,4.5,-999,-999
05-10-2012 03:00:00 AM,-16.3,980.3,4.5,-999,-999
05-10-2012 04:00:00 AM,-15.7,979.5,4.5,-999,-999
05-10-2012 05:00:00 AM,-13.7,979.3,4.5,-999,-999
05-10-2012 06:00:00 AM,-17.9,979.8,4.5,-999,-999
05-10-2012 07:00:00 AM,-14.6,979.5,4.5,-999,-999
05-10-2012 08:00:00 AM,-14.1,979.5,4.5,-999,-999
05-10-2012 09:00:00 AM,-12.5,979.4,4.5,-999,-999
05-10-2012 10:00:00 AM,-11.9,979.1,4.5,-999,-999
05-10-2012 11:00:00 AM,-11.1,979.0,4.5,-999,-999
05-10-2012 12:00:00 PM,-8.8,979.2,4.5,-999,-999
05-10-2012 01:00:00 PM,-8.5,979.0,4.5,-999,-999
05-10-2012 02:00:00 PM,-9.6,979.0,4.5,-999,-999
05-10-2012 03:00:00 PM,-10.6,978.6,4.5,-999,-999
05-10-2012 04:00:00 PM,-12.2,978.2,4.5,-999,-999
05-10-2012 05:00:00 PM,-13.7,978.4,4.5,-999,-999
05-10-2012 06:00:00 PM,-15.5,978.5,4.5,-999,-999
05-10-2012 07:00:00 PM,-15.6,978.6,4.5,-999,-999
05-10-2012 08:00:00 PM,-14.2,979.0,4.5,-999,-999
05-10-2012 09:00:00 PM,-15.1,979.0,4.5,-999,-999
05-10-2012 10:00:00 PM,-13.8,979.2,4.5,-999,-999
05-10-2012 11:00:00 PM,-12.7,979.6,4.5,-999,-999
06-10-2012 12:00:00 AM,-14.3,979.8,4.5,-999,-999
06-10-2012 01:00:00 AM,-13.7,980.4,4.5,-999,-999
06-10-2012 02:00:00 AM,-14.7,980.9,4.5,-999,-999
06-10-2012 03:00:00 AM,-16.0,980.9,4.5,-999,-999
06-10-2012 04:00:00 AM,-15.9,981.1,4.5,-999,-999
06-10-2012 05:00:00 AM,-18.2,982.3,4.5,-999,-999
06-10-2012 06:00:00 AM,-16.6,982.4,4.5,-999,-999
06-10-2012 07:00:00 AM,-14.7,983.3,4.5,-999,-999
06-10-2012 08:00:00 AM,-15.0,983.3,4.5,-999,-999
06-10-2012 09:00:00 AM,-15.8,983.7,4.5,-999,-999
06-10-2012 10:00:00 AM,-16.6,983.9,4.5,-999,-999
06-10-2012 11:00:00 AM,-15.8,984.1,4.5,-999,-999
06-10-2012 12:00:00 PM,-15.0,983.9,4.5,-999,-999
06-10-2012 01:00:00 PM,-14.0,984.2,4.5,-999,-999
06-10-2012 02:00:00 PM,-16.4,983.9,4.5,-999,-999
06-10-2012 03:00:00 PM,-16.0,983.5,4.5,-999,-999
06-10-2012 04:00:00 PM,-15.9,983.6,4.5,-999,-999
06-10-2012 05:00:00 PM,-16.4,983.3,4.5,-999,-999
06-10-2012 06:00:00 PM,-16.7,983.4,4.5,-999,-999
06-10-2012 07:00:00 PM,-18.4,983.3,4.4,-999,-999
06-10-2012 08:00:00 PM,-19.0,983.2,4.4,-999,-999
06-10-2012 09:00:00 PM,-18.5,983.3,4.4,-999,-999
06-10-2012 10:00:00 PM,-19.3,983.1,4.4,-999,-999
06-10-2012 11:00:00 PM,-18.3,982.7,4.4,-999,-999
07-10-2012 12:00:00 AM,-18.5,982.3,4.4,-999,-999
07-10-2012 01:00:00 AM,-18.4,982.0,4.4,-999,-999
07-10-2012 02:00:00 AM,-19.1,982.1,4.4,-999,-999
07-10-2012 03:00:00 AM,-18.4,981.4,4.4,-999,-999
07-10-2012 04:00:00 AM,-18.1,980.9,4.4,-999,-999
07-10-2012 05:00:00 AM,-17.9,980.2,4.5,-999,-999
07-10-2012 06:00:00 AM,-16.9,980.1,4.5,-999,-999
07-10-2012 07:00:00 AM,-16.4,979.8,4.5,-999,-999
07-10-2012 08:00:00 AM,-16.5,979.4,4.5,-999,-999
07-10-2012 09:00:00 AM,-14.0,979.1,4.5,-999,-999
07-10-2012 10:00:00 AM,-14.3,978.6,4.5,-999,-999
07-10-2012 11:00:00 AM,-14.2,978.2,4.5,-999,-999
07-10-2012 12:00:00 PM,-14.5,977.3,4.5,-999,-999
07-10-2012 01:00:00 PM,-15.1,976.9,4.5,-999,-999
07-10-2012 02:00:00 PM,-15.1,976.5,4.5,-999,-999
07-10-2012 03:00:00 PM,-16.0,976.1,4.5,-999,-999
07-10-2012 04:00:00 PM,-16.1,975.7,4.5,-999,-999
07-10-2012 05:00:00 PM,-16.6,975.0,4.5,-999,-999
07-10-2012 06:00:00 PM,-17.4,975.0,4.4,-999,-999
07-10-2012 07:00:00 PM,-17.7,975.2,4.4,-999,-999
07-10-2012 08:00:00 PM,-18.5,975.1,4.4,-999,-999
07-10-2012 09:00:00 PM,-19.0,974.9,4.4,-999,-999
07-10-2012 10:00:00 PM,-19.2,974.8,4.4,-999,-999
07-10-2012 11:00:00 PM,-20.2,974.9,4.4,-999,-999
08-10-2012 12:00:00 AM,-21.3,974.8,4.4,-999,-999
08-10-2012 01:00:00 AM,-22.4,974.9,4.4,-999,-999
08-10-2012 02:00:00 AM,-22.1,974.9,4.4,-999,-999
08-10-2012 03:00:00 AM,-21.9,975.2,4.4,-999,-999
08-10-2012 04:00:00 AM,-23.0,975.6,4.4,-999,-999
08-10-2012 05:00:00 AM,-23.0,975.8,4.4,-999,-999
08-10-2012 06:00:00 AM,-21.8,976.0,4.5,-999,-999
08-10-2012 07:00:00 AM,-20.2,976.5,4.5,-999,-999
08-10-2012 08:00:00 AM,-19.4,976.9,4.5,-999,-999
08-10-2012 09:00:00 AM,-18.0,977.3,4.5,-999,-999
08-10-2012 10:00:00 AM,-15.6,977.6,4.5,-999,-999
08-10-2012 11:00:00 AM,-14.4,977.9,4.5,-999,-999
08-10-2012 12:00:00 PM,-14.5,977.9,4.5,-999,-999
08-10-2012 01:00:00 PM,-14.6,978.2,4.5,-999,-999
08-10-2012 02:00:00 PM,-13.7,978.5,4.5,-999,-999
08-10-2012 03:00:00 PM,-15.4,979.0,4.5,-999,-999
08-10-2012 04:00:00 PM,-16.5,979.3,4.5,-999,-999
08-10-2012 05:00:00 PM,-16.9,979.5,4.5,-999,-999
08-10-2012 06:00:00 PM,-18.5,980.0,4.4,-999,-999
08-10-2012 07:00:00 PM,-18.6,980.6,4.4,-999,-999
08-10-2012 08:00:00 PM,-19.3,981.2,4.4,-999,-999
08-10-2012 09:00:00 PM,-20.1,981.6,4.4,-999,-999
08-10-2012 10:00:00 PM,-20.3,982.1,4.4,-999,-999
08-10-2012 11:00:00 PM,-19.5,982.2,4.4,-999,-999
09-10-2012 12:00:00 AM,-19.4,982.6,4.4,-999,-999
09-10-2012 01:00:00 AM,-19.2,982.8,4.4,-999,-999
09-10-2012 02:00:00 AM,-19.3,983.3,4.4,-999,-999
09-10-2012 03:00:00 AM,-19.3,983.7,4.4,-999,-999
09-10-2012 04:00:00 AM,-19.2,984.4,4.4,-999,-999
09-10-2012 05:00:00 AM,-18.4,984.6,4.5,-999,-999
09-10-2012 06:00:00 AM,-18.0,985.2,4.5,-999,-999
09-10-2012 07:00:00 AM,-17.1,985.8,4.5,-999,-999
09-10-2012 08:00:00 AM,-16.2,986.3,4.5,-999,-999
09-10-2012 09:00:00 AM,-16.0,986.7,4.5,-999,-999
09-10-2012 10:00:00 AM,-15.7,986.9,4.5,-999,-999
09-10-2012 11:00:00 AM,-15.2,987.4,4.5,-999,-999
09-10-2012 12:00:00 PM,-15.2,987.7,4.5,-999,-999
09-10-2012 01:00:00 PM,-15.9,987.9,4.5,-999,-999
09-10-2012 02:00:00 PM,-16.0,988.0,4.5,-999,-999
09-10-2012 03:00:00 PM,-16.3,988.0,4.5,-999,-999
09-10-2012 04:00:00 PM,-16.8,988.3,4.5,-999,-999
09-10-2012 05:00:00 PM,-17.1,988.8,4.5,-999,-999
09-10-2012 06:00:00 PM,-17.4,989.0,4.4,-999,-999
09-10-2012 07:00:00 PM,-17.5,989.4,4.4,-999,-999
09-10-2012 08:00:00 PM,-17.6,989.3,4.4,-999,-999
09-10-2012 09:00:00 PM,-17.5,989.0,4.4,-999,-999
09-10-2012 10:00:00 PM,-17.3,988.5,4.4,-999,-999
09-10-2012 11:00:00 PM,-17.5,988.7,4.4,-999,-999
10-10-2012 12:00:00 AM,-17.8,988.6,4.4,-999,-999
10-10-2012 01:00:00 AM,-17.6,988.3,4.4,-999,-999
10-10-2012 02:00:00 AM,-17.9,987.9,4.4,-999,-999
10-10-2012 03:00:00 AM,-17.8,987.4,4.4,-999,-999
10-10-2012 04:00:00 AM,-18.4,987.1,4.4,-999,-999
10-10-2012 05:00:00 AM,-17.4,986.6,4.5,-999,-999
10-10-2012 06:00:00 AM,-17.9,986.4,4.5,-999,-999
10-10-2012 07:00:00 AM,-16.9,986.0,4.5,-999,-999
10-10-2012 08:00:00 AM,-17.8,985.9,4.5,-999,-999
10-10-2012 09:00:00 AM,-15.2,985.0,4.5,-999,-999
10-10-2012 10:00:00 AM,-14.7,984.7,4.5,-999,-999
10-10-2012 11:00:00 AM,-15.0,984.1,4.5,-999,-999
10-10-2012 12:00:00 PM,-15.5,983.7,4.5,-999,-999
10-10-2012 01:00:00 PM,-14.2,982.9,4.5,-999,-999
10-10-2012 02:00:00 PM,-13.8,981.0,4.5,-999,-999
10-10-2012 03:00:00 PM,-14.7,980.4,4.5,-999,-999
10-10-2012 04:00:00 PM,-13.4,979.9,4.5,-999,-999
10-10-2012 05:00:00 PM,-14.8,979.4,4.5,-999,-999
10-10-2012 06:00:00 PM,-14.8,978.5,4.5,-999,-999
10-10-2012 07:00:00 PM,-14.0,977.5,4.5,-999,-999
10-10-2012 08:00:00 PM,-12.9,976.8,4.5,-999,-999
10-10-2012 09:00:00 PM,-12.6,975.9,4.5,-999,-999
10-10-2012 10:00:00 PM,-13.0,975.4,4.5,-999,-999
10-10-2012 11:00:00 PM,-12.6,974.8,4.5,-999,-999
11-10-2012 12:00:00 AM,-12.8,973.5,4.5,-999,-999
11-10-2012 01:00:00 AM,-12.6,971.8,4.5,-999,-999
11-10-2012 02:00:00 AM,-12.3,971.7,4.5,-999,-999
11-10-2012 03:00:00 AM,-11.7,971.1,4.5,-999,-999
11-10-2012 04:00:00 AM,-11.7,970.8,4.5,-999,-999
11-10-2012 05:00:00 AM,-12.5,971.1,4.5,-999,-999
11-10-2012 06:00:00 AM,-11.5,970.3,4.5,-999,-999
11-10-2012 07:00:00 AM,-11.7,971.1,4.5,-999,-999
11-10-2012 08:00:00 AM,-11.5,970.3,4.5,-999,-999
11-10-2012 09:00:00 AM,-11.6,969.9,4.5,-999,-999
11-10-2012 10:00:00 AM,-11.2,969.7,4.5,-999,-999
11-10-2012 11:00:00 AM,-10.7,969.9,4.5,-999,-999
11-10-2012 12:00:00 PM,-11.2,969.9,4.5,-999,-999
11-10-2012 01:00:00 PM,-11.1,969.9,4.5,-999,-999
11-10-2012 02:00:00 PM,-11.3,970.2,4.5,-999,-999
11-10-2012 03:00:00 PM,-11.2,969.6,4.5,-999,-999
11-10-2012 04:00:00 PM,-11.1,969.3,4.5,-999,-999
11-10-2012 05:00:00 PM,-10.9,969.4,4.5,-999,-999
11-10-2012 06:00:00 PM,-11.0,969.7,4.5,-999,-999
11-10-2012 07:00:00 PM,-11.2,969.9,4.5,-999,-999
11-10-2012 08:00:00 PM,-10.9,969.8,4.5,-999,-999
11-10-2012 09:00:00 PM,-10.7,970.5,4.5,-999,-999
11-10-2012 10:00:00 PM,-10.6,970.4,4.5,-999,-999
11-10-2012 11:00:00 PM,-10.1,969.8,4.5,-999,-999
12-10-2012 12:00:00 AM,-9.8,970.4,4.5,-999,-999
12-10-2012 01:00:00 AM,-9.9,971.4,4.5,-999,-999
12-10-2012 02:00:00 AM,-10.4,971.8,4.5,-999,-999
12-10-2012 03:00:00 AM,-10.5,972.1,4.5,-999,-999
12-10-2012 04:00:00 AM,-10.4,972.5,4.5,-999,-999
12-10-2012 05:00:00 AM,-10.3,973.1,4.5,-999,-999
12-10-2012 06:00:00 AM,-9.8,973.6,4.5,-999,-999
12-10-2012 07:00:00 AM,-9.1,973.4,4.5,-999,-999
12-10-2012 08:00:00 AM,-8.6,972.8,4.5,-999,-999
12-10-2012 09:00:00 AM,-8.6,973.6,4.5,-999,-999
12-10-2012 10:00:00 AM,-8.5,974.5,4.5,-999,-999
12-10-2012 11:00:00 AM,-8.4,974.9,4.5,-999,-999
12-10-2012 12:00:00 PM,-8.0,974.7,4.5,-999,-999
12-10-2012 01:00:00 PM,-7.3,974.3,4.5,-999,-999
12-10-2012 02:00:00 PM,-6.8,974.6,4.5,-999,-999
12-10-2012 03:00:00 PM,-6.5,974.3,4.5,-999,-999
12-10-2012 04:00:00 PM,-6.1,974.7,4.5,-999,-999
12-10-2012 05:00:00 PM,-6.5,975.1,4.5,-999,-999
12-10-2012 06:00:00 PM,-6.8,975.4,4.5,-999,-999
12-10-2012 07:00:00 PM,-7.1,975.0,4.5,-999,-999
12-10-2012 08:00:00 PM,-6.2,974.8,4.5,-999,-999
12-10-2012 09:00:00 PM,-6.2,975.5,4.5,-999,-999
12-10-2012 10:00:00 PM,-6.0,975.9,4.5,-999,-999
12-10-2012 11:00:00 PM,-6.4,976.3,4.5,-999,-999
13-10-2012 12:00:00 AM,-6.2,976.4,4.5,-999,-999
13-10-2012 01:00:00 AM,-6.7,976.5,4.5,-999,-999
13-10-2012 02:00:00 AM,-7.3,977.0,4.5,-999,-999
13-10-2012 03:00:00 AM,-7.8,976.9,4.5,-999,-999
13-10-2012 04:00:00 AM,-8.0,977.1,4.5,-999,-999
13-10-2012 05:00:00 AM,-8.2,977.2,4.5,-999,-999
13-10-2012 06:00:00 AM,-8.1,977.8,4.5,-999,-999
13-10-2012 07:00:00 AM,-7.7,978.3,4.5,-999,-999
13-10-2012 08:00:00 AM,-7.7,978.5,4.5,-999,-999
13-10-2012 09:00:00 AM,-7.3,978.3,4.5,-999,-999
13-10-2012 10:00:00 AM,-7.7,978.6,4.5,-999,-999
13-10-2012 11:00:00 AM,-7.8,978.6,4.5,-999,-999
13-10-2012 12:00:00 PM,-7.7,978.1,4.5,-999,-999
13-10-2012 01:00:00 PM,-8.0,978.8,4.5,-999,-999
13-10-2012 02:00:00 PM,-7.2,979.6,4.5,-999,-999
13-10-2012 03:00:00 PM,-7.1,979.7,4.5,-999,-999
13-10-2012 04:00:00 PM,-7.3,979.4,4.5,-999,-999
13-10-2012 05:00:00 PM,-8.1,979.6,4.5,-999,-999
13-10-2012 06:00:00 PM,-8.4,980.2,4.5,-999,-999
13-10-2012 07:00:00 PM,-8.4,980.7,4.5,-999,-999
13-10-2012 08:00:00 PM,-8.3,980.6,4.5,-999,-999
13-10-2012 09:00:00 PM,-8.3,980.0,4.5,-999,-999
13-10-2012 10:00:00 PM,-8.4,980.1,4.5,-999,-999
13-10-2012 11:00:00 PM,-8.3,980.2,4.5,-999,-999
14-10-2012 12:00:00 AM,-8.3,980.6,4.5,-999,-999
14-10-2012 01:00:00 AM,-8.4,980.7,4.5,-999,-999
14-10-2012 02:00:00 AM,-8.7,981.0,4.5,-999,-999
14-10-2012 03:00:00 AM,-8.8,981.5,4.5,-999,-999
14-10-2012 04:00:00 AM,-9.1,981.6,4.5,-999,-999
14-10-2012 05:00:00 AM,-9.1,981.8,4.5,-999,-999
14-10-2012 06:00:00 AM,-9.1,981.9,4.5,-999,-999
14-10-2012 07:00:00 AM,-8.8,981.9,4.5,-999,-999
14-10-2012 08:00:00 AM,-8.1,982.0,4.5,-999,-999
14-10-2012 09:00:00 AM,-7.6,982.0,4.5,-999,-999
14-10-2012 10:00:00 AM,-7.2,982.0,4.5,-999,-999
14-10-2012 11:00:00 AM,-7.7,982.3,4.5,-999,-999
14-10-2012 12:00:00 PM,-7.7,982.3,4.5,-999,-999
14-10-2012 01:00:00 PM,-7.8,982.6,4.5,-999,-999
14-10-2012 02:00:00 PM,-7.8,982.8,4.5,-999,-999
14-10-2012 03:00:00 PM,-7.0,982.6,4.5,-999,-999
14-10-2012 04:00:00 PM,-9.0,982.5,4.5,-999,-999
14-10-2012 05:00:00 PM,-9.9,982.3,4.5,-999,-999
14-10-2012 06:00:00 PM,-9.8,982.7,4.5,-999,-999
14-10-2012 07:00:00 PM,-10.1,983.1,4.5,-999,-999
14-10-2012 08:00:00 PM,-10.6,983.2,4.5,-999,-999
14-10-2012 09:00:00 PM,-12.7,983.2,4.5,-999,-999
14-10-2012 10:00:00 PM,-12.5,983.2,4.5,-999,-999
14-10-2012 11:00:00 PM,-11.3,983.4,4.5,-999,-999
15-10-2012 12:00:00 AM,-10.9,983.2,4.5,-999,-999
15-10-2012 01:00:00 AM,-11.0,983.7,4.5,-999,-999
15-10-2012 02:00:00 AM,-11.3,983.8,4.5,-999,-999
15-10-2012 03:00:00 AM,-11.4,983.8,4.5,-999,-999
15-10-2012 04:00:00 AM,-11.5,984.2,4.5,-999,-999
15-10-2012 05:00:00 AM,-11.3,984.3,4.5,-999,-999
15-10-2012 06:00:00 AM,-11.0,984.1,4.5,-999,-999
15-10-2012 07:00:00 AM,-9.9,984.2,4.5,-999,-999
15-10-2012 08:00:00 AM,-9.0,984.1,4.5,-999,-999
15-10-2012 09:00:00 AM,-9.4,984.5,4.5,-999,-999
15-10-2012 10:00:00 AM,-9.3,984.3,4.5,-999,-999
15-10-2012 11:00:00 AM,-8.9,984.2,4.5,-999,-999
15-10-2012 12:00:00 PM,-8.2,983.9,4.5,-999,-999
15-10-2012 01:00:00 PM,-9.1,984.2,4.5,-999,-999
15-10-2012 02:00:00 PM,-8.3,982.9,4.5,-999,-999
15-10-2012 03:00:00 PM,-9.2,982.9,4.5,-999,-999
15-10-2012 04:00:00 PM,-11.1,982.6,4.5,-999,-999
15-10-2012 05:00:00 PM,-11.3,982.9,4.5,-999,-999
15-10-2012 06:00:00 PM,-10.8,982.7,4.5,-999,-999
15-10-2012 07:00:00 PM,-10.6,982.7,4.5,-999,-999
15-10-2012 08:00:00 PM,-10.2,982.5,4.5,-999,-999
15-10-2012 09:00:00 PM,-10.5,982.9,4.5,-999,-999
15-10-2012 10:00:00 PM,-10.2,982.5,4.5,-999,-999
15-10-2012 11:00:00 PM,-10.1,983.0,4.5,-999,-999
16-10-2012 12:00:00 AM,-10.6,983.0,4.5,-999,-999
16-10-2012 01:00:00 AM,-11.1,983.8,4.5,-999,-999
16-10-2012 02:00:00 AM,-11.5,983.5,4.5,-999,-999
16-10-2012 03:00:00 AM,-10.7,983.1,4.5,-999,-999
16-10-2012 04:00:00 AM,-10.5,982.5,4.5,-999,-999
16-10-2012 05:00:00 AM,-9.7,981.5,4.5,-999,-999
16-10-2012 06:00:00 AM,-9.5,982.4,4.5,-999,-999
16-10-2012 07:00:00 AM,-9.4,982.8,4.5,-999,-999
16-10-2012 08:00:00 AM,-9.1,983.1,4.5,-999,-999
16-10-2012 09:00:00 AM,-9.8,984.0,4.5,-999,-999
16-10-2012 10:00:00 AM,-10.4,984.8,4.5,-999,-999
16-10-2012 11:00:00 AM,-10.1,984.9,4.5,-999,-999
16-10-2012 12:00:00 PM,-9.8,985.3,4.5,-999,-999
16-10-2012 01:00:00 PM,-9.9,986.2,4.5,-999,-999
16-10-2012 02:00:00 PM,-9.6,986.9,4.5,-999,-999
16-10-2012 03:00:00 PM,-9.5,987.8,4.5,-999,-999
16-10-2012 04:00:00 PM,-9.7,988.8,4.5,-999,-999
16-10-2012 05:00:00 PM,-9.9,989.9,4.5,-999,-999
16-10-2012 06:00:00 PM,-10.0,991.0,4.5,-999,-999
16-10-2012 07:00:00 PM,-10.8,992.1,4.5,-999,-999
16-10-2012 08:00:00 PM,-11.1,993.2,4.5,-999,-999
16-10-2012 09:00:00 PM,-11.0,993.7,4.5,-999,-999
16-10-2012 10:00:00 PM,-11.4,994.3,4.5,-999,-999
16-10-2012 11:00:00 PM,-11.6,995.1,4.5,-999,-999
17-10-2012 12:00:00 AM,-12.0,995.8,4.5,-999,-999
17-10-2012 01:00:00 AM,-12.7,996.5,4.5,-999,-999
17-10-2012 02:00:00 AM,-12.7,996.8,4.5,-999,-999
17-10-2012 03:00:00 AM,-12.7,996.9,4.5,-999,-999
17-10-2012 04:00:00 AM,-12.7,997.1,4.5,-999,-999
17-10-2012 05:00:00 AM,-12.7,996.7,4.5,-999,-999
17-10-2012 06:00:00 AM,-12.6,996.1,4.5,-999,-999
17-10-2012 07:00:00 AM,-11.4,996.6,4.5,-999,-999
17-10-2012 08:00:00 AM,-10.3,995.8,4.5,-999,-999
17-10-2012 09:00:00 AM,-10.3,995.7,4.5,-999,-999
17-10-2012 10:00:00 AM,-10.6,995.3,4.5,-999,-999
17-10-2012 11:00:00 AM,-10.1,994.8,4.5,-999,-999
17-10-2012 12:00:00 PM,-8.8,993.8,4.5,-999,-999
17-10-2012 01:00:00 PM,-8.3,993.3,4.5,-999,-999
17-10-2012 02:00:00 PM,-9.1,992.7,4.5,-999,-999
17-10-2012 03:00:00 PM,-9.7,991.8,4.5,-999,-999
17-10-2012 04:00:00 PM,-9.9,990.7,4.5,-999,-999
17-10-2012 05:00:00 PM,-9.2,989.6,4.5,-999,-999
17-10-2012 06:00:00 PM,-10.3,988.5,4.5,-999,-999
17-10-2012 07:00:00 PM,-10.1,987.3,4.5,-999,-999
17-10-2012 08:00:00 PM,-9.5,985.8,4.5,-999,-999
17-10-2012 09:00:00 PM,-9.4,985.2,4.5,-999,-999
17-10-2012 10:00:00 PM,-8.8,983.7,4.5,-999,-999
17-10-2012 11:00:00 PM,-9.2,982.8,4.5,-999,-999
18-10-2012 12:00:00 AM,-8.6,980.6,4.5,-999,-999
18-10-2012 01:00:00 AM,-7.9,979.0,4.5,-999,-999
18-10-2012 02:00:00 AM,-9.2,977.4,4.5,-999,-999
18-10-2012 03:00:00 AM,-8.8,975.7,4.5,-999,-999
18-10-2012 04:00:00 AM,-8.8,974.5,4.5,-999,-999
18-10-2012 05:00:00 AM,-8.6,973.7,4.5,-999,-999
18-10-2012 06:00:00 AM,-8.3,972.6,4.5,-999,-999
18-10-2012 07:00:00 AM,-8.0,972.9,4.5,-999,-999
18-10-2012 08:00:00 AM,-8.0,973.3,4.5,-999,-999
18-10-2012 09:00:00 AM,-7.9,972.4,4.5,-999,-999
18-10-2012 10:00:00 AM,-7.7,972.3,4.5,-999,-999
18-10-2012 11:00:00 AM,-8.1,972.3,4.5,-999,-999
18-10-2012 12:00:00 PM,-8.0,971.8,4.5,-999,-999
18-10-2012 01:00:00 PM,-7.9,970.8,4.5,-999,-999
18-10-2012 02:00:00 PM,-7.5,970.2,4.5,-999,-999
18-10-2012 03:00:00 PM,-7.6,970.0,4.5,-999,-999
18-10-2012 04:00:00 PM,-7.5,970.3,4.5,-999,-999
18-10-2012 05:00:00 PM,-7.5,970.7,4.5,-999,-999
18-10-2012 06:00:00 PM,-7.5,970.8,4.5,-999,-999
18-10-2012 07:00:00 PM,-7.6,970.1,4.5,-999,-999
18-10-2012 08:00:00 PM,-7.5,969.6,4.5,-999,-999
18-10-2012 09:00:00 PM,-7.3,969.2,4.5,-999,-999
18-10-2012 10:00:00 PM,-7.2,969.0,4.5,-999,-999
18-10-2012 11:00:00 PM,-7.5,969.3,4.5,-999,-999
19-10-2012 12:00:00 AM,-7.5,969.0,4.5,-999,-999
19-10-2012 01:00:00 AM,-7.9,968.8,4.5,-999,-999
19-10-2012 02:00:00 AM,-8.1,968.5,4.5,-999,-999
19-10-2012 03:00:00 AM,-8.2,968.0,4.5,-999,-999
19-10-2012 04:00:00 AM,-8.1,968.5,4.5,-999,-999
19-10-2012 05:00:00 AM,-8.4,969.0,4.5,-999,-999
19-10-2012 06:00:00 AM,-8.3,969.8,4.5,-999,-999
19-10-2012 07:00:00 AM,-8.2,970.5,4.5,-999,-999
19-10-2012 08:00:00 AM,-7.9,970.8,4.5,-999,-999
19-10-2012 09:00:00 AM,-7.8,971.2,4.5,-999,-999
19-10-2012 10:00:00 AM,-7.6,971.3,4.5,-999,-999
19-10-2012 11:00:00 AM,-7.1,971.7,4.5,-999,-999
19-10-2012 12:00:00 PM,-6.5,972.0,4.5,-999,-999
19-10-2012 01:00:00 PM,-6.2,971.8,4.5,-999,-999
19-10-2012 02:00:00 PM,-5.7,971.9,4.5,-999,-999
19-10-2012 03:00:00 PM,-5.4,972.2,4.5,-999,-999
19-10-2012 04:00:00 PM,-5.2,971.7,4.5,-999,-999
19-10-2012 05:00:00 PM,-5.4,973.2,4.5,-999,-999
19-10-2012 06:00:00 PM,-5.5,974.1,4.5,-999,-999
19-10-2012 07:00:00 PM,-5.8,974.6,4.5,-999,-999
19-10-2012 08:00:00 PM,-5.8,976.4,4.5,-999,-999
19-10-2012 09:00:00 PM,-6.1,976.9,4.5,-999,-999
19-10-2012 10:00:00 PM,-5.8,977.6,4.5,-999,-999
19-10-2012 11:00:00 PM,-5.8,978.6,4.5,-999,-999
20-10-2012 12:00:00 AM,-6.2,979.2,4.5,-999,-999
20-10-2012 01:00:00 AM,-6.4,979.7,4.5,-999,-999
20-10-2012 02:00:00 AM,-6.5,980.3,4.5,-999,-999
20-10-2012 03:00:00 AM,-6.2,981.3,4.5,-999,-999
20-10-2012 04:00:00 AM,-6.1,983.4,4.5,-999,-999
20-10-2012 05:00:00 AM,-5.8,984.4,4.5,-999,-999
20-10-2012 06:00:00 AM,-5.6,986.1,4.5,-999,-999
20-10-2012 07:00:00 AM,-5.2,986.8,4.5,-999,-999
20-10-2012 08:00:00 AM,-5.2,987.2,4.5,-999,-999
20-10-2012 09:00:00 AM,-4.9,988.4,4.5,-999,-999
20-10-2012 10:00:00 AM,-4.6,989.1,4.5,-999,-999
20-10-2012 11:00:00 AM,-3.8,989.4,4.5,-999,-999
20-10-2012 12:00:00 PM,-3.2,989.5,4.5,-999,-999
20-10-2012 01:00:00 PM,-2.9,990.0,4.5,-999,-999
20-10-2012 02:00:00 PM,-2.6,990.0,4.5,-999,-999
20-10-2012 03:00:00 PM,-2.6,990.4,4.5,-999,-999
20-10-2012 04:00:00 PM,-2.8,990.1,4.5,-999,-999
20-10-2012 05:00:00 PM,-4.1,990.2,4.5,-999,-999
20-10-2012 06:00:00 PM,-5.3,989.7,4.5,-999,-999
20-10-2012 07:00:00 PM,-6.4,989.6,4.5,-999,-999
20-10-2012 08:00:00 PM,-7.5,988.4,4.5,-999,-999
20-10-2012 09:00:00 PM,-8.0,988.2,4.5,-999,-999
20-10-2012 10:00:00 PM,-8.2,987.8,4.5,-999,-999
20-10-2012 11:00:00 PM,-9.3,986.6,4.5,-999,-999
21-10-2012 12:00:00 AM,-9.7,986.5,4.5,-999,-999
21-10-2012 01:00:00 AM,-10.4,985.8,4.5,-999,-999
21-10-2012 02:00:00 AM,-10.8,985.6,4.5,-999,-999
21-10-2012 03:00:00 AM,-11.1,985.0,4.5,-999,-999
21-10-2012 04:00:00 AM,-11.2,984.9,4.5,-999,-999
21-10-2012 05:00:00 AM,-11.3,984.9,4.5,-999,-999
21-10-2012 06:00:00 AM,-10.2,985.5,4.5,-999,-999
21-10-2012 07:00:00 AM,-9.2,985.1,4.5,-999,-999
21-10-2012 08:00:00 AM,-8.4,984.3,4.5,-999,-999
21-10-2012 09:00:00 AM,-7.5,984.3,4.5,-999,-999
21-10-2012 10:00:00 AM,-6.7,984.2,4.5,-999,-999
21-10-2012 11:00:00 AM,-6.3,984.7,4.5,-999,-999
21-10-2012 12:00:00 PM,-6.5,984.8,4.5,-999,-999
21-10-2012 01:00:00 PM,-6.4,984.6,4.5,-999,-999
21-10-2012 02:00:00 PM,-6.6,984.2,4.5,-999,-999
21-10-2012 03:00:00 PM,-6.9,984.1,4.5,-999,-999
21-10-2012 04:00:00 PM,-8.0,984.2,4.5,-999,-999
21-10-2012 05:00:00 PM,-7.2,985.2,4.5,-999,-999
21-10-2012 06:00:00 PM,-8.0,985.0,4.5,-999,-999
21-10-2012 07:00:00 PM,-8.9,985.1,4.5,-999,-999
21-10-2012 08:00:00 PM,-8.4,985.6,4.5,-999,-999
21-10-2012 09:00:00 PM,-8.7,986.2,4.5,-999,-999
21-10-2012 10:00:00 PM,-8.9,986.5,4.5,-999,-999
21-10-2012 11:00:00 PM,-8.9,986.5,4.5,-999,-999
22-10-2012 12:00:00 AM,-8.9,987.1,4.5,-999,-999
22-10-2012 01:00:00 AM,-8.8,987.0,4.5,-999,-999
22-10-2012 02:00:00 AM,-8.9,987.4,4.5,-999,-999
22-10-2012 03:00:00 AM,-9.5,987.7,4.5,-999,-999
22-10-2012 04:00:00 AM,-9.7,988.3,4.5,-999,-999
22-10-2012 05:00:00 AM,-9.7,988.8,4.5,-999,-999
22-10-2012 06:00:00 AM,-9.6,988.9,4.5,-999,-999
22-10-2012 07:00:00 AM,-10.0,989.3,4.5,-999,-999
22-10-2012 08:00:00 AM,-9.7,989.2,4.5,-999,-999
22-10-2012 09:00:00 AM,-9.8,989.1,4.5,-999,-999
22-10-2012 10:00:00 AM,-9.5,989.1,4.5,-999,-999
22-10-2012 11:00:00 AM,-9.2,989.1,4.5,-999,-999
22-10-2012 12:00:00 PM,-9.1,989.2,4.5,-999,-999
22-10-2012 01:00:00 PM,-9.3,989.3,4.5,-999,-999
22-10-2012 02:00:00 PM,-9.2,989.7,4.5,-999,-999
22-10-2012 03:00:00 PM,-9.0,989.9,4.5,-999,-999
22-10-2012 04:00:00 PM,-9.3,990.2,4.5,-999,-999
22-10-2012 05:00:00 PM,-10.0,990.5,4.5,-999,-999
22-10-2012 06:00:00 PM,-10.6,990.8,4.5,-999,-999
22-10-2012 07:00:00 PM,-11.1,991.2,4.5,-999,-999
22-10-2012 08:00:00 PM,-11.5,991.5,4.5,-999,-999
22-10-2012 09:00:00 PM,-11.9,991.8,4.5,-999,-999
22-10-2012 10:00:00 PM,-12.2,992.2,4.5,-999,-999
22-10-2012 11:00:00 PM,-12.7,992.6,4.5,-999,-999
23-10-2012 12:00:00 AM,-12.8,992.7,4.5,-999,-999
23-10-2012 01:00:00 AM,-12.9,993.3,4.5,-999,-999
23-10-2012 02:00:00 AM,-13.0,993.5,4.5,-999,-999
23-10-2012 03:00:00 AM,-13.2,993.7,4.5,-999,-999
23-10-2012 04:00:00 AM,-12.9,993.7,4.5,-999,-999
23-10-2012 05:00:00 AM,-12.1,993.6,4.5,-999,-999
23-10-2012 06:00:00 AM,-11.0,993.4,4.5,-999,-999
23-10-2012 07:00:00 AM,-10.5,993.5,4.5,-999,-999
23-10-2012 08:00:00 AM,-9.6,993.1,4.5,-999,-999
23-10-2012 09:00:00 AM,-8.9,992.8,4.5,-999,-999
23-10-2012 10:00:00 AM,-8.4,992.5,4.5,-999,-999
23-10-2012 11:00:00 AM,-6.2,991.9,4.5,-999,-999
23-10-2012 12:00:00 PM,-6.0,991.4,4.5,-999,-999
23-10-2012 01:00:00 PM,-6.0,990.9,4.5,-999,-999
23-10-2012 02:00:00 PM,-6.8,990.4,4.5,-999,-999
23-10-2012 03:00:00 PM,-6.5,989.8,4.5,-999,-999
23-10-2012 04:00:00 PM,-7.4,989.3,4.5,-999,-999
23-10-2012 05:00:00 PM,-8.7,988.6,4.5,-999,-999
23-10-2012 06:00:00 PM,-9.7,988.1,4.5,-999,-999
23-10-2012 07:00:00 PM,-10.4,987.7,4.5,-999,-999
23-10-2012 08:00:00 PM,-11.3,987.5,4.5,-999,-999
23-10-2012 09:00:00 PM,-11.4,987.3,4.5,-999,-999
23-10-2012 10:00:00 PM,-9.3,986.8,4.5,-999,-999
23-10-2012 11:00:00 PM,-9.6,986.5,4.5,-999,-999
24-10-2012 12:00:00 AM,-9.0,986.6,4.5,-999,-999
24-10-2012 01:00:00 AM,-9.2,986.3,4.5,-999,-999
24-10-2012 02:00:00 AM,-9.4,986.5,4.5,-999,-999
24-10-2012 03:00:00 AM,-9.9,986.7,4.5,-999,-999
24-10-2012 04:00:00 AM,-10.0,986.4,4.5,-999,-999
24-10-2012 05:00:00 AM,-9.7,986.2,4.5,-999,-999
24-10-2012 06:00:00 AM,-9.4,986.1,4.5,-999,-999
24-10-2012 07:00:00 AM,-8.6,985.6,4.5,-999,-999
24-10-2012 08:00:00 AM,-8.2,985.5,4.5,-999,-999
24-10-2012 09:00:00 AM,-8.0,985.3,4.5,-999,-999
24-10-2012 10:00:00 AM,-7.7,985.4,4.5,-999,-999
24-10-2012 11:00:00 AM,-7.7,985.4,4.5,-999,-999
24-10-2012 12:00:00 PM,-7.4,984.5,4.5,-999,-999
24-10-2012 01:00:00 PM,-6.4,984.3,4.5,-999,-999
24-10-2012 02:00:00 PM,-6.8,984.1,4.5,-999,-999
24-10-2012 03:00:00 PM,-6.7,984.2,4.5,-999,-999
24-10-2012 04:00:00 PM,-7.0,984.1,4.5,-999,-999
24-10-2012 05:00:00 PM,-7.6,984.4,4.5,-999,-999
24-10-2012 06:00:00 PM,-8.5,984.8,4.5,-999,-999
24-10-2012 07:00:00 PM,-9.5,985.1,4.5,-999,-999
24-10-2012 08:00:00 PM,-9.6,985.6,4.5,-999,-999
24-10-2012 09:00:00 PM,-9.8,985.6,4.5,-999,-999
24-10-2012 10:00:00 PM,-9.7,985.6,4.5,-999,-999
24-10-2012 11:00:00 PM,-9.8,985.9,4.5,-999,-999
25-10-2012 12:00:00 AM,-9.9,986.0,4.5,-999,-999
25-10-2012 01:00:00 AM,-9.2,985.8,4.5,-999,-999
25-10-2012 02:00:00 AM,-8.8,985.8,4.5,-999,-999
25-10-2012 03:00:00 AM,-8.6,986.3,4.5,-999,-999
25-10-2012 04:00:00 AM,-8.3,986.6,4.5,-999,-999
25-10-2012 05:00:00 AM,-8.0,987.0,4.5,-999,-999
25-10-2012 06:00:00 AM,-7.6,987.5,4.5,-999,-999
25-10-2012 07:00:00 AM,-7.1,988.2,4.5,-999,-999
25-10-2012 08:00:00 AM,-6.1,988.2,4.5,-999,-999
25-10-2012 09:00:00 AM,-5.2,988.3,4.5,-999,-999
25-10-2012 10:00:00 AM,-5.4,988.9,4.5,-999,-999
25-10-2012 11:00:00 AM,-4.7,989.1,4.5,-999,-999
25-10-2012 12:00:00 PM,-4.3,989.6,4.5,-999,-999
25-10-2012 01:00:00 PM,-4.2,989.7,4.5,-999,-999
25-10-2012 02:00:00 PM,-3.7,989.8,4.5,-999,-999
25-10-2012 03:00:00 PM,-4.0,989.9,4.5,-999,-999
25-10-2012 04:00:00 PM,-3.6,990.0,4.5,-999,-999
25-10-2012 05:00:00 PM,-4.2,990.4,4.5,-999,-999
25-10-2012 06:00:00 PM,-5.0,990.4,4.5,-999,-999
25-10-2012 07:00:00 PM,-5.5,990.3,4.5,-999,-999
25-10-2012 08:00:00 PM,-6.9,990.1,4.5,-999,-999
25-10-2012 09:00:00 PM,-6.8,990.3,4.5,-999,-999
25-10-2012 10:00:00 PM,-8.1,990.4,4.5,-999,-999
25-10-2012 11:00:00 PM,-9.0,990.4,4.5,-999,-999
26-10-2012 12:00:00 AM,-9.5,990.5,4.5,-999,-999
26-10-2012 01:00:00 AM,-9.5,990.3,4.5,-999,-999
26-10-2012 02:00:00 AM,-10.1,989.6,4.5,-999,-999
26-10-2012 03:00:00 AM,-10.6,989.3,4.5,-999,-999
26-10-2012 04:00:00 AM,-11.2,989.1,4.5,-999,-999
26-10-2012 05:00:00 AM,-9.7,989.2,4.5,-999,-999
26-10-2012 06:00:00 AM,-8.9,989.4,4.5,-999,-999
26-10-2012 07:00:00 AM,-7.7,989.6,4.5,-999,-999
26-10-2012 08:00:00 AM,-6.7,990.1,4.5,-999,-999
26-10-2012 09:00:00 AM,-6.1,990.1,4.5,-999,-999
26-10-2012 10:00:00 AM,-4.5,989.9,4.5,-999,-999
26-10-2012 11:00:00 AM,-3.6,989.5,4.5,-999,-999
26-10-2012 12:00:00 PM,-2.3,989.1,4.5,-999,-999
26-10-2012 01:00:00 PM,-3.1,988.7,4.5,-999,-999
26-10-2012 02:00:00 PM,-2.6,988.2,4.5,-999,-999
26-10-2012 03:00:00 PM,-2.8,987.9,4.5,-999,-999
26-10-2012 04:00:00 PM,-4.1,987.5,4.5,-999,-999
26-10-2012 05:00:00 PM,-5.2,987.3,4.5,-999,-999
26-10-2012 06:00:00 PM,-7.1,987.1,4.5,-999,-999
26-10-2012 07:00:00 PM,-8.8,986.9,4.5,-999,-999
26-10-2012 08:00:00 PM,-8.7,986.9,4.5,-999,-999
26-10-2012 09:00:00 PM,-10.5,986.9,4.5,-999,-999
26-10-2012 10:00:00 PM,-10.3,986.4,4.5,-999,-999
26-10-2012 11:00:00 PM,-8.8,986.2,4.5,-999,-999
27-10-2012 12:00:00 AM,-10.4,986.3,4.5,-999,-999
27-10-2012 01:00:00 AM,-10.1,986.8,4.5,-999,-999
27-10-2012 02:00:00 AM,-8.3,987.1,4.5,-999,-999
27-10-2012 03:00:00 AM,-9.0,987.1,4.5,-999,-999
27-10-2012 04:00:00 AM,-10.6,987.3,4.5,-999,-999
27-10-2012 05:00:00 AM,-8.3,986.9,4.5,-999,-999
27-10-2012 06:00:00 AM,-7.8,987.3,4.5,-999,-999
27-10-2012 07:00:00 AM,-6.7,987.5,4.5,-999,-999
27-10-2012 08:00:00 AM,-5.8,987.4,4.5,-999,-999
27-10-2012 09:00:00 AM,-5.0,987.2,4.5,-999,-999
27-10-2012 10:00:00 AM,-3.8,987.0,4.5,-999,-999
27-10-2012 11:00:00 AM,-2.4,986.7,4.5,-999,-999
27-10-2012 12:00:00 PM,-2.3,985.9,4.5,-999,-999
27-10-2012 01:00:00 PM,-2.1,985.2,4.5,-999,-999
27-10-2012 02:00:00 PM,-3.4,984.0,4.5,-999,-999
27-10-2012 03:00:00 PM,-3.8,983.2,4.5,-999,-999
27-10-2012 04:00:00 PM,-3.4,982.4,4.5,-999,-999
27-10-2012 05:00:00 PM,-4.6,981.9,4.5,-999,-999
27-10-2012 06:00:00 PM,-5.3,981.8,4.5,-999,-999
27-10-2012 07:00:00 PM,-8.2,981.5,4.5,-999,-999
27-10-2012 08:00:00 PM,-9.3,981.6,4.5,-999,-999
27-10-2012 09:00:00 PM,-10.1,981.8,4.5,-999,-999
27-10-2012 10:00:00 PM,-10.3,982.1,4.5,-999,-999
27-10-2012 11:00:00 PM,-11.1,982.1,4.5,-999,-999
28-10-2012 12:00:00 AM,-12.8,983.0,4.5,-999,-999
28-10-2012 01:00:00 AM,-12.7,983.6,4.5,-999,-999
28-10-2012 02:00:00 AM,-13.0,983.7,4.5,-999,-999
28-10-2012 03:00:00 AM,-13.1,984.1,4.5,-999,-999
28-10-2012 04:00:00 AM,-11.0,984.9,4.5,-999,-999
28-10-2012 05:00:00 AM,-10.1,985.1,4.5,-999,-999
28-10-2012 06:00:00 AM,-10.6,985.6,4.5,-999,-999
28-10-2012 07:00:00 AM,-10.2,986.5,4.5,-999,-999
28-10-2012 08:00:00 AM,-7.5,987.4,4.5,-999,-999
28-10-2012 09:00:00 AM,-5.4,987.6,4.5,-999,-999
28-10-2012 10:00:00 AM,-4.0,988.4,4.5,-999,-999
28-10-2012 11:00:00 AM,-4.4,989.1,4.5,-999,-999
28-10-2012 12:00:00 PM,-4.9,990.2,4.5,-999,-999
28-10-2012 01:00:00 PM,-5.4,991.0,4.5,-999,-999
28-10-2012 02:00:00 PM,-5.5,991.8,4.5,-999,-999
28-10-2012 03:00:00 PM,-5.6,991.5,4.5,-999,-999
28-10-2012 04:00:00 PM,-5.3,991.6,4.5,-999,-999
28-10-2012 05:00:00 PM,-5.3,991.2,4.5,-999,-999
28-10-2012 06:00:00 PM,-5.0,991.5,4.5,-999,-999
28-10-2012 07:00:00 PM,-5.0,992.3,4.5,-999,-999
28-10-2012 08:00:00 PM,-5.4,993.0,4.5,-999,-999
28-10-2012 09:00:00 PM,-6.0,992.8,4.5,-999,-999
28-10-2012 10:00:00 PM,-5.2,991.7,4.5,-999,-999
28-10-2012 11:00:00 PM,-5.5,990.5,4.5,-999,-999
29-10-2012 12:00:00 AM,-6.0,990.1,4.5,-999,-999
29-10-2012 01:00:00 AM,-6.8,989.0,4.5,-999,-999
29-10-2012 02:00:00 AM,-7.4,988.6,4.5,-999,-999
29-10-2012 03:00:00 AM,-7.3,988.6,4.5,-999,-999
29-10-2012 04:00:00 AM,-7.3,989.5,4.5,-999,-999
29-10-2012 05:00:00 AM,-7.4,990.0,4.5,-999,-999
29-10-2012 06:00:00 AM,-7.4,990.1,4.5,-999,-999
29-10-2012 07:00:00 AM,-7.5,990.3,4.5,-999,-999
29-10-2012 08:00:00 AM,-7.5,990.1,4.5,-999,-999
29-10-2012 09:00:00 AM,-7.6,989.8,4.5,-999,-999
29-10-2012 10:00:00 AM,-7.5,990.1,4.5,-999,-999
29-10-2012 11:00:00 AM,-7.5,990.2,4.5,-999,-999
29-10-2012 12:00:00 PM,-7.5,990.0,4.5,-999,-999
29-10-2012 01:00:00 PM,-7.6,990.3,4.5,-999,-999
29-10-2012 02:00:00 PM,-7.5,989.8,4.5,-999,-999
29-10-2012 03:00:00 PM,-7.5,989.2,4.5,-999,-999
29-10-2012 04:00:00 PM,-7.4,989.0,4.5,-999,-999
29-10-2012 05:00:00 PM,-7.3,989.1,4.5,-999,-999
29-10-2012 06:00:00 PM,-7.1,988.7,4.5,-999,-999
29-10-2012 07:00:00 PM,-7.1,988.4,4.5,-999,-999
29-10-2012 08:00:00 PM,-7.1,988.0,4.5,-999,-999
29-10-2012 09:00:00 PM,-7.0,988.1,4.5,-999,-999
29-10-2012 10:00:00 PM,-7.1,988.1,4.5,-999,-999
29-10-2012 11:00:00 PM,-7.0,987.9,4.5,-999,-999
30-10-2012 12:00:00 AM,-7.0,987.8,4.5,-999,-999
30-10-2012 01:00:00 AM,-7.0,988.1,4.5,-999,-999
30-10-2012 02:00:00 AM,-6.9,988.2,4.5,-999,-999
30-10-2012 03:00:00 AM,-6.8,988.0,4.5,-999,-999
30-10-2012 04:00:00 AM,-6.8,988.1,4.5,-999,-999
30-10-2012 05:00:00 AM,-6.7,988.5,4.5,-999,-999
30-10-2012 06:00:00 AM,-6.4,988.8,4.5,-999,-999
30-10-2012 07:00:00 AM,-6.2,989.1,4.5,-999,-999
30-10-2012 08:00:00 AM,-5.8,989.2,4.5,-999,-999
30-10-2012 09:00:00 AM,-5.3,989.3,4.5,-999,-999
30-10-2012 10:00:00 AM,-4.8,989.4,4.5,-999,-999
30-10-2012 11:00:00 AM,-4.1,989.5,4.5,-999,-999
30-10-2012 12:00:00 PM,-3.7,989.6,4.5,-999,-999
30-10-2012 01:00:00 PM,-2.2,989.8,4.5,-999,-999
30-10-2012 02:00:00 PM,-2.4,989.8,4.5,-999,-999
30-10-2012 03:00:00 PM,-2.7,989.8,4.5,-999,-999
30-10-2012 04:00:00 PM,-3.0,989.8,4.5,-999,-999
30-10-2012 05:00:00 PM,-3.7,989.9,4.5,-999,-999
30-10-2012 06:00:00 PM,-4.4,990.0,4.5,-999,-999
30-10-2012 07:00:00 PM,-5.9,990.1,4.5,-999,-999
30-10-2012 08:00:00 PM,-6.9,990.4,4.5,-999,-999
30-10-2012 09:00:00 PM,-7.2,991.0,4.5,-999,-999
30-10-2012 10:00:00 PM,-9.2,991.1,4.5,-999,-999
30-10-2012 11:00:00 PM,-10.5,991.5,4.5,-999,-999
31-10-2012 12:00:00 AM,-11.5,991.8,4.5,-999,-999
31-10-2012 01:00:00 AM,-12.4,992.0,4.5,-999,-999
31-10-2012 02:00:00 AM,-13.0,992.2,4.5,-999,-999
31-10-2012 03:00:00 AM,-13.8,992.3,4.5,-999,-999
31-10-2012 04:00:00 AM,-13.5,992.3,4.5,-999,-999
31-10-2012 05:00:00 AM,-13.1,993.3,4.5,-999,-999
31-10-2012 06:00:00 AM,-12.6,993.6,4.5,-999,-999
31-10-2012 07:00:00 AM,-12.0,993.8,4.5,-999,-999
31-10-2012 08:00:00 AM,-10.9,994.2,4.5,-999,-999
31-10-2012 09:00:00 AM,-11.0,994.4,4.5,-999,-999
31-10-2012 10:00:00 AM,-9.9,994.4,4.5,-999,-999
31-10-2012 11:00:00 AM,-9.3,994.3,4.5,-999,-999
31-10-2012 12:00:00 PM,-8.4,994.0,4.5,-999,-999
31-10-2012 01:00:00 PM,-7.4,993.4,4.5,-999,-999
31-10-2012 02:00:00 PM,-7.0,992.5,4.5,-999,-999
31-10-2012 03:00:00 PM,-5.8,992.0,4.5,-999,-999
31-10-2012 04:00:00 PM,-5.5,991.4,4.5,-999,-999
31-10-2012 05:00:00 PM,-5.7,991.2,4.5,-999,-999
31-10-2012 06:00:00 PM,-6.0,990.7,4.5,-999,-999
31-10-2012 07:00:00 PM,-6.5,990.0,4.5,-999,-999
31-10-2012 08:00:00 PM,-6.5,989.7,4.5,-999,-999
31-10-2012 09:00:00 PM,-6.7,989.0,4.5,-999,-999
31-10-2012 10:00:00 PM,-6.8,988.6,4.5,-999,-999
31-10-2012 11:00:00 PM,-6.5,987.8,4.5,-999,-999
01-11-2012 12:00:00 AM,-6.5,987.3,4.5,-999,-999
01-11-2012 01:00:00 AM,-6.6,986.9,4.5,-999,-999
01-11-2012 02:00:00 AM,-6.6,986.8,4.5,-999,-999
01-11-2012 03:00:00 AM,-6.6,986.8,4.5,-999,-999
01-11-2012 04:00:00 AM,-6.6,986.9,4.5,-999,-999
01-11-2012 05:00:00 AM,-6.5,987.0,4.5,-999,-999
01-11-2012 06:00:00 AM,-6.5,986.6,4.5,-999,-999
01-11-2012 07:00:00 AM,-6.3,986.8,4.5,-999,-999
01-11-2012 08:00:00 AM,-6.1,986.7,4.5,-999,-999
01-11-2012 09:00:00 AM,-5.7,986.4,4.5,-999,-999
01-11-2012 10:00:00 AM,-5.4,986.2,4.5,-999,-999
01-11-2012 11:00:00 AM,-5.5,986.5,4.5,-999,-999
01-11-2012 12:00:00 PM,-5.3,986.4,4.5,-999,-999
01-11-2012 01:00:00 PM,-5.6,986.5,4.5,-999,-999
01-11-2012 02:00:00 PM,-5.8,986.7,4.5,-999,-999
01-11-2012 03:00:00 PM,-6.0,986.6,4.5,-999,-999
01-11-2012 04:00:00 PM,-6.0,986.9,4.5,-999,-999
01-11-2012 05:00:00 PM,-6.0,987.2,4.5,-999,-999
01-11-2012 06:00:00 PM,-5.9,987.3,4.5,-999,-999
01-11-2012 07:00:00 PM,-5.9,988.1,4.5,-999,-999
01-11-2012 08:00:00 PM,-5.9,988.1,4.5,-999,-999
01-11-2012 09:00:00 PM,-5.8,988.3,4.5,-999,-999
01-11-2012 10:00:00 PM,-5.8,988.8,4.5,-999,-999
01-11-2012 11:00:00 PM,-5.7,989.3,4.5,-999,-999
02-11-2012 12:00:00 AM,-5.8,989.3,4.5,-999,-999
02-11-2012 01:00:00 AM,-5.8,989.6,4.5,-999,-999
02-11-2012 02:00:00 AM,-5.6,989.9,4.5,-999,-999
02-11-2012 03:00:00 AM,-5.5,990.0,4.5,-999,-999
02-11-2012 04:00:00 AM,-5.5,990.1,4.5,-999,-999
02-11-2012 05:00:00 AM,-5.4,990.1,4.5,-999,-999
02-11-2012 06:00:00 AM,-5.2,990.3,4.5,-999,-999
02-11-2012 07:00:00 AM,-4.9,990.3,4.5,-999,-999
02-11-2012 08:00:00 AM,-4.7,990.5,4.5,-999,-999
02-11-2012 09:00:00 AM,-4.6,990.5,4.5,-999,-999
02-11-2012 10:00:00 AM,-4.5,991.0,4.5,-999,-999
02-11-2012 11:00:00 AM,-4.4,991.3,4.5,-999,-999
02-11-2012 12:00:00 PM,-4.2,991.9,4.5,-999,-999
02-11-2012 01:00:00 PM,-4.2,992.1,4.5,-999,-999
02-11-2012 02:00:00 PM,-4.3,992.7,4.5,-999,-999
02-11-2012 03:00:00 PM,-4.8,993.1,4.5,-999,-999
02-11-2012 04:00:00 PM,-5.1,993.5,4.5,-999,-999
02-11-2012 05:00:00 PM,-4.9,993.8,4.5,-999,-999
02-11-2012 06:00:00 PM,-5.1,994.2,4.5,-999,-999
02-11-2012 07:00:00 PM,-5.3,994.5,4.5,-999,-999
02-11-2012 08:00:00 PM,-5.4,995.0,4.5,-999,-999
02-11-2012 09:00:00 PM,-5.5,995.1,4.5,-999,-999
02-11-2012 10:00:00 PM,-5.4,995.5,4.5,-999,-999
02-11-2012 11:00:00 PM,-5.5,995.9,4.5,-999,-999
03-11-2012 12:00:00 AM,-5.5,996.5,4.5,-999,-999
03-11-2012 01:00:00 AM,-5.7,997.3,4.5,-999,-999
03-11-2012 02:00:00 AM,-5.7,997.8,4.5,-999,-999
03-11-2012 03:00:00 AM,-6.0,998.4,4.5,-999,-999
03-11-2012 04:00:00 AM,-6.2,998.8,4.5,-999,-999
03-11-2012 05:00:00 AM,-6.3,999.3,4.5,-999,-999
03-11-2012 06:00:00 AM,-5.8,1000.2,4.5,-999,-999
03-11-2012 07:00:00 AM,-5.7,1000.8,4.5,-999,-999
03-11-2012 08:00:00 AM,-5.6,1001.6,4.5,-999,-999
03-11-2012 09:00:00 AM,-5.1,1001.8,4.5,-999,-999
03-11-2012 10:00:00 AM,-4.7,1001.8,4.5,-999,-999
03-11-2012 11:00:00 AM,-4.6,1001.6,4.5,-999,-999
03-11-2012 12:00:00 PM,-4.4,1002.5,4.5,-999,-999
03-11-2012 01:00:00 PM,-4.3,1002.7,4.5,-999,-999
03-11-2012 02:00:00 PM,-4.5,1002.9,4.5,-999,-999
03-11-2012 03:00:00 PM,-4.6,1003.0,4.5,-999,-999
03-11-2012 04:00:00 PM,-4.9,1003.6,4.5,-999,-999
03-11-2012 05:00:00 PM,-5.0,1003.8,4.5,-999,-999
03-11-2012 06:00:00 PM,-5.4,1004.2,4.5,-999,-999
03-11-2012 07:00:00 PM,-5.9,1004.7,4.5,-999,-999
03-11-2012 08:00:00 PM,-6.6,1005.3,4.5,-999,-999
03-11-2012 09:00:00 PM,-7.1,1006.0,4.5,-999,-999
03-11-2012 10:00:00 PM,-7.6,1006.7,4.5,-999,-999
03-11-2012 11:00:00 PM,-8.2,1007.1,4.5,-999,-999
04-11-2012 12:00:00 AM,-8.4,1007.6,4.5,-999,-999
04-11-2012 01:00:00 AM,-9.0,1008.0,4.5,-999,-999
04-11-2012 02:00:00 AM,-9.4,1008.2,4.5,-999,-999
04-11-2012 03:00:00 AM,-9.2,1008.4,4.5,-999,-999
04-11-2012 04:00:00 AM,-8.8,1009.0,4.5,-999,-999
04-11-2012 05:00:00 AM,-8.4,1009.3,4.5,-999,-999
04-11-2012 06:00:00 AM,-8.1,1009.6,4.5,-999,-999
04-11-2012 07:00:00 AM,-7.8,1010.0,4.5,-999,-999
04-11-2012 08:00:00 AM,-8.0,1010.0,4.5,-999,-999
04-11-2012 09:00:00 AM,-7.8,1009.9,4.5,-999,-999
04-11-2012 10:00:00 AM,-7.5,1009.9,4.5,-999,-999
04-11-2012 11:00:00 AM,-7.7,1010.0,4.5,-999,-999
04-11-2012 12:00:00 PM,-7.8,1009.7,4.5,-999,-999
04-11-2012 01:00:00 PM,-7.9,1009.6,4.5,-999,-999
04-11-2012 02:00:00 PM,-7.9,1009.4,4.5,-999,-999
04-11-2012 03:00:00 PM,-7.9,1009.3,4.5,-999,-999
04-11-2012 04:00:00 PM,-8.1,1008.9,4.5,-999,-999
04-11-2012 05:00:00 PM,-8.4,1008.2,4.5,-999,-999
04-11-2012 06:00:00 PM,-8.6,1008.1,4.5,-999,-999
04-11-2012 07:00:00 PM,-8.8,1008.1,4.5,-999,-999
04-11-2012 08:00:00 PM,-9.0,1007.8,4.5,-999,-999
04-11-2012 09:00:00 PM,-9.0,1007.2,4.5,-999,-999
04-11-2012 10:00:00 PM,-9.0,1006.6,4.5,-999,-999
04-11-2012 11:00:00 PM,-9.0,1006.1,4.5,-999,-999
05-11-2012 12:00:00 AM,-9.5,1005.6,4.5,-999,-999
05-11-2012 01:00:00 AM,-9.8,1005.4,4.5,-999,-999
05-11-2012 02:00:00 AM,-9.7,1005.2,4.5,-999,-999
05-11-2012 03:00:00 AM,-9.7,1004.9,4.5,-999,-999
05-11-2012 04:00:00 AM,-9.5,1004.3,4.5,-999,-999
05-11-2012 05:00:00 AM,-9.4,1003.5,4.5,-999,-999
05-11-2012 06:00:00 AM,-9.5,1002.5,4.5,-999,-999
05-11-2012 07:00:00 AM,-9.5,1001.8,4.5,-999,-999
05-11-2012 08:00:00 AM,-9.3,1001.0,4.5,-999,-999
05-11-2012 09:00:00 AM,-8.9,1000.4,4.5,-999,-999
05-11-2012 10:00:00 AM,-8.5,999.3,4.5,-999,-999
05-11-2012 11:00:00 AM,-8.3,998.0,4.5,-999,-999
05-11-2012 12:00:00 PM,-8.0,996.5,4.5,-999,-999
05-11-2012 01:00:00 PM,-7.6,994.7,4.5,-999,-999
05-11-2012 02:00:00 PM,-7.4,992.8,4.5,-999,-999
05-11-2012 03:00:00 PM,-7.3,991.8,4.5,-999,-999
05-11-2012 04:00:00 PM,-7.5,990.1,4.5,-999,-999
05-11-2012 05:00:00 PM,-7.3,988.0,4.5,-999,-999
05-11-2012 06:00:00 PM,-7.4,986.6,4.5,-999,-999
05-11-2012 07:00:00 PM,-7.4,985.3,4.5,-999,-999
05-11-2012 08:00:00 PM,-7.3,982.0,4.5,-999,-999
05-11-2012 09:00:00 PM,-7.3,982.0,4.5,-999,-999
05-11-2012 10:00:00 PM,-7.3,979.8,4.5,-999,-999
05-11-2012 11:00:00 PM,-7.4,978.5,4.5,-999,-999
06-11-2012 12:00:00 AM,-7.4,978.2,4.5,-999,-999
06-11-2012 01:00:00 AM,-7.5,977.2,4.5,-999,-999
06-11-2012 02:00:00 AM,-7.5,976.5,4.5,-999,-999
06-11-2012 03:00:00 AM,-7.5,976.0,4.5,-999,-999
06-11-2012 04:00:00 AM,-7.6,975.0,4.5,-999,-999
06-11-2012 05:00:00 AM,-7.6,974.5,4.5,-999,-999
06-11-2012 06:00:00 AM,-7.5,975.0,4.5,-999,-999
06-11-2012 07:00:00 AM,-7.4,975.9,4.5,-999,-999
06-11-2012 08:00:00 AM,-7.2,976.1,4.5,-999,-999
06-11-2012 09:00:00 AM,-7.1,977.4,4.5,-999,-999
06-11-2012 10:00:00 AM,-7.1,978.4,4.5,-999,-999
06-11-2012 11:00:00 AM,-7.0,979.9,4.5,-999,-999
06-11-2012 12:00:00 PM,-6.8,981.5,4.5,-999,-999
06-11-2012 01:00:00 PM,-6.8,982.7,4.5,-999,-999
06-11-2012 02:00:00 PM,-6.7,983.6,4.5,-999,-999
06-11-2012 03:00:00 PM,-6.7,984.9,4.5,-999,-999
06-11-2012 04:00:00 PM,-6.7,986.8,4.5,-999,-999
06-11-2012 05:00:00 PM,-6.8,987.6,4.5,-999,-999
06-11-2012 06:00:00 PM,-6.9,988.9,4.5,-999,-999
06-11-2012 07:00:00 PM,-7.0,990.8,4.5,-999,-999
06-11-2012 08:00:00 PM,-6.9,992.0,4.5,-999,-999
06-11-2012 09:00:00 PM,-6.9,992.6,4.5,-999,-999
06-11-2012 10:00:00 PM,-6.7,993.3,4.5,-999,-999
06-11-2012 11:00:00 PM,-6.5,993.5,4.5,-999,-999
07-11-2012 12:00:00 AM,-6.3,994.3,4.5,-999,-999
07-11-2012 01:00:00 AM,-6.0,994.1,4.5,-999,-999
07-11-2012 02:00:00 AM,-6.1,994.5,4.5,-999,-999
07-11-2012 03:00:00 AM,-5.9,995.4,4.5,-999,-999
07-11-2012 04:00:00 AM,-5.6,996.3,4.5,-999,-999
07-11-2012 05:00:00 AM,-5.5,996.9,4.5,-999,-999
07-11-2012 06:00:00 AM,-5.6,997.5,4.5,-999,-999
07-11-2012 07:00:00 AM,-5.7,997.6,4.5,-999,-999
07-11-2012 08:00:00 AM,-5.5,998.5,4.5,-999,-999
07-11-2012 09:00:00 AM,-5.2,998.8,4.5,-999,-999
07-11-2012 10:00:00 AM,-5.0,999.1,4.5,-999,-999
07-11-2012 11:00:00 AM,-4.9,999.4,4.5,-999,-999
07-11-2012 12:00:00 PM,-5.0,999.7,4.5,-999,-999
07-11-2012 01:00:00 PM,-4.7,999.9,4.5,-999,-999
07-11-2012 02:00:00 PM,-4.6,999.6,4.5,-999,-999
07-11-2012 03:00:00 PM,-4.3,999.2,4.5,-999,-999
07-11-2012 04:00:00 PM,-4.0,999.2,4.5,-999,-999
07-11-2012 05:00:00 PM,-4.0,999.3,4.5,-999,-999
07-11-2012 06:00:00 PM,-4.0,999.3,4.5,-999,-999
07-11-2012 07:00:00 PM,-4.1,998.9,4.5,-999,-999
07-11-2012 08:00:00 PM,-4.3,998.3,4.5,-999,-999
07-11-2012 09:00:00 PM,-4.0,997.7,4.5,-999,-999
07-11-2012 10:00:00 PM,-3.7,997.1,4.5,-999,-999
07-11-2012 11:00:00 PM,-3.6,996.7,4.5,-999,-999
08-11-2012 12:00:00 AM,-3.6,996.0,4.5,-999,-999
08-11-2012 01:00:00 AM,-3.5,995.6,4.5,-999,-999
08-11-2012 02:00:00 AM,-3.5,995.0,4.5,-999,-999
08-11-2012 03:00:00 AM,-3.5,994.3,4.5,-999,-999
08-11-2012 04:00:00 AM,-3.6,993.8,4.5,-999,-999
08-11-2012 05:00:00 AM,-3.8,992.9,4.5,-999,-999
08-11-2012 06:00:00 AM,-3.8,992.2,4.5,-999,-999
08-11-2012 07:00:00 AM,-3.8,991.5,4.5,-999,-999
08-11-2012 08:00:00 AM,-3.6,991.1,4.5,-999,-999
08-11-2012 09:00:00 AM,-3.4,990.9,4.5,-999,-999
08-11-2012 10:00:00 AM,-3.4,990.3,4.5,-999,-999
08-11-2012 11:00:00 AM,-3.4,989.3,4.5,-999,-999
08-11-2012 12:00:00 PM,-3.0,988.8,4.5,-999,-999
08-11-2012 01:00:00 PM,-2.7,987.9,4.5,-999,-999
08-11-2012 02:00:00 PM,-2.4,987.1,4.5,-999,-999
08-11-2012 03:00:00 PM,-2.1,986.7,4.5,-999,-999
08-11-2012 04:00:00 PM,-2.5,986.0,4.5,-999,-999
08-11-2012 05:00:00 PM,-3.0,985.6,4.5,-999,-999
08-11-2012 06:00:00 PM,-3.9,986.1,4.5,-999,-999
08-11-2012 07:00:00 PM,-5.0,986.1,4.5,-999,-999
08-11-2012 08:00:00 PM,-5.5,986.4,4.5,-999,-999
08-11-2012 09:00:00 PM,-5.8,986.6,4.5,-999,-999
08-11-2012 10:00:00 PM,-6.2,986.8,4.5,-999,-999
08-11-2012 11:00:00 PM,-6.4,986.9,4.5,-999,-999
09-11-2012 12:00:00 AM,-6.4,987.4,4.5,-999,-999
09-11-2012 01:00:00 AM,-6.6,987.5,4.5,-999,-999
09-11-2012 02:00:00 AM,-6.7,987.7,4.5,-999,-999
09-11-2012 03:00:00 AM,-6.8,988.1,4.5,-999,-999
09-11-2012 04:00:00 AM,-6.7,988.7,4.5,-999,-999
09-11-2012 05:00:00 AM,-6.6,989.2,4.5,-999,-999
09-11-2012 06:00:00 AM,-6.5,989.9,4.5,-999,-999
09-11-2012 07:00:00 AM,-6.2,990.8,4.5,-999,-999
09-11-2012 08:00:00 AM,-5.9,991.8,4.5,-999,-999
09-11-2012 09:00:00 AM,-5.4,992.4,4.5,-999,-999
09-11-2012 10:00:00 AM,-4.7,993.2,4.5,-999,-999
09-11-2012 11:00:00 AM,-4.3,993.6,4.5,-999,-999
09-11-2012 12:00:00 PM,-3.8,994.1,4.5,-999,-999
09-11-2012 01:00:00 PM,-3.7,995.0,4.5,-999,-999
09-11-2012 02:00:00 PM,-3.8,995.2,4.5,-999,-999
09-11-2012 03:00:00 PM,-3.5,995.4,4.5,-999,-999
09-11-2012 04:00:00 PM,-3.3,995.8,4.5,-999,-999
09-11-2012 05:00:00 PM,-3.0,996.3,4.5,-999,-999
09-11-2012 06:00:00 PM,-2.8,996.9,4.5,-999,-999
09-11-2012 07:00:00 PM,-3.1,997.5,4.5,-999,-999
09-11-2012 08:00:00 PM,-3.1,997.9,4.5,-999,-999
09-11-2012 09:00:00 PM,-3.1,998.4,4.5,-999,-999
09-11-2012 10:00:00 PM,-3.1,998.6,4.5,-999,-999
09-11-2012 11:00:00 PM,-3.0,998.5,4.5,-999,-999
10-11-2012 12:00:00 AM,-3.0,998.2,4.5,-999,-999
10-11-2012 01:00:00 AM,-3.0,998.6,4.5,-999,-999
10-11-2012 02:00:00 AM,-3.2,998.9,4.5,-999,-999
10-11-2012 03:00:00 AM,-3.3,999.3,4.5,-999,-999
10-11-2012 04:00:00 AM,-3.4,999.1,4.5,-999,-999
10-11-2012 05:00:00 AM,-3.7,999.3,4.5,-999,-999
10-11-2012 06:00:00 AM,-3.8,1000.0,4.5,-999,-999
10-11-2012 07:00:00 AM,-3.6,1000.1,4.5,-999,-999
10-11-2012 08:00:00 AM,-3.4,1000.3,4.5,-999,-999
10-11-2012 09:00:00 AM,-3.1,1000.3,4.5,-999,-999
10-11-2012 10:00:00 AM,-2.8,1000.2,4.5,-999,-999
10-11-2012 11:00:00 AM,-2.7,1000.3,4.5,-999,-999
10-11-2012 12:00:00 PM,-2.3,1000.1,4.5,-999,-999
10-11-2012 01:00:00 PM,-2.0,1000.0,4.5,-999,-999
10-11-2012 02:00:00 PM,-2.0,1000.0,4.5,-999,-999
10-11-2012 03:00:00 PM,-2.1,999.9,4.5,-999,-999
10-11-2012 04:00:00 PM,-2.0,999.6,4.5,-999,-999
10-11-2012 05:00:00 PM,-2.3,999.7,4.5,-999,-999
10-11-2012 06:00:00 PM,-2.5,999.7,4.5,-999,-999
10-11-2012 07:00:00 PM,-2.7,999.9,4.5,-999,-999
10-11-2012 08:00:00 PM,-2.9,999.5,4.5,-999,-999
10-11-2012 09:00:00 PM,-2.9,999.3,4.5,-999,-999
10-11-2012 10:00:00 PM,-3.0,1000.0,4.5,-999,-999
10-11-2012 11:00:00 PM,-3.1,999.8,4.5,-999,-999
11-11-2012 12:00:00 AM,-3.3,999.6,4.5,-999,-999
11-11-2012 01:00:00 AM,-3.8,999.6,4.5,-999,-999
11-11-2012 02:00:00 AM,-4.1,999.5,4.5,-999,-999
11-11-2012 03:00:00 AM,-4.1,999.4,4.5,-999,-999
11-11-2012 04:00:00 AM,-4.0,999.5,4.5,-999,-999
11-11-2012 05:00:00 AM,-3.9,999.0,4.5,-999,-999
11-11-2012 06:00:00 AM,-3.6,998.5,4.5,-999,-999
11-11-2012 07:00:00 AM,-3.3,998.3,4.5,-999,-999
11-11-2012 08:00:00 AM,-3.0,998.0,4.5,-999,-999
11-11-2012 09:00:00 AM,-2.5,997.8,4.5,-999,-999
11-11-2012 10:00:00 AM,-2.2,996.6,4.5,-999,-999
11-11-2012 11:00:00 AM,-2.3,996.4,4.5,-999,-999
11-11-2012 12:00:00 PM,-1.8,995.4,4.5,-999,-999
11-11-2012 01:00:00 PM,-1.8,994.8,4.5,-999,-999
11-11-2012 02:00:00 PM,-1.8,994.1,4.5,-999,-999
11-11-2012 03:00:00 PM,-1.7,993.3,4.5,-999,-999
11-11-2012 04:00:00 PM,-1.8,992.5,4.5,-999,-999
11-11-2012 05:00:00 PM,-2.2,991.5,4.5,-999,-999
11-11-2012 06:00:00 PM,-2.8,991.0,4.5,-999,-999
11-11-2012 07:00:00 PM,-3.5,990.7,4.5,-999,-999
11-11-2012 08:00:00 PM,-4.3,990.0,4.5,-999,-999
11-11-2012 09:00:00 PM,-4.9,989.4,4.5,-999,-999
11-11-2012 10:00:00 PM,-5.2,988.7,4.5,-999,-999
11-11-2012 11:00:00 PM,-5.9,987.9,4.5,-999,-999
12-11-2012 12:00:00 AM,-6.5,987.2,4.5,-999,-999
12-11-2012 01:00:00 AM,-6.7,986.6,4.5,-999,-999
12-11-2012 02:00:00 AM,-6.0,985.8,4.5,-999,-999
12-11-2012 03:00:00 AM,-5.8,985.4,4.5,-999,-999
12-11-2012 04:00:00 AM,-5.1,984.7,4.5,-999,-999
12-11-2012 05:00:00 AM,-3.3,984.2,4.5,-999,-999
12-11-2012 06:00:00 AM,-2.7,984.3,4.5,-999,-999
12-11-2012 07:00:00 AM,-2.8,984.1,4.5,-999,-999
12-11-2012 08:00:00 AM,-3.2,984.0,4.5,-999,-999
12-11-2012 09:00:00 AM,-2.6,983.7,4.5,-999,-999
12-11-2012 10:00:00 AM,-2.0,984.1,15.0,-999,-999
12-11-2012 11:00:00 AM,-1.7,983.9,10.3,-999,-999
12-11-2012 12:00:00 PM,-1.8,983.4,9.1,-999,-999
12-11-2012 01:00:00 PM,-0.2,984.0,12.2,-999,-999
12-11-2012 02:00:00 PM,-1.3,983.8,13.4,-999,-999
12-11-2012 03:00:00 PM,-2.2,983.7,12.2,-999,-999
12-11-2012 04:00:00 PM,-3.5,983.8,11.4,-999,-999
12-11-2012 05:00:00 PM,-3.8,983.9,18.0,-999,-999
12-11-2012 06:00:00 PM,-3.6,983.8,20.4,-999,-999
12-11-2012 07:00:00 PM,-4.7,983.9,26.2,-999,-999
12-11-2012 08:00:00 PM,-5.1,984.3,27.1,-999,-999
12-11-2012 09:00:00 PM,-5.4,985.2,27.6,-999,-999
12-11-2012 10:00:00 PM,-6.1,985.8,28.2,-999,-999
12-11-2012 11:00:00 PM,-6.2,985.8,32.5,-999,-999
13-11-2012 12:00:00 AM,-6.0,985.8,34.9,-999,-999
13-11-2012 01:00:00 AM,-5.9,986.0,26.8,-999,-999
13-11-2012 02:00:00 AM,-6.0,985.3,35.3,-999,-999
13-11-2012 03:00:00 AM,-5.1,984.6,36.8,-999,-999
13-11-2012 04:00:00 AM,-4.6,984.5,34.3,-999,-999
13-11-2012 05:00:00 AM,-4.2,983.8,40.2,-999,-999
13-11-2012 06:00:00 AM,-4.2,983.8,38.1,-999,-999
13-11-2012 07:00:00 AM,-4.1,984.0,33.7,-999,-999
13-11-2012 08:00:00 AM,-4.8,984.4,34.4,-999,-999
13-11-2012 09:00:00 AM,-5.0,984.9,28.2,-999,-999
13-11-2012 10:00:00 AM,-5.1,985.4,29.3,-999,-999
13-11-2012 11:00:00 AM,-4.9,985.7,32.4,-999,-999
13-11-2012 12:00:00 PM,-4.7,985.9,32.0,-999,-999
13-11-2012 01:00:00 PM,-4.6,985.5,29.2,-999,-999
13-11-2012 02:00:00 PM,-4.2,985.4,27.8,-999,-999
13-11-2012 03:00:00 PM,-3.7,985.5,26.4,-999,-999
13-11-2012 04:00:00 PM,-3.8,985.9,26.7,-999,-999
13-11-2012 05:00:00 PM,-4.2,986.3,27.7,-999,-999
13-11-2012 06:00:00 PM,-4.5,986.5,28.0,-999,-999
13-11-2012 07:00:00 PM,-4.8,987.0,26.2,-999,-999
13-11-2012 08:00:00 PM,-5.2,986.8,32.5,-999,-999
13-11-2012 09:00:00 PM,-4.9,986.6,31.4,-999,-999
13-11-2012 10:00:00 PM,-5.1,986.8,35.5,-999,-999
13-11-2012 11:00:00 PM,-4.9,986.4,34.1,-999,-999
14-11-2012 12:00:00 AM,-4.9,986.5,33.3,-999,-999
14-11-2012 01:00:00 AM,-5.1,986.2,36.8,-999,-999
14-11-2012 02:00:00 AM,-5.3,986.3,35.3,-999,-999
14-11-2012 03:00:00 AM,-5.7,986.4,33.6,-999,-999
14-11-2012 04:00:00 AM,-5.7,986.0,39.4,-999,-999
14-11-2012 05:00:00 AM,-5.2,985.8,38.5,-999,-999
14-11-2012 06:00:00 AM,-5.1,986.3,36.7,-999,-999
14-11-2012 07:00:00 AM,-5.0,986.0,39.3,-999,-999
14-11-2012 08:00:00 AM,-4.8,986.2,38.1,-999,-999
14-11-2012 09:00:00 AM,-4.1,986.2,34.2,-999,-999
14-11-2012 10:00:00 AM,-3.7,985.9,33.2,-999,-999
14-11-2012 11:00:00 AM,-3.6,985.6,34.4,-999,-999
14-11-2012 12:00:00 PM,-3.5,985.6,26.5,-999,-999
14-11-2012 01:00:00 PM,-3.6,985.6,26.8,-999,-999
14-11-2012 02:00:00 PM,-3.2,985.2,23.4,-999,-999
14-11-2012 03:00:00 PM,-3.7,985.2,22.3,-999,-999
14-11-2012 04:00:00 PM,-4.1,984.9,22.1,-999,-999
14-11-2012 05:00:00 PM,-4.7,984.9,22.9,-999,-999
14-11-2012 06:00:00 PM,-5.5,985.0,29.4,-999,-999
14-11-2012 07:00:00 PM,-5.8,985.0,35.7,-999,-999
14-11-2012 08:00:00 PM,-6.2,985.1,38.4,-999,-999
14-11-2012 09:00:00 PM,-6.3,984.9,39.7,-999,-999
14-11-2012 10:00:00 PM,-5.7,984.7,43.6,-999,-999
14-11-2012 11:00:00 PM,-5.8,984.8,42.7,-999,-999
15-11-2012 12:00:00 AM,-5.7,984.9,39.8,-999,-999
15-11-2012 01:00:00 AM,-5.5,984.4,39.3,-999,-999
15-11-2012 02:00:00 AM,-5.6,984.4,43.0,-999,-999
15-11-2012 03:00:00 AM,-5.6,984.6,41.9,-999,-999
15-11-2012 04:00:00 AM,-5.6,984.5,40.9,-999,-999
15-11-2012 05:00:00 AM,-5.4,985.0,42.7,-999,-999
15-11-2012 06:00:00 AM,-5.3,985.2,38.8,-999,-999
15-11-2012 07:00:00 AM,-5.2,985.3,42.7,-999,-999
15-11-2012 08:00:00 AM,-4.9,985.6,39.8,-999,-999
15-11-2012 09:00:00 AM,-4.8,985.9,37.1,-999,-999
15-11-2012 10:00:00 AM,-4.6,985.8,36.6,-999,-999
15-11-2012 11:00:00 AM,-4.4,985.9,33.7,-999,-999
15-11-2012 12:00:00 PM,-4.1,986.2,35.7,-999,-999
15-11-2012 01:00:00 PM,-3.9,986.4,34.3,-999,-999
15-11-2012 02:00:00 PM,-4.0,986.4,35.1,-999,-999
15-11-2012 03:00:00 PM,-3.8,986.2,33.1,-999,-999
15-11-2012 04:00:00 PM,-3.7,986.1,32.0,-999,-999
15-11-2012 05:00:00 PM,-3.7,986.3,30.0,-999,-999
15-11-2012 06:00:00 PM,-3.8,986.9,24.0,-999,-999
15-11-2012 07:00:00 PM,-3.9,986.7,29.2,-999,-999
15-11-2012 08:00:00 PM,-4.2,986.6,32.5,-999,-999
15-11-2012 09:00:00 PM,-5.0,986.8,34.0,-999,-999
15-11-2012 10:00:00 PM,-5.0,986.7,34.0,-999,-999
15-11-2012 11:00:00 PM,-4.9,987.1,33.1,-999,-999
16-11-2012 12:00:00 AM,-4.9,986.9,36.9,-999,-999
16-11-2012 01:00:00 AM,-5.1,987.0,29.3,-999,-999
16-11-2012 02:00:00 AM,-4.9,986.6,30.1,-999,-999
16-11-2012 03:00:00 AM,-4.6,986.5,32.0,-999,-999
16-11-2012 04:00:00 AM,-4.6,986.2,31.2,-999,-999
16-11-2012 05:00:00 AM,-4.4,985.9,33.1,-999,-999
16-11-2012 06:00:00 AM,-4.3,986.5,30.7,-999,-999
16-11-2012 07:00:00 AM,-4.1,986.4,33.2,-999,-999
16-11-2012 08:00:00 AM,-3.9,986.6,26.1,-999,-999
16-11-2012 09:00:00 AM,-3.7,986.4,28.1,-999,-999
16-11-2012 10:00:00 AM,-3.4,986.7,25.5,-999,-999
16-11-2012 11:00:00 AM,-3.3,986.5,18.5,-999,-999
16-11-2012 12:00:00 PM,-3.1,986.3,16.8,-999,-999
16-11-2012 01:00:00 PM,-2.7,986.2,25.6,-999,-999
16-11-2012 02:00:00 PM,-3.0,986.3,21.5,-999,-999
16-11-2012 03:00:00 PM,-3.6,986.3,18.9,-999,-999
16-11-2012 04:00:00 PM,-3.8,986.1,23.8,-999,-999
16-11-2012 05:00:00 PM,-4.1,986.4,20.2,-999,-999
16-11-2012 06:00:00 PM,-4.3,986.4,23.4,-999,-999
16-11-2012 07:00:00 PM,-4.5,985.8,28.0,-999,-999
16-11-2012 08:00:00 PM,-4.7,985.7,25.7,-999,-999
16-11-2012 09:00:00 PM,-4.7,985.8,27.5,-999,-999
16-11-2012 10:00:00 PM,-5.0,985.5,24.6,-999,-999
16-11-2012 11:00:00 PM,-4.9,984.7,29.8,-999,-999
17-11-2012 12:00:00 AM,-4.6,984.1,32.7,-999,-999
17-11-2012 01:00:00 AM,-4.5,983.8,35.1,-999,-999
17-11-2012 02:00:00 AM,-4.3,983.6,31.2,-999,-999
17-11-2012 03:00:00 AM,-4.3,983.3,35.3,-999,-999
17-11-2012 04:00:00 AM,-3.8,982.8,33.4,-999,-999
17-11-2012 05:00:00 AM,-3.5,982.5,29.6,-999,-999
17-11-2012 06:00:00 AM,-3.0,982.3,31.4,-999,-999
17-11-2012 07:00:00 AM,-3.0,982.8,27.1,-999,-999
17-11-2012 08:00:00 AM,-2.7,982.5,27.2,-999,-999
17-11-2012 09:00:00 AM,-2.5,982.8,22.8,-999,-999
17-11-2012 10:00:00 AM,-2.4,982.4,23.4,-999,-999
17-11-2012 11:00:00 AM,-2.5,982.5,19.0,-999,-999
17-11-2012 12:00:00 PM,-2.8,982.6,22.0,-999,-999
17-11-2012 01:00:00 PM,-2.6,982.6,21.4,-999,-999
17-11-2012 02:00:00 PM,-2.8,982.8,22.8,-999,-999
17-11-2012 03:00:00 PM,-2.6,982.7,24.1,-999,-999
17-11-2012 04:00:00 PM,-3.0,983.0,28.7,-999,-999
17-11-2012 05:00:00 PM,-3.2,983.7,24.3,-999,-999
17-11-2012 06:00:00 PM,-3.5,984.2,25.4,-999,-999
17-11-2012 07:00:00 PM,-3.7,984.9,25.7,-999,-999
17-11-2012 08:00:00 PM,-4.1,985.6,26.7,-999,-999
17-11-2012 09:00:00 PM,-5.1,985.9,28.7,-999,-999
17-11-2012 10:00:00 PM,-5.4,986.5,33.4,-999,-999
17-11-2012 11:00:00 PM,-5.5,987.0,35.0,-999,-999
18-11-2012 12:00:00 AM,-5.4,987.4,35.4,-999,-999
18-11-2012 01:00:00 AM,-5.1,987.5,37.3,-999,-999
18-11-2012 02:00:00 AM,-4.6,988.4,37.0,-999,-999
18-11-2012 03:00:00 AM,-4.5,988.8,31.5,-999,-999
18-11-2012 04:00:00 AM,-4.2,989.3,32.5,-999,-999
18-11-2012 05:00:00 AM,-4.1,989.8,32.4,-999,-999
18-11-2012 06:00:00 AM,-4.2,990.5,28.6,-999,-999
18-11-2012 07:00:00 AM,-3.9,991.5,25.1,-999,-999
18-11-2012 08:00:00 AM,-3.8,991.7,27.4,-999,-999
18-11-2012 09:00:00 AM,-3.6,992.2,28.0,-999,-999
18-11-2012 10:00:00 AM,-3.5,992.4,24.5,-999,-999
18-11-2012 11:00:00 AM,-3.3,992.5,24.7,-999,-999
18-11-2012 12:00:00 PM,-3.1,992.8,25.7,-999,-999
18-11-2012 01:00:00 PM,-3.1,993.1,23.0,-999,-999
18-11-2012 02:00:00 PM,-3.0,993.6,21.0,-999,-999
18-11-2012 03:00:00 PM,-2.9,994.0,22.0,-999,-999
18-11-2012 04:00:00 PM,-3.1,994.4,22.0,-999,-999
18-11-2012 05:00:00 PM,-3.1,994.9,19.8,-999,-999
18-11-2012 06:00:00 PM,-3.3,995.2,24.9,-999,-999
18-11-2012 07:00:00 PM,-3.3,995.2,24.8,-999,-999
18-11-2012 08:00:00 PM,-3.3,995.6,26.1,-999,-999
18-11-2012 09:00:00 PM,-3.6,995.7,24.4,-999,-999
18-11-2012 10:00:00 PM,-3.5,995.9,21.1,-999,-999
18-11-2012 11:00:00 PM,-3.9,995.7,27.2,-999,-999
19-11-2012 12:00:00 AM,-4.0,995.3,28.3,-999,-999
19-11-2012 01:00:00 AM,-3.8,995.3,27.6,-999,-999
19-11-2012 02:00:00 AM,-3.8,995.2,28.0,-999,-999
19-11-2012 03:00:00 AM,-3.7,995.2,22.1,-999,-999
19-11-2012 04:00:00 AM,-3.8,994.8,23.8,-999,-999
19-11-2012 05:00:00 AM,-3.1,994.4,25.4,-999,-999
19-11-2012 06:00:00 AM,-1.8,993.9,19.2,-999,-999
19-11-2012 07:00:00 AM,-1.7,993.1,25.8,-999,-999
19-11-2012 08:00:00 AM,-1.4,992.7,25.9,-999,-999
19-11-2012 09:00:00 AM,-0.8,992.0,24.6,-999,-999
19-11-2012 10:00:00 AM,-0.4,991.2,21.3,-999,-999
19-11-2012 11:00:00 AM,-0.4,990.3,22.9,-999,-999
19-11-2012 12:00:00 PM,0.3,989.2,26.2,-999,-999
19-11-2012 01:00:00 PM,-0.2,988.9,18.8,-999,-999
19-11-2012 02:00:00 PM,0.0,988.4,21.0,-999,-999
19-11-2012 03:00:00 PM,-0.8,987.5,18.9,-999,-999
19-11-2012 04:00:00 PM,-1.1,986.4,24.8,-999,-999
19-11-2012 05:00:00 PM,-1.4,986.3,20.5,-999,-999
19-11-2012 06:00:00 PM,-1.5,985.6,24.8,-999,-999
19-11-2012 07:00:00 PM,-1.6,985.0,33.5,-999,-999
19-11-2012 08:00:00 PM,-1.9,984.8,33.1,-999,-999
19-11-2012 09:00:00 PM,-2.2,984.5,31.5,-999,-999
19-11-2012 10:00:00 PM,-2.4,984.0,34.1,-999,-999
19-11-2012 11:00:00 PM,-2.4,984.0,31.2,-999,-999
20-11-2012 12:00:00 AM,-2.4,984.0,34.7,-999,-999
20-11-2012 01:00:00 AM,-2.6,983.6,32.5,-999,-999
20-11-2012 02:00:00 AM,-2.3,983.3,38.7,-999,-999
20-11-2012 03:00:00 AM,-2.0,983.4,33.2,-999,-999
20-11-2012 04:00:00 AM,-1.8,983.6,31.0,-999,-999
20-11-2012 05:00:00 AM,-2.3,983.8,31.1,-999,-999
20-11-2012 06:00:00 AM,-2.1,984.1,28.0,-999,-999
20-11-2012 07:00:00 AM,-1.6,984.4,28.3,-999,-999
20-11-2012 08:00:00 AM,-1.2,985.0,26.2,-999,-999
20-11-2012 09:00:00 AM,-1.0,985.2,30.8,-999,-999
20-11-2012 10:00:00 AM,-0.8,985.8,28.9,-999,-999
20-11-2012 11:00:00 AM,-0.3,986.2,27.2,-999,-999
20-11-2012 12:00:00 PM,0.0,986.7,24.0,-999,-999
20-11-2012 01:00:00 PM,0.3,986.8,22.2,-999,-999
20-11-2012 02:00:00 PM,0.1,986.7,25.5,-999,-999
20-11-2012 03:00:00 PM,-0.1,986.5,25.7,-999,-999
20-11-2012 04:00:00 PM,-0.3,986.9,24.0,-999,-999
20-11-2012 05:00:00 PM,-0.7,987.5,25.9,-999,-999
20-11-2012 06:00:00 PM,-1.0,987.9,24.6,-999,-999
20-11-2012 07:00:00 PM,-1.3,988.3,22.2,-999,-999
20-11-2012 08:00:00 PM,-1.2,988.5,22.7,-999,-999
20-11-2012 09:00:00 PM,-1.4,988.9,22.7,-999,-999
20-11-2012 10:00:00 PM,-1.6,989.1,20.9,-999,-999
20-11-2012 11:00:00 PM,-1.5,989.0,28.2,-999,-999
21-11-2012 12:00:00 AM,-1.4,989.4,27.1,-999,-999
21-11-2012 01:00:00 AM,-1.3,989.8,28.8,-999,-999
21-11-2012 02:00:00 AM,-1.2,989.9,26.7,-999,-999
21-11-2012 03:00:00 AM,-1.3,990.1,23.4,-999,-999
21-11-2012 04:00:00 AM,-1.0,989.7,27.3,-999,-999
21-11-2012 05:00:00 AM,-0.9,989.8,25.3,-999,-999
21-11-2012 06:00:00 AM,-0.5,990.0,27.2,-999,-999
21-11-2012 07:00:00 AM,-0.1,990.1,24.9,-999,-999
21-11-2012 08:00:00 AM,0.5,989.8,26.8,-999,-999
21-11-2012 09:00:00 AM,0.8,989.8,25.8,-999,-999
21-11-2012 10:00:00 AM,1.2,989.9,26.0,-999,-999
21-11-2012 11:00:00 AM,2.4,989.6,21.9,-999,-999
21-11-2012 12:00:00 PM,2.1,989.5,21.3,-999,-999
21-11-2012 01:00:00 PM,2.7,989.2,18.6,-999,-999
21-11-2012 02:00:00 PM,3.3,988.7,24.2,-999,-999
21-11-2012 03:00:00 PM,2.5,988.7,23.2,-999,-999
21-11-2012 04:00:00 PM,2.0,988.8,24.1,-999,-999
21-11-2012 05:00:00 PM,1.6,989.0,18.9,-999,-999
21-11-2012 06:00:00 PM,1.7,988.6,15.2,-999,-999
21-11-2012 07:00:00 PM,1.3,988.6,15.2,-999,-999
21-11-2012 08:00:00 PM,0.8,988.7,12.8,-999,-999
21-11-2012 09:00:00 PM,0.8,988.2,22.0,-999,-999
21-11-2012 10:00:00 PM,0.5,988.3,18.4,-999,-999
21-11-2012 11:00:00 PM,0.0,988.8,20.5,-999,-999
22-11-2012 12:00:00 AM,0.3,989.1,23.0,-999,-999
22-11-2012 01:00:00 AM,0.4,989.2,22.8,-999,-999
22-11-2012 02:00:00 AM,-0.2,989.2,20.6,-999,-999
22-11-2012 03:00:00 AM,-0.3,989.3,23.9,-999,-999
22-11-2012 04:00:00 AM,0.0,989.6,21.2,-999,-999
22-11-2012 05:00:00 AM,0.3,989.6,17.9,-999,-999
22-11-2012 06:00:00 AM,0.9,989.6,15.2,-999,-999
22-11-2012 07:00:00 AM,1.2,989.7,17.2,-999,-999
22-11-2012 08:00:00 AM,1.4,989.5,18.5,-999,-999
22-11-2012 09:00:00 AM,1.9,989.3,21.7,-999,-999
22-11-2012 10:00:00 AM,2.3,988.5,15.1,-999,-999
22-11-2012 11:00:00 AM,3.2,988.5,12.6,-999,-999
22-11-2012 12:00:00 PM,3.4,988.3,14.1,-999,-999
22-11-2012 01:00:00 PM,3.0,988.1,12.7,-999,-999
22-11-2012 02:00:00 PM,3.1,987.4,16.6,-999,-999
22-11-2012 03:00:00 PM,2.5,986.9,11.1,-999,-999
22-11-2012 04:00:00 PM,2.4,986.5,8.4,-999,-999
22-11-2012 05:00:00 PM,2.6,986.2,14.3,-999,-999
22-11-2012 06:00:00 PM,2.7,985.9,6.9,-999,-999
22-11-2012 07:00:00 PM,0.7,985.8,14.4,-999,-999
22-11-2012 08:00:00 PM,1.2,985.9,17.8,-999,-999
22-11-2012 09:00:00 PM,0.4,985.8,14.8,-999,-999
22-11-2012 10:00:00 PM,-0.2,985.8,24.3,-999,-999
22-11-2012 11:00:00 PM,-0.5,986.3,21.9,-999,-999
23-11-2012 12:00:00 AM,-1.4,986.3,27.1,-999,-999
23-11-2012 01:00:00 AM,-1.1,986.3,34.4,-999,-999
23-11-2012 02:00:00 AM,-1.4,986.2,35.3,-999,-999
23-11-2012 03:00:00 AM,-1.6,986.5,34.3,-999,-999
23-11-2012 04:00:00 AM,-1.7,986.6,28.2,-999,-999
23-11-2012 05:00:00 AM,-1.5,987.5,28.7,-999,-999
23-11-2012 06:00:00 AM,-1.1,987.8,24.8,-999,-999
23-11-2012 07:00:00 AM,0.0,987.9,22.5,-999,-999
23-11-2012 08:00:00 AM,0.7,988.0,21.6,-999,-999
23-11-2012 09:00:00 AM,1.6,988.4,20.7,-999,-999
23-11-2012 10:00:00 AM,2.0,988.1,21.0,-999,-999
23-11-2012 11:00:00 AM,2.5,988.1,20.1,-999,-999
23-11-2012 12:00:00 PM,2.5,988.2,18.9,-999,-999
23-11-2012 01:00:00 PM,2.5,988.3,16.3,-999,-999
23-11-2012 02:00:00 PM,2.7,987.8,14.3,-999,-999
23-11-2012 03:00:00 PM,2.8,987.2,11.0,-999,-999
23-11-2012 04:00:00 PM,2.6,987.3,12.5,-999,-999
23-11-2012 05:00:00 PM,2.1,987.0,9.8,-999,-999
23-11-2012 06:00:00 PM,1.8,987.0,10.8,-999,-999
23-11-2012 07:00:00 PM,1.2,986.8,6.7,-999,-999
23-11-2012 08:00:00 PM,0.2,986.5,12.3,-999,-999
23-11-2012 09:00:00 PM,-0.1,987.0,9.5,-999,-999
23-11-2012 10:00:00 PM,-1.1,986.7,11.9,-999,-999
23-11-2012 11:00:00 PM,-1.1,986.6,12.9,-999,-999
24-11-2012 12:00:00 AM,-2.3,986.8,16.5,-999,-999
24-11-2012 01:00:00 AM,-2.8,986.7,19.7,-999,-999
24-11-2012 02:00:00 AM,-2.9,986.7,22.6,-999,-999
24-11-2012 03:00:00 AM,-2.7,986.8,20.5,-999,-999
24-11-2012 04:00:00 AM,-2.1,987.0,17.1,-999,-999
24-11-2012 05:00:00 AM,-1.8,987.0,19.0,-999,-999
24-11-2012 06:00:00 AM,-1.4,987.0,18.7,-999,-999
24-11-2012 07:00:00 AM,0.0,987.0,16.3,-999,-999
24-11-2012 08:00:00 AM,0.6,987.1,13.7,-999,-999
24-11-2012 09:00:00 AM,0.7,987.1,16.3,-999,-999
24-11-2012 10:00:00 AM,1.2,987.1,17.0,-999,-999
24-11-2012 11:00:00 AM,1.8,987.0,15.9,-999,-999
24-11-2012 12:00:00 PM,1.7,986.8,13.8,-999,-999
24-11-2012 01:00:00 PM,2.3,986.6,10.7,-999,-999
24-11-2012 02:00:00 PM,2.1,986.5,10.0,-999,-999
24-11-2012 03:00:00 PM,1.4,986.2,7.6,-999,-999
24-11-2012 04:00:00 PM,0.6,986.0,10.1,-999,-999
24-11-2012 05:00:00 PM,-0.1,986.0,10.4,-999,-999
24-11-2012 06:00:00 PM,-1.0,986.2,13.2,-999,-999
24-11-2012 07:00:00 PM,-1.5,986.3,8.8,-999,-999
24-11-2012 08:00:00 PM,-2.0,986.6,9.7,-999,-999
24-11-2012 09:00:00 PM,-2.8,986.8,9.6,-999,-999
24-11-2012 10:00:00 PM,-3.7,987.1,14.5,-999,-999
24-11-2012 11:00:00 PM,-4.1,987.5,12.6,-999,-999
25-11-2012 12:00:00 AM,-4.4,987.8,4.9,-999,-999
25-11-2012 01:00:00 AM,-4.8,988.1,16.2,-999,-999
25-11-2012 02:00:00 AM,-5.0,988.1,15.5,-999,-999
25-11-2012 03:00:00 AM,-5.0,988.4,17.7,-999,-999
25-11-2012 04:00:00 AM,-4.9,988.6,17.2,-999,-999
25-11-2012 05:00:00 AM,-3.3,988.7,13.1,-999,-999
25-11-2012 06:00:00 AM,-2.6,989.1,11.8,-999,-999
25-11-2012 07:00:00 AM,-1.5,989.6,9.4,-999,-999
25-11-2012 08:00:00 AM,-0.8,989.8,9.9,-999,-999
25-11-2012 09:00:00 AM,-1.4,990.0,7.4,-999,-999
25-11-2012 10:00:00 AM,-0.8,990.0,5.8,-999,-999
25-11-2012 11:00:00 AM,1.0,990.1,12.2,-999,-999
25-11-2012 12:00:00 PM,1.5,990.0,8.1,-999,-999
25-11-2012 01:00:00 PM,0.6,989.8,10.4,-999,-999
25-11-2012 02:00:00 PM,0.0,989.8,6.6,-999,-999
25-11-2012 03:00:00 PM,-1.4,989.4,8.4,-999,-999
25-11-2012 04:00:00 PM,-1.5,989.4,4.8,-999,-999
25-11-2012 05:00:00 PM,-1.3,989.1,9.2,-999,-999
25-11-2012 06:00:00 PM,-1.4,988.9,9.0,-999,-999
25-11-2012 07:00:00 PM,-1.1,988.7,7.7,-999,-999
25-11-2012 08:00:00 PM,-1.9,988.2,8.6,-999,-999
25-11-2012 09:00:00 PM,-2.5,987.8,12.6,-999,-999
25-11-2012 10:00:00 PM,-4.2,987.5,5.9,-999,-999
25-11-2012 11:00:00 PM,-4.3,986.7,14.7,-999,-999
26-11-2012 12:00:00 AM,-3.9,986.3,8.1,-999,-999
26-11-2012 01:00:00 AM,-5.0,985.8,5.5,-999,-999
26-11-2012 02:00:00 AM,-5.3,985.4,5.7,-999,-999
26-11-2012 03:00:00 AM,-5.1,985.3,3.4,-999,-999
26-11-2012 04:00:00 AM,-4.4,984.7,11.1,-999,-999
26-11-2012 05:00:00 AM,-5.8,984.6,6.2,-999,-999
26-11-2012 06:00:00 AM,-5.5,984.0,8.9,-999,-999
26-11-2012 07:00:00 AM,-3.6,983.5,3.4,-999,-999
26-11-2012 08:00:00 AM,-4.1,983.0,6.4,-999,-999
26-11-2012 09:00:00 AM,-2.0,982.4,9.4,-999,-999
26-11-2012 10:00:00 AM,-2.5,982.1,11.3,-999,-999
26-11-2012 11:00:00 AM,-1.1,982.1,9.7,-999,-999
26-11-2012 12:00:00 PM,-1.8,981.7,13.0,-999,-999
26-11-2012 01:00:00 PM,-2.7,981.4,7.3,-999,-999
26-11-2012 02:00:00 PM,0.7,981.1,8.4,-999,-999
26-11-2012 03:00:00 PM,-0.4,980.7,8.4,-999,-999
26-11-2012 04:00:00 PM,0.0,980.7,7.2,-999,-999
26-11-2012 05:00:00 PM,-1.6,980.8,7.6,-999,-999
26-11-2012 06:00:00 PM,-3.5,980.6,10.3,-999,-999
26-11-2012 07:00:00 PM,-4.0,980.6,11.5,-999,-999
26-11-2012 08:00:00 PM,-5.7,981.1,14.1,-999,-999
26-11-2012 09:00:00 PM,-7.8,981.4,15.4,-999,-999
26-11-2012 10:00:00 PM,-8.3,981.6,13.5,-999,-999
26-11-2012 11:00:00 PM,-9.3,982.1,11.0,-999,-999
27-11-2012 12:00:00 AM,-9.8,982.5,9.1,-999,-999
27-11-2012 01:00:00 AM,-10.0,982.4,5.2,-999,-999
27-11-2012 02:00:00 AM,-5.5,982.0,18.0,-999,-999
27-11-2012 03:00:00 AM,-5.4,982.1,18.5,-999,-999
27-11-2012 04:00:00 AM,-4.7,982.1,21.1,-999,-999
27-11-2012 05:00:00 AM,-5.9,982.7,8.9,-999,-999
27-11-2012 06:00:00 AM,-5.0,982.9,9.1,-999,-999
27-11-2012 07:00:00 AM,-3.3,983.3,10.0,-999,-999
27-11-2012 08:00:00 AM,-2.8,983.8,17.6,-999,-999
27-11-2012 09:00:00 AM,-3.1,984.1,10.6,-999,-999
27-11-2012 10:00:00 AM,-2.0,984.5,10.1,-999,-999
27-11-2012 11:00:00 AM,-1.2,984.3,7.2,-999,-999
27-11-2012 12:00:00 PM,0.7,984.4,11.4,-999,-999
27-11-2012 01:00:00 PM,1.0,984.5,12.1,-999,-999
27-11-2012 02:00:00 PM,1.0,984.6,11.6,-999,-999
27-11-2012 03:00:00 PM,0.7,984.6,14.2,-999,-999
27-11-2012 04:00:00 PM,0.0,984.5,12.2,-999,-999
27-11-2012 05:00:00 PM,-0.3,984.7,7.9,-999,-999
27-11-2012 06:00:00 PM,-1.2,984.8,8.1,-999,-999
27-11-2012 07:00:00 PM,-2.0,985.0,5.0,-999,-999
27-11-2012 08:00:00 PM,-1.9,985.1,7.4,-999,-999
27-11-2012 09:00:00 PM,-2.4,985.2,4.4,-999,-999
27-11-2012 10:00:00 PM,-4.1,985.4,8.8,-999,-999
27-11-2012 11:00:00 PM,-4.8,985.6,7.0,-999,-999
28-11-2012 12:00:00 AM,-6.0,985.8,13.6,-999,-999
28-11-2012 01:00:00 AM,-6.2,986.3,8.4,-999,-999
28-11-2012 02:00:00 AM,-5.3,986.5,12.3,-999,-999
28-11-2012 03:00:00 AM,-5.5,986.7,16.1,-999,-999
28-11-2012 04:00:00 AM,-5.0,986.9,16.1,-999,-999
28-11-2012 05:00:00 AM,-4.6,987.1,16.3,-999,-999
28-11-2012 06:00:00 AM,-3.7,987.4,15.0,-999,-999
28-11-2012 07:00:00 AM,-3.2,987.6,16.2,-999,-999
28-11-2012 08:00:00 AM,-1.5,987.7,15.4,-999,-999
28-11-2012 09:00:00 AM,-1.1,987.9,14.7,-999,-999
28-11-2012 10:00:00 AM,-0.6,988.1,10.4,-999,-999
28-11-2012 11:00:00 AM,0.2,988.7,12.6,-999,-999
28-11-2012 12:00:00 PM,-0.1,989.0,10.4,-999,-999
28-11-2012 01:00:00 PM,0.4,989.3,7.6,-999,-999
28-11-2012 02:00:00 PM,0.2,989.3,10.6,-999,-999
28-11-2012 03:00:00 PM,-0.4,989.6,9.5,-999,-999
28-11-2012 04:00:00 PM,-0.8,989.9,9.7,-999,-999
28-11-2012 05:00:00 PM,-1.7,990.2,11.0,-999,-999
28-11-2012 06:00:00 PM,-2.2,990.6,9.2,-999,-999
28-11-2012 07:00:00 PM,-2.8,990.8,9.2,-999,-999
28-11-2012 08:00:00 PM,-2.8,991.0,6.3,-999,-999
28-11-2012 09:00:00 PM,-2.7,991.1,5.4,-999,-999
28-11-2012 10:00:00 PM,-4.1,991.2,6.9,-999,-999
28-11-2012 11:00:00 PM,-5.0,991.2,16.1,-999,-999
29-11-2012 12:00:00 AM,-5.6,991.0,18.5,-999,-999
29-11-2012 01:00:00 AM,-6.5,990.8,20.7,-999,-999
29-11-2012 02:00:00 AM,-6.1,990.8,20.2,-999,-999
29-11-2012 03:00:00 AM,-4.3,990.8,13.8,-999,-999
29-11-2012 04:00:00 AM,-4.8,990.3,23.1,-999,-999
29-11-2012 05:00:00 AM,-4.0,989.5,24.0,-999,-999
29-11-2012 06:00:00 AM,-3.4,989.2,17.8,-999,-999
29-11-2012 07:00:00 AM,-2.6,988.4,22.4,-999,-999
29-11-2012 08:00:00 AM,-1.6,988.0,19.8,-999,-999
29-11-2012 09:00:00 AM,0.0,987.2,22.4,-999,-999
29-11-2012 10:00:00 AM,0.8,986.4,19.1,-999,-999
29-11-2012 11:00:00 AM,1.2,985.7,16.0,-999,-999
29-11-2012 12:00:00 PM,1.7,984.9,12.9,-999,-999
29-11-2012 01:00:00 PM,2.9,984.0,13.3,-999,-999
29-11-2012 02:00:00 PM,3.7,983.0,11.0,-999,-999
29-11-2012 03:00:00 PM,2.9,981.6,3.7,-999,-999
29-11-2012 04:00:00 PM,2.1,980.5,8.8,-999,-999
29-11-2012 05:00:00 PM,1.9,979.1,7.4,-999,-999
29-11-2012 06:00:00 PM,1.7,977.9,9.3,-999,-999
29-11-2012 07:00:00 PM,0.1,976.3,23.2,-999,-999
29-11-2012 08:00:00 PM,-0.9,976.1,18.8,-999,-999
29-11-2012 09:00:00 PM,-0.5,976.3,17.4,-999,-999
29-11-2012 10:00:00 PM,-1.5,975.7,28.2,-999,-999
29-11-2012 11:00:00 PM,-1.4,975.7,29.1,-999,-999
30-11-2012 12:00:00 AM,-1.4,976.1,24.8,-999,-999
30-11-2012 01:00:00 AM,-0.8,976.5,30.5,-999,-999
30-11-2012 02:00:00 AM,-0.9,977.0,25.5,-999,-999
30-11-2012 03:00:00 AM,0.1,977.3,22.9,-999,-999
30-11-2012 04:00:00 AM,0.1,977.8,28.3,-999,-999
30-11-2012 05:00:00 AM,0.2,978.3,26.1,-999,-999
30-11-2012 06:00:00 AM,0.4,978.6,21.6,-999,-999
30-11-2012 07:00:00 AM,1.0,979.2,26.4,-999,-999
30-11-2012 08:00:00 AM,1.0,980.0,25.8,-999,-999
30-11-2012 09:00:00 AM,1.0,980.5,26.1,-999,-999
30-11-2012 10:00:00 AM,1.6,980.9,28.0,-999,-999
30-11-2012 11:00:00 AM,1.8,981.3,28.4,-999,-999
30-11-2012 12:00:00 PM,1.4,982.1,24.3,-999,-999
30-11-2012 01:00:00 PM,1.1,982.9,22.5,-999,-999
30-11-2012 02:00:00 PM,1.1,983.2,23.9,-999,-999
30-11-2012 03:00:00 PM,1.3,983.2,23.9,-999,-999
30-11-2012 04:00:00 PM,1.2,983.5,24.9,-999,-999
30-11-2012 05:00:00 PM,1.0,983.8,23.6,-999,-999
30-11-2012 06:00:00 PM,0.5,984.5,24.3,-999,-999
30-11-2012 07:00:00 PM,0.2,984.6,25.7,-999,-999
30-11-2012 08:00:00 PM,0.0,985.2,24.2,-999,-999
30-11-2012 09:00:00 PM,-0.2,985.6,27.3,-999,-999
30-11-2012 10:00:00 PM,-0.3,986.0,25.8,-999,-999
30-11-2012 11:00:00 PM,-0.5,986.6,22.0,-999,-999
01-12-2012 12:00:00 AM,-0.7,986.5,22.2,-999,-999
01-12-2012 01:00:00 AM,-0.4,986.7,23.4,-999,-999
01-12-2012 02:00:00 AM,-0.8,986.8,23.3,-999,-999
01-12-2012 03:00:00 AM,-0.9,986.5,22.3,-999,-999
01-12-2012 04:00:00 AM,-0.5,986.7,19.8,-999,-999
01-12-2012 05:00:00 AM,-1.1,986.7,19.9,-999,-999
01-12-2012 06:00:00 AM,-0.6,986.6,19.4,-999,-999
01-12-2012 07:00:00 AM,-0.2,986.4,17.4,-999,-999
01-12-2012 08:00:00 AM,0.9,986.3,15.3,-999,-999
01-12-2012 09:00:00 AM,1.0,985.9,18.1,-999,-999
01-12-2012 10:00:00 AM,1.8,985.2,17.9,-999,-999
01-12-2012 11:00:00 AM,2.4,984.8,19.7,-999,-999
01-12-2012 12:00:00 PM,2.7,984.4,16.3,-999,-999
01-12-2012 01:00:00 PM,2.6,984.0,15.6,-999,-999
01-12-2012 02:00:00 PM,2.7,983.4,12.7,-999,-999
01-12-2012 03:00:00 PM,3.4,982.9,13.6,-999,-999
01-12-2012 04:00:00 PM,2.5,982.7,11.8,-999,-999
01-12-2012 05:00:00 PM,1.4,982.3,12.2,-999,-999
01-12-2012 06:00:00 PM,0.8,981.9,11.1,-999,-999
01-12-2012 07:00:00 PM,0.4,981.7,10.7,-999,-999
01-12-2012 08:00:00 PM,-0.1,981.2,11.3,-999,-999
01-12-2012 09:00:00 PM,-0.6,981.0,9.8,-999,-999
01-12-2012 10:00:00 PM,-1.4,980.8,13.1,-999,-999
01-12-2012 11:00:00 PM,-1.5,980.9,6.4,-999,-999
02-12-2012 12:00:00 AM,-2.7,980.9,6.1,-999,-999
02-12-2012 01:00:00 AM,-2.6,980.6,14.3,-999,-999
02-12-2012 02:00:00 AM,-3.0,980.4,18.1,-999,-999
02-12-2012 03:00:00 AM,-2.7,980.5,17.8,-999,-999
02-12-2012 04:00:00 AM,-2.4,980.5,17.2,-999,-999
02-12-2012 05:00:00 AM,-1.2,980.5,16.3,-999,-999
02-12-2012 06:00:00 AM,0.0,980.8,12.2,-999,-999
02-12-2012 07:00:00 AM,0.6,981.0,14.2,-999,-999
02-12-2012 08:00:00 AM,1.0,981.0,12.5,-999,-999
02-12-2012 09:00:00 AM,2.9,980.9,17.9,-999,-999
02-12-2012 10:00:00 AM,2.1,980.9,16.5,-999,-999
02-12-2012 11:00:00 AM,4.0,980.8,17.3,-999,-999
02-12-2012 12:00:00 PM,2.8,980.8,14.3,-999,-999
02-12-2012 01:00:00 PM,1.7,980.9,8.7,-999,-999
02-12-2012 02:00:00 PM,2.1,980.6,5.8,-999,-999
02-12-2012 03:00:00 PM,1.9,980.3,6.4,-999,-999
02-12-2012 04:00:00 PM,1.1,980.0,5.1,-999,-999
02-12-2012 05:00:00 PM,1.6,979.9,6.9,-999,-999
02-12-2012 06:00:00 PM,1.5,979.8,8.4,-999,-999
02-12-2012 07:00:00 PM,1.1,979.8,6.8,-999,-999
02-12-2012 08:00:00 PM,-0.3,980.0,11.5,-999,-999
02-12-2012 09:00:00 PM,-1.0,980.6,7.4,-999,-999
02-12-2012 10:00:00 PM,-2.1,981.3,16.2,-999,-999
02-12-2012 11:00:00 PM,-2.5,982.2,10.8,-999,-999
03-12-2012 12:00:00 AM,-2.7,983.2,8.0,-999,-999
03-12-2012 01:00:00 AM,-2.8,983.9,9.6,-999,-999
03-12-2012 02:00:00 AM,-2.4,984.2,16.0,-999,-999
03-12-2012 03:00:00 AM,-3.0,984.5,16.2,-999,-999
03-12-2012 04:00:00 AM,-2.9,984.9,16.1,-999,-999
03-12-2012 05:00:00 AM,-1.7,985.3,13.6,-999,-999
03-12-2012 06:00:00 AM,-1.1,985.7,12.8,-999,-999
03-12-2012 07:00:00 AM,-0.4,986.0,13.1,-999,-999
03-12-2012 08:00:00 AM,-0.2,986.4,11.7,-999,-999
03-12-2012 09:00:00 AM,0.3,986.9,7.8,-999,-999
03-12-2012 10:00:00 AM,1.3,986.9,13.2,-999,-999
03-12-2012 11:00:00 AM,1.8,987.2,7.2,-999,-999
03-12-2012 12:00:00 PM,1.9,987.5,10.4,-999,-999
03-12-2012 01:00:00 PM,2.4,987.9,9.9,-999,-999
03-12-2012 02:00:00 PM,0.9,988.1,8.6,-999,-999
03-12-2012 03:00:00 PM,1.9,988.1,9.1,-999,-999
03-12-2012 04:00:00 PM,0.7,988.1,10.6,-999,-999
03-12-2012 05:00:00 PM,0.6,988.4,10.1,-999,-999
03-12-2012 06:00:00 PM,0.1,988.6,9.0,-999,-999
03-12-2012 07:00:00 PM,-0.3,989.0,11.5,-999,-999
03-12-2012 08:00:00 PM,-0.1,989.2,11.5,-999,-999
03-12-2012 09:00:00 PM,-0.8,989.3,9.1,-999,-999
03-12-2012 10:00:00 PM,-1.8,989.4,13.4,-999,-999
03-12-2012 11:00:00 PM,-2.4,989.7,15.1,-999,-999
04-12-2012 12:00:00 AM,-2.7,989.8,14.2,-999,-999
04-12-2012 01:00:00 AM,-2.6,990.2,10.4,-999,-999
04-12-2012 02:00:00 AM,-2.3,990.5,8.8,-999,-999
04-12-2012 03:00:00 AM,-2.2,990.8,3.9,-999,-999
04-12-2012 04:00:00 AM,-1.8,990.9,16.5,-999,-999
04-12-2012 05:00:00 AM,-1.6,991.1,17.3,-999,-999
04-12-2012 06:00:00 AM,-0.2,991.5,15.2,-999,-999
04-12-2012 07:00:00 AM,0.4,991.9,16.6,-999,-999
04-12-2012 08:00:00 AM,1.1,992.1,18.2,-999,-999
04-12-2012 09:00:00 AM,1.7,992.3,15.8,-999,-999
04-12-2012 10:00:00 AM,1.7,992.5,18.7,-999,-999
04-12-2012 11:00:00 AM,1.6,992.6,15.1,-999,-999
04-12-2012 12:00:00 PM,0.5,992.8,14.3,-999,-999
04-12-2012 01:00:00 PM,0.3,992.8,12.9,-999,-999
04-12-2012 02:00:00 PM,0.6,992.5,13.2,-999,-999
04-12-2012 03:00:00 PM,0.1,992.5,12.4,-999,-999
04-12-2012 04:00:00 PM,0.0,992.3,9.1,-999,-999
04-12-2012 05:00:00 PM,-0.6,992.0,8.8,-999,-999
04-12-2012 06:00:00 PM,-1.1,991.9,9.1,-999,-999
04-12-2012 07:00:00 PM,-1.3,991.5,8.8,-999,-999
04-12-2012 08:00:00 PM,-1.6,991.5,7.0,-999,-999
04-12-2012 09:00:00 PM,-1.9,991.1,8.6,-999,-999
04-12-2012 10:00:00 PM,-4.0,990.7,14.3,-999,-999
04-12-2012 11:00:00 PM,-4.8,990.6,8.7,-999,-999
05-12-2012 12:00:00 AM,-4.9,990.3,7.6,-999,-999
05-12-2012 01:00:00 AM,-5.4,989.7,11.2,-999,-999
05-12-2012 02:00:00 AM,-5.6,989.5,6.0,-999,-999
05-12-2012 03:00:00 AM,-5.1,989.2,7.1,-999,-999
05-12-2012 04:00:00 AM,-4.7,988.8,1.6,-999,-999
05-12-2012 05:00:00 AM,-4.6,988.4,7.1,-999,-999
05-12-2012 06:00:00 AM,-3.2,988.0,5.1,-999,-999
05-12-2012 07:00:00 AM,-3.1,987.8,9.1,-999,-999
05-12-2012 08:00:00 AM,-1.3,987.7,9.8,-999,-999
05-12-2012 09:00:00 AM,-0.3,987.5,6.4,-999,-999
05-12-2012 10:00:00 AM,0.0,987.0,7.3,-999,-999
05-12-2012 11:00:00 AM,0.8,986.9,11.4,-999,-999
05-12-2012 12:00:00 PM,0.9,986.6,8.1,-999,-999
05-12-2012 01:00:00 PM,0.1,986.5,13.1,-999,-999
05-12-2012 02:00:00 PM,-0.4,986.4,13.3,-999,-999
05-12-2012 03:00:00 PM,-0.6,986.6,12.1,-999,-999
05-12-2012 04:00:00 PM,-0.7,986.5,10.0,-999,-999
05-12-2012 05:00:00 PM,-0.8,986.4,7.5,-999,-999
05-12-2012 06:00:00 PM,-1.6,986.3,11.5,-999,-999
05-12-2012 07:00:00 PM,-2.0,986.4,7.8,-999,-999
05-12-2012 08:00:00 PM,-2.8,986.7,9.0,-999,-999
05-12-2012 09:00:00 PM,-4.3,986.8,6.3,-999,-999
05-12-2012 10:00:00 PM,-5.3,986.9,5.8,-999,-999
05-12-2012 11:00:00 PM,-5.8,987.0,5.2,-999,-999
06-12-2012 12:00:00 AM,-6.1,986.9,11.1,-999,-999
06-12-2012 01:00:00 AM,-6.5,987.4,6.8,-999,-999
06-12-2012 02:00:00 AM,-5.8,987.3,4.3,-999,-999
06-12-2012 03:00:00 AM,-5.2,987.3,14.8,-999,-999
06-12-2012 04:00:00 AM,-5.1,987.5,8.3,-999,-999
06-12-2012 05:00:00 AM,-4.8,987.9,3.4,-999,-999
06-12-2012 06:00:00 AM,-4.2,987.5,21.8,-999,-999
06-12-2012 07:00:00 AM,-3.3,987.7,22.3,-999,-999
06-12-2012 08:00:00 AM,-2.3,987.8,18.8,-999,-999
06-12-2012 09:00:00 AM,-1.3,988.1,16.5,-999,-999
06-12-2012 10:00:00 AM,-0.6,988.1,17.6,-999,-999
06-12-2012 11:00:00 AM,-0.2,988.1,17.1,-999,-999
06-12-2012 12:00:00 PM,0.8,987.9,17.3,-999,-999
06-12-2012 01:00:00 PM,0.8,987.8,13.3,-999,-999
06-12-2012 02:00:00 PM,2.0,988.0,12.8,-999,-999
06-12-2012 03:00:00 PM,1.7,987.9,6.9,-999,-999
06-12-2012 04:00:00 PM,0.3,987.7,8.9,-999,-999
06-12-2012 05:00:00 PM,-0.1,988.0,7.1,-999,-999
06-12-2012 06:00:00 PM,-0.5,988.0,9.6,-999,-999
06-12-2012 07:00:00 PM,-0.8,988.3,7.7,-999,-999
06-12-2012 08:00:00 PM,-1.1,988.5,1.3,-999,-999
06-12-2012 09:00:00 PM,-3.0,989.0,11.7,-999,-999
06-12-2012 10:00:00 PM,-4.6,989.7,7.7,-999,-999
06-12-2012 11:00:00 PM,-5.2,990.1,2.9,-999,-999
07-12-2012 12:00:00 AM,-5.6,990.1,8.6,-999,-999
07-12-2012 01:00:00 AM,-5.7,990.0,10.4,-999,-999
07-12-2012 02:00:00 AM,-5.6,989.9,12.0,-999,-999
07-12-2012 03:00:00 AM,-5.3,989.8,10.0,-999,-999
07-12-2012 04:00:00 AM,-4.7,989.9,13.9,-999,-999
07-12-2012 05:00:00 AM,-4.1,989.8,13.9,-999,-999
07-12-2012 06:00:00 AM,-3.3,990.0,13.5,-999,-999
07-12-2012 07:00:00 AM,-2.5,990.1,10.9,-999,-999
07-12-2012 08:00:00 AM,-2.6,990.0,10.4,-999,-999
07-12-2012 09:00:00 AM,-0.7,990.0,12.5,-999,-999
07-12-2012 10:00:00 AM,-0.2,989.9,11.7,-999,-999
07-12-2012 11:00:00 AM,0.2,990.0,11.4,-999,-999
07-12-2012 12:00:00 PM,-0.3,990.1,14.0,-999,-999
07-12-2012 01:00:00 PM,-0.7,990.0,14.4,-999,-999
07-12-2012 02:00:00 PM,-0.6,989.7,11.5,-999,-999
07-12-2012 03:00:00 PM,-0.7,989.5,11.3,-999,-999
07-12-2012 04:00:00 PM,-1.2,989.5,8.3,-999,-999
07-12-2012 05:00:00 PM,-1.4,989.3,8.1,-999,-999
07-12-2012 06:00:00 PM,-2.0,989.2,8.6,-999,-999
07-12-2012 07:00:00 PM,-2.9,989.3,7.8,-999,-999
07-12-2012 08:00:00 PM,-3.0,989.6,6.9,-999,-999
07-12-2012 09:00:00 PM,-3.9,989.6,7.0,-999,-999
07-12-2012 10:00:00 PM,-4.0,989.6,7.4,-999,-999
07-12-2012 11:00:00 PM,-4.2,989.5,6.4,-999,-999
08-12-2012 12:00:00 AM,-4.5,989.3,9.1,-999,-999
08-12-2012 01:00:00 AM,-4.9,989.0,8.2,-999,-999
08-12-2012 02:00:00 AM,-4.2,988.8,11.4,-999,-999
08-12-2012 03:00:00 AM,-4.7,988.9,7.2,-999,-999
08-12-2012 04:00:00 AM,-4.4,989.0,9.7,-999,-999
08-12-2012 05:00:00 AM,-3.9,989.0,10.3,-999,-999
08-12-2012 06:00:00 AM,-2.9,989.0,13.2,-999,-999
08-12-2012 07:00:00 AM,-2.5,989.2,17.6,-999,-999
08-12-2012 08:00:00 AM,-2.9,989.6,15.3,-999,-999
08-12-2012 09:00:00 AM,-2.2,989.9,14.5,-999,-999
08-12-2012 10:00:00 AM,-1.9,990.1,14.8,-999,-999
08-12-2012 11:00:00 AM,-1.7,990.3,14.2,-999,-999
08-12-2012 12:00:00 PM,-1.3,990.7,14.6,-999,-999
08-12-2012 01:00:00 PM,-1.5,990.9,14.8,-999,-999
08-12-2012 02:00:00 PM,-1.2,990.7,13.9,-999,-999
08-12-2012 03:00:00 PM,-0.8,990.8,12.0,-999,-999
08-12-2012 04:00:00 PM,-1.3,991.0,13.3,-999,-999
08-12-2012 05:00:00 PM,-1.8,991.0,13.3,-999,-999
08-12-2012 06:00:00 PM,-2.3,991.2,12.1,-999,-999
08-12-2012 07:00:00 PM,-2.7,991.3,13.5,-999,-999
08-12-2012 08:00:00 PM,-3.0,991.4,14.6,-999,-999
08-12-2012 09:00:00 PM,-3.4,991.5,11.2,-999,-999
08-12-2012 10:00:00 PM,-3.6,991.6,12.9,-999,-999
08-12-2012 11:00:00 PM,-3.7,991.7,11.5,-999,-999
09-12-2012 12:00:00 AM,-4.2,991.8,12.6,-999,-999
09-12-2012 01:00:00 AM,-4.5,991.9,14.0,-999,-999
09-12-2012 02:00:00 AM,-4.7,991.8,12.4,-999,-999
09-12-2012 03:00:00 AM,-4.5,992.0,12.9,-999,-999
09-12-2012 04:00:00 AM,-3.6,992.2,11.3,-999,-999
09-12-2012 05:00:00 AM,-3.3,992.3,12.8,-999,-999
09-12-2012 06:00:00 AM,-2.6,992.5,14.0,-999,-999
09-12-2012 07:00:00 AM,-2.2,992.6,14.4,-999,-999
09-12-2012 08:00:00 AM,-1.3,992.7,18.2,-999,-999
09-12-2012 09:00:00 AM,-0.7,992.7,14.8,-999,-999
09-12-2012 10:00:00 AM,-0.3,992.5,15.2,-999,-999
09-12-2012 11:00:00 AM,1.1,992.6,15.5,-999,-999
09-12-2012 12:00:00 PM,2.3,992.5,12.7,-999,-999
09-12-2012 01:00:00 PM,2.2,992.8,12.2,-999,-999
09-12-2012 02:00:00 PM,2.1,992.5,13.5,-999,-999
09-12-2012 03:00:00 PM,1.6,992.2,13.1,-999,-999
09-12-2012 04:00:00 PM,0.9,991.9,11.6,-999,-999
09-12-2012 05:00:00 PM,0.2,991.8,12.4,-999,-999
09-12-2012 06:00:00 PM,-0.6,991.8,9.6,-999,-999
09-12-2012 07:00:00 PM,-1.2,991.6,7.6,-999,-999
09-12-2012 08:00:00 PM,-1.0,991.2,4.1,-999,-999
09-12-2012 09:00:00 PM,-1.9,990.9,7.4,-999,-999
09-12-2012 10:00:00 PM,-2.6,990.5,4.7,-999,-999
09-12-2012 11:00:00 PM,-2.9,990.1,6.4,-999,-999
10-12-2012 12:00:00 AM,-3.5,989.8,4.4,-999,-999
10-12-2012 01:00:00 AM,-3.7,989.0,6.6,-999,-999
10-12-2012 02:00:00 AM,-3.1,988.3,13.6,-999,-999
10-12-2012 03:00:00 AM,-1.3,987.8,17.6,-999,-999
10-12-2012 04:00:00 AM,-1.0,987.1,19.5,-999,-999
10-12-2012 05:00:00 AM,0.2,986.5,19.1,-999,-999
10-12-2012 06:00:00 AM,0.4,986.2,16.7,-999,-999
10-12-2012 07:00:00 AM,0.5,985.9,22.2,-999,-999
10-12-2012 08:00:00 AM,0.9,986.1,20.4,-999,-999
10-12-2012 09:00:00 AM,1.1,986.2,19.6,-999,-999
10-12-2012 10:00:00 AM,2.0,986.2,19.0,-999,-999
10-12-2012 11:00:00 AM,2.9,985.8,15.3,-999,-999
10-12-2012 12:00:00 PM,3.4,985.8,17.5,-999,-999
10-12-2012 01:00:00 PM,4.0,985.7,14.6,-999,-999
10-12-2012 02:00:00 PM,4.1,985.2,15.6,-999,-999
10-12-2012 03:00:00 PM,3.9,985.1,19.4,-999,-999
10-12-2012 04:00:00 PM,3.4,985.0,18.2,-999,-999
10-12-2012 05:00:00 PM,2.6,984.6,12.0,-999,-999
10-12-2012 06:00:00 PM,2.4,984.4,9.2,-999,-999
10-12-2012 07:00:00 PM,2.5,984.4,9.7,-999,-999
10-12-2012 08:00:00 PM,1.9,984.6,12.5,-999,-999
10-12-2012 09:00:00 PM,1.4,984.9,15.8,-999,-999
10-12-2012 10:00:00 PM,0.3,985.0,13.0,-999,-999
10-12-2012 11:00:00 PM,-0.2,985.0,12.0,-999,-999
11-12-2012 12:00:00 AM,-0.3,985.0,11.2,-999,-999
11-12-2012 01:00:00 AM,0.1,984.6,19.5,-999,-999
11-12-2012 02:00:00 AM,-0.1,984.2,22.5,-999,-999
11-12-2012 03:00:00 AM,0.3,984.0,23.2,-999,-999
11-12-2012 04:00:00 AM,0.6,983.9,23.9,-999,-999
11-12-2012 05:00:00 AM,0.9,984.3,24.8,-999,-999
11-12-2012 06:00:00 AM,2.7,984.8,19.4,-999,-999
11-12-2012 07:00:00 AM,2.9,985.3,19.4,-999,-999
11-12-2012 08:00:00 AM,2.7,985.4,21.4,-999,-999
11-12-2012 09:00:00 AM,3.3,986.1,20.3,-999,-999
11-12-2012 10:00:00 AM,3.3,986.2,21.2,-999,-999
11-12-2012 11:00:00 AM,3.4,986.6,21.8,-999,-999
11-12-2012 12:00:00 PM,3.5,986.9,21.6,-999,-999
11-12-2012 01:00:00 PM,3.6,987.0,22.4,-999,-999
11-12-2012 02:00:00 PM,3.5,987.2,23.1,-999,-999
11-12-2012 03:00:00 PM,2.9,987.5,21.8,-999,-999
11-12-2012 04:00:00 PM,2.7,988.0,19.5,-999,-999
11-12-2012 05:00:00 PM,2.2,988.6,18.9,-999,-999
11-12-2012 06:00:00 PM,1.9,988.7,13.3,-999,-999
11-12-2012 07:00:00 PM,1.5,989.3,11.4,-999,-999
11-12-2012 08:00:00 PM,0.5,989.6,10.5,-999,-999
11-12-2012 09:00:00 PM,0.2,989.8,10.4,-999,-999
11-12-2012 10:00:00 PM,-0.1,990.0,17.3,-999,-999
11-12-2012 11:00:00 PM,-1.1,990.5,9.8,-999,-999
12-12-2012 12:00:00 AM,-4.2,990.9,8.6,-999,-999
12-12-2012 01:00:00 AM,-4.6,991.5,8.8,-999,-999
12-12-2012 02:00:00 AM,-3.6,991.5,4.5,-999,-999
12-12-2012 03:00:00 AM,-2.7,990.9,7.9,-999,-999
12-12-2012 04:00:00 AM,-1.7,990.3,10.3,-999,-999
12-12-2012 05:00:00 AM,-1.5,990.4,8.8,-999,-999
12-12-2012 06:00:00 AM,-0.6,990.4,10.2,-999,-999
12-12-2012 07:00:00 AM,2.4,990.3,16.1,-999,-999
12-12-2012 08:00:00 AM,4.3,990.1,14.7,-999,-999
12-12-2012 09:00:00 AM,4.1,989.9,19.7,-999,-999
12-12-2012 10:00:00 AM,4.0,990.0,18.7,-999,-999
12-12-2012 11:00:00 AM,5.1,989.7,18.9,-999,-999
12-12-2012 12:00:00 PM,4.6,989.5,10.7,-999,-999
12-12-2012 01:00:00 PM,4.2,989.2,8.6,-999,-999
12-12-2012 02:00:00 PM,3.9,988.8,7.1,-999,-999
12-12-2012 03:00:00 PM,2.4,988.7,9.9,-999,-999
12-12-2012 04:00:00 PM,1.1,988.7,7.3,-999,-999
12-12-2012 05:00:00 PM,0.0,988.8,5.5,-999,-999
12-12-2012 06:00:00 PM,-0.3,988.6,8.4,-999,-999
12-12-2012 07:00:00 PM,-0.4,988.3,8.2,-999,-999
12-12-2012 08:00:00 PM,-0.7,988.2,5.9,-999,-999
12-12-2012 09:00:00 PM,-1.0,988.2,5.2,-999,-999
12-12-2012 10:00:00 PM,-1.4,988.3,6.9,-999,-999
12-12-2012 11:00:00 PM,-1.8,988.4,5.6,-999,-999
13-12-2012 12:00:00 AM,-2.3,988.4,6.1,-999,-999
13-12-2012 01:00:00 AM,-2.8,988.6,4.8,-999,-999
13-12-2012 02:00:00 AM,-2.3,988.6,6.5,-999,-999
13-12-2012 03:00:00 AM,-1.6,988.5,6.3,-999,-999
13-12-2012 04:00:00 AM,-1.2,988.4,3.7,-999,-999
13-12-2012 05:00:00 AM,-0.3,988.5,7.7,-999,-999
13-12-2012 06:00:00 AM,1.8,988.9,10.8,-999,-999
13-12-2012 07:00:00 AM,2.4,989.2,12.9,-999,-999
13-12-2012 08:00:00 AM,2.6,989.6,11.4,-999,-999
13-12-2012 09:00:00 AM,2.9,989.6,8.8,-999,-999
13-12-2012 10:00:00 AM,4.3,989.9,12.4,-999,-999
13-12-2012 11:00:00 AM,3.6,990.2,11.6,-999,-999
13-12-2012 12:00:00 PM,3.4,990.6,10.8,-999,-999
13-12-2012 01:00:00 PM,3.1,990.8,11.8,-999,-999
13-12-2012 02:00:00 PM,3.7,990.9,15.2,-999,-999
13-12-2012 03:00:00 PM,3.0,990.9,11.6,-999,-999
13-12-2012 04:00:00 PM,1.7,991.2,12.2,-999,-999
13-12-2012 05:00:00 PM,1.2,991.3,10.5,-999,-999
13-12-2012 06:00:00 PM,0.6,991.3,7.0,-999,-999
13-12-2012 07:00:00 PM,0.5,991.1,6.9,-999,-999
13-12-2012 08:00:00 PM,0.1,991.0,8.3,-999,-999
13-12-2012 09:00:00 PM,0.4,990.9,7.5,-999,-999
13-12-2012 10:00:00 PM,-0.1,990.8,7.7,-999,-999
13-12-2012 11:00:00 PM,-0.4,990.8,6.4,-999,-999
14-12-2012 12:00:00 AM,-1.3,991.0,8.5,-999,-999
14-12-2012 01:00:00 AM,-1.3,991.0,11.1,-999,-999
14-12-2012 02:00:00 AM,-0.8,991.1,12.7,-999,-999
14-12-2012 03:00:00 AM,-0.6,990.9,12.2,-999,-999
14-12-2012 04:00:00 AM,-1.0,990.6,15.7,-999,-999
14-12-2012 05:00:00 AM,-0.1,990.4,10.2,-999,-999
14-12-2012 06:00:00 AM,0.3,990.3,2.3,-999,-999
14-12-2012 07:00:00 AM,0.7,990.4,5.1,-999,-999
14-12-2012 08:00:00 AM,1.8,990.0,8.2,-999,-999
14-12-2012 09:00:00 AM,1.8,989.9,14.4,-999,-999
14-12-2012 10:00:00 AM,3.1,989.7,16.9,-999,-999
14-12-2012 11:00:00 AM,2.3,990.4,13.0,-999,-999
14-12-2012 12:00:00 PM,1.1,990.5,12.5,-999,-999
14-12-2012 01:00:00 PM,1.7,990.2,7.7,-999,-999
14-12-2012 02:00:00 PM,2.9,990.1,8.6,-999,-999
14-12-2012 03:00:00 PM,3.1,989.7,5.3,-999,-999
14-12-2012 04:00:00 PM,3.9,989.9,10.5,-999,-999
14-12-2012 05:00:00 PM,3.0,990.0,11.8,-999,-999
14-12-2012 06:00:00 PM,2.5,990.1,11.0,-999,-999
14-12-2012 07:00:00 PM,1.9,990.6,9.9,-999,-999
14-12-2012 08:00:00 PM,0.9,990.8,6.5,-999,-999
14-12-2012 09:00:00 PM,0.6,990.8,5.1,-999,-999
14-12-2012 10:00:00 PM,0.4,990.9,14.7,-999,-999
14-12-2012 11:00:00 PM,0.4,990.9,17.4,-999,-999
15-12-2012 12:00:00 AM,0.1,990.9,17.6,-999,-999
15-12-2012 01:00:00 AM,0.4,991.0,17.3,-999,-999
15-12-2012 02:00:00 AM,-0.6,991.1,17.8,-999,-999
15-12-2012 03:00:00 AM,-0.4,991.0,19.8,-999,-999
15-12-2012 04:00:00 AM,0.0,991.1,24.3,-999,-999
15-12-2012 05:00:00 AM,0.1,991.7,18.8,-999,-999
15-12-2012 06:00:00 AM,0.6,991.9,18.8,-999,-999
15-12-2012 07:00:00 AM,2.2,991.7,18.9,-999,-999
15-12-2012 08:00:00 AM,3.1,991.9,13.3,-999,-999
15-12-2012 09:00:00 AM,4.0,991.9,15.6,-999,-999
15-12-2012 10:00:00 AM,3.9,991.8,15.0,-999,-999
15-12-2012 11:00:00 AM,4.8,992.3,17.1,-999,-999
15-12-2012 12:00:00 PM,4.7,992.3,16.9,-999,-999
15-12-2012 01:00:00 PM,4.8,992.2,15.3,-999,-999
15-12-2012 02:00:00 PM,4.3,992.1,16.0,-999,-999
15-12-2012 03:00:00 PM,3.1,992.0,21.0,-999,-999
15-12-2012 04:00:00 PM,2.7,992.1,12.7,-999,-999
15-12-2012 05:00:00 PM,2.6,992.2,15.1,-999,-999
15-12-2012 06:00:00 PM,2.3,992.1,13.6,-999,-999
15-12-2012 07:00:00 PM,2.1,992.2,10.1,-999,-999
15-12-2012 08:00:00 PM,1.8,992.4,20.0,-999,-999
15-12-2012 09:00:00 PM,1.3,992.4,15.3,-999,-999
15-12-2012 10:00:00 PM,1.1,992.5,14.7,-999,-999
15-12-2012 11:00:00 PM,1.0,992.5,16.3,-999,-999
16-12-2012 12:00:00 AM,0.5,992.5,14.5,-999,-999
16-12-2012 01:00:00 AM,0.4,992.4,15.6,-999,-999
16-12-2012 02:00:00 AM,0.1,992.1,16.1,-999,-999
16-12-2012 03:00:00 AM,0.3,992.0,13.5,-999,-999
16-12-2012 04:00:00 AM,0.5,991.6,16.5,-999,-999
16-12-2012 05:00:00 AM,0.7,991.2,17.4,-999,-999
16-12-2012 06:00:00 AM,0.9,991.1,18.9,-999,-999
16-12-2012 07:00:00 AM,0.7,991.0,19.8,-999,-999
16-12-2012 08:00:00 AM,0.6,990.8,18.3,-999,-999
16-12-2012 09:00:00 AM,0.7,990.6,17.2,-999,-999
16-12-2012 10:00:00 AM,1.7,989.9,15.5,-999,-999
16-12-2012 11:00:00 AM,1.9,989.5,21.6,-999,-999
16-12-2012 12:00:00 PM,1.9,988.8,24.5,-999,-999
16-12-2012 01:00:00 PM,1.9,988.0,22.2,-999,-999
16-12-2012 02:00:00 PM,1.7,987.5,21.5,-999,-999
16-12-2012 03:00:00 PM,1.7,987.1,25.6,-999,-999
16-12-2012 04:00:00 PM,1.2,986.8,23.1,-999,-999
16-12-2012 05:00:00 PM,0.9,986.2,23.1,-999,-999
16-12-2012 06:00:00 PM,0.6,986.3,23.4,-999,-999
16-12-2012 07:00:00 PM,0.5,986.2,21.5,-999,-999
16-12-2012 08:00:00 PM,0.3,985.6,23.6,-999,-999
16-12-2012 09:00:00 PM,0.3,985.4,26.0,-999,-999
16-12-2012 10:00:00 PM,0.1,984.9,26.9,-999,-999
16-12-2012 11:00:00 PM,0.0,984.9,24.9,-999,-999
17-12-2012 12:00:00 AM,0.0,984.4,26.3,-999,-999
17-12-2012 01:00:00 AM,0.2,984.7,26.2,-999,-999
17-12-2012 02:00:00 AM,0.2,984.7,26.4,-999,-999
17-12-2012 03:00:00 AM,0.0,984.6,25.5,-999,-999
17-12-2012 04:00:00 AM,0.1,984.6,28.2,-999,-999
17-12-2012 05:00:00 AM,0.0,984.7,29.4,-999,-999
17-12-2012 06:00:00 AM,0.3,985.2,29.8,-999,-999
17-12-2012 07:00:00 AM,0.1,986.0,25.0,-999,-999
17-12-2012 08:00:00 AM,0.0,986.6,32.1,-999,-999
17-12-2012 09:00:00 AM,-0.3,987.1,28.8,-999,-999
17-12-2012 10:00:00 AM,0.0,987.9,25.2,-999,-999
17-12-2012 11:00:00 AM,-0.3,988.4,28.8,-999,-999
17-12-2012 12:00:00 PM,-0.5,989.0,26.0,-999,-999
17-12-2012 01:00:00 PM,-0.2,989.6,25.2,-999,-999
17-12-2012 02:00:00 PM,0.2,990.2,26.7,-999,-999
17-12-2012 03:00:00 PM,0.2,990.3,26.2,-999,-999
17-12-2012 04:00:00 PM,0.2,990.9,30.6,-999,-999
17-12-2012 05:00:00 PM,0.0,991.1,29.0,-999,-999
17-12-2012 06:00:00 PM,0.1,991.7,26.6,-999,-999
17-12-2012 07:00:00 PM,0.3,991.7,24.2,-999,-999
17-12-2012 08:00:00 PM,0.5,991.7,27.7,-999,-999
17-12-2012 09:00:00 PM,0.5,991.6,22.1,-999,-999
17-12-2012 10:00:00 PM,0.9,991.4,25.1,-999,-999
17-12-2012 11:00:00 PM,1.4,991.4,21.1,-999,-999
18-12-2012 12:00:00 AM,1.4,991.3,19.2,-999,-999
18-12-2012 01:00:00 AM,1.7,991.0,24.0,-999,-999
18-12-2012 02:00:00 AM,1.9,991.1,24.7,-999,-999
18-12-2012 03:00:00 AM,1.6,991.7,19.6,-999,-999
18-12-2012 04:00:00 AM,0.4,992.2,21.8,-999,-999
18-12-2012 05:00:00 AM,0.5,992.3,21.5,-999,-999
18-12-2012 06:00:00 AM,1.1,992.7,22.9,-999,-999
18-12-2012 07:00:00 AM,1.4,992.8,24.6,-999,-999
18-12-2012 08:00:00 AM,1.8,992.7,26.9,-999,-999
18-12-2012 09:00:00 AM,1.9,992.7,23.7,-999,-999
18-12-2012 10:00:00 AM,2.6,992.4,24.6,-999,-999
18-12-2012 11:00:00 AM,2.2,992.3,24.3,-999,-999
18-12-2012 12:00:00 PM,1.9,991.9,29.7,-999,-999
18-12-2012 01:00:00 PM,2.0,992.0,27.7,-999,-999
18-12-2012 02:00:00 PM,2.2,992.0,26.4,-999,-999
18-12-2012 03:00:00 PM,2.2,992.2,26.3,-999,-999
18-12-2012 04:00:00 PM,2.3,992.4,22.4,-999,-999
18-12-2012 05:00:00 PM,2.4,992.7,23.2,-999,-999
18-12-2012 06:00:00 PM,2.0,992.8,21.4,-999,-999
18-12-2012 07:00:00 PM,1.9,992.8,19.2,-999,-999
18-12-2012 08:00:00 PM,1.7,992.5,21.7,-999,-999
18-12-2012 09:00:00 PM,1.7,992.9,18.9,-999,-999
18-12-2012 10:00:00 PM,1.3,993.0,17.8,-999,-999
18-12-2012 11:00:00 PM,1.1,993.3,17.6,-999,-999
19-12-2012 12:00:00 AM,0.6,993.4,15.4,-999,-999
19-12-2012 01:00:00 AM,0.8,993.2,14.6,-999,-999
19-12-2012 02:00:00 AM,1.4,993.0,18.5,-999,-999
19-12-2012 03:00:00 AM,1.4,993.1,19.4,-999,-999
19-12-2012 04:00:00 AM,1.6,993.1,18.2,-999,-999
19-12-2012 05:00:00 AM,1.9,992.9,18.4,-999,-999
19-12-2012 06:00:00 AM,1.9,993.0,22.4,-999,-999
19-12-2012 07:00:00 AM,2.0,993.5,21.2,-999,-999
19-12-2012 08:00:00 AM,2.4,993.8,20.4,-999,-999
19-12-2012 09:00:00 AM,3.3,994.0,21.8,-999,-999
19-12-2012 10:00:00 AM,3.8,994.3,17.2,-999,-999
19-12-2012 11:00:00 AM,3.7,994.0,19.5,-999,-999
19-12-2012 12:00:00 PM,4.1,993.9,17.6,-999,-999
19-12-2012 01:00:00 PM,3.8,993.8,21.5,-999,-999
19-12-2012 02:00:00 PM,3.6,993.6,18.3,-999,-999
19-12-2012 03:00:00 PM,3.6,993.3,18.7,-999,-999
19-12-2012 04:00:00 PM,3.4,992.9,15.7,-999,-999
19-12-2012 05:00:00 PM,4.0,993.2,14.1,-999,-999
19-12-2012 06:00:00 PM,3.5,993.5,16.5,-999,-999
19-12-2012 07:00:00 PM,3.4,993.7,12.6,-999,-999
19-12-2012 08:00:00 PM,3.1,994.0,15.3,-999,-999
19-12-2012 09:00:00 PM,2.0,994.0,13.7,-999,-999
19-12-2012 10:00:00 PM,1.3,994.2,16.8,-999,-999
19-12-2012 11:00:00 PM,0.6,994.6,15.9,-999,-999
20-12-2012 12:00:00 AM,1.2,994.6,19.5,-999,-999
20-12-2012 01:00:00 AM,0.9,994.8,14.0,-999,-999
20-12-2012 02:00:00 AM,1.0,994.8,11.9,-999,-999
20-12-2012 03:00:00 AM,0.7,994.8,22.5,-999,-999
20-12-2012 04:00:00 AM,1.7,995.1,21.9,-999,-999
20-12-2012 05:00:00 AM,2.0,995.8,18.6,-999,-999
20-12-2012 06:00:00 AM,2.8,995.7,17.9,-999,-999
20-12-2012 07:00:00 AM,3.1,996.4,18.0,-999,-999
20-12-2012 08:00:00 AM,3.5,997.0,25.2,-999,-999
20-12-2012 09:00:00 AM,2.5,997.4,25.4,-999,-999
20-12-2012 10:00:00 AM,2.9,997.9,17.7,-999,-999
20-12-2012 11:00:00 AM,3.4,998.3,14.8,-999,-999
20-12-2012 12:00:00 PM,3.4,998.4,17.7,-999,-999
20-12-2012 01:00:00 PM,3.2,998.8,16.9,-999,-999
20-12-2012 02:00:00 PM,2.9,999.0,19.1,-999,-999
20-12-2012 03:00:00 PM,2.8,998.8,16.4,-999,-999
20-12-2012 04:00:00 PM,2.6,998.5,11.6,-999,-999
20-12-2012 05:00:00 PM,2.5,998.4,10.3,-999,-999
20-12-2012 06:00:00 PM,1.9,998.6,12.0,-999,-999
20-12-2012 07:00:00 PM,1.4,998.7,12.0,-999,-999
20-12-2012 08:00:00 PM,1.0,998.9,11.8,-999,-999
20-12-2012 09:00:00 PM,0.3,998.9,10.5,-999,-999
20-12-2012 10:00:00 PM,-0.4,999.0,8.6,-999,-999
20-12-2012 11:00:00 PM,-1.0,999.4,9.7,-999,-999
21-12-2012 12:00:00 AM,-1.4,999.4,13.4,-999,-999
21-12-2012 01:00:00 AM,-1.4,999.2,13.1,-999,-999
21-12-2012 02:00:00 AM,-1.1,999.2,12.4,-999,-999
21-12-2012 03:00:00 AM,-0.4,999.1,12.4,-999,-999
21-12-2012 04:00:00 AM,0.0,999.2,14.1,-999,-999
21-12-2012 05:00:00 AM,0.3,998.9,13.5,-999,-999
21-12-2012 06:00:00 AM,1.0,999.0,11.3,-999,-999
21-12-2012 07:00:00 AM,0.9,999.3,12.4,-999,-999
21-12-2012 08:00:00 AM,0.6,999.6,8.1,-999,-999
21-12-2012 09:00:00 AM,1.7,999.6,12.0,-999,-999
21-12-2012 10:00:00 AM,2.2,999.6,6.7,-999,-999
21-12-2012 11:00:00 AM,0.8,999.6,11.2,-999,-999
21-12-2012 12:00:00 PM,1.7,999.9,8.9,-999,-999
21-12-2012 01:00:00 PM,2.1,999.8,9.5,-999,-999
21-12-2012 02:00:00 PM,1.6,999.7,9.4,-999,-999
21-12-2012 03:00:00 PM,1.4,999.6,9.9,-999,-999
21-12-2012 04:00:00 PM,1.2,999.6,9.3,-999,-999
21-12-2012 05:00:00 PM,1.6,999.4,6.6,-999,-999
21-12-2012 06:00:00 PM,0.9,999.4,7.7,-999,-999
21-12-2012 07:00:00 PM,0.6,999.4,6.5,-999,-999
21-12-2012 08:00:00 PM,0.2,999.4,7.4,-999,-999
21-12-2012 09:00:00 PM,0.2,998.9,8.1,-999,-999
21-12-2012 10:00:00 PM,-0.1,998.8,6.2,-999,-999
21-12-2012 11:00:00 PM,0.0,998.4,5.4,-999,-999
22-12-2012 12:00:00 AM,-0.4,998.1,5.2,-999,-999
22-12-2012 01:00:00 AM,-0.7,997.6,5.2,-999,-999
22-12-2012 02:00:00 AM,-0.5,997.5,3.7,-999,-999
22-12-2012 03:00:00 AM,-0.3,996.9,6.0,-999,-999
22-12-2012 04:00:00 AM,0.2,996.5,8.2,-999,-999
22-12-2012 05:00:00 AM,1.2,996.3,5.0,-999,-999
22-12-2012 06:00:00 AM,2.6,996.3,11.1,-999,-999
22-12-2012 07:00:00 AM,3.9,995.9,11.8,-999,-999
22-12-2012 08:00:00 AM,4.3,996.1,12.4,-999,-999
22-12-2012 09:00:00 AM,4.9,995.9,11.1,-999,-999
22-12-2012 10:00:00 AM,4.9,995.4,10.6,-999,-999
22-12-2012 11:00:00 AM,7.0,995.3,11.2,-999,-999
22-12-2012 12:00:00 PM,5.9,994.8,7.3,-999,-999
22-12-2012 01:00:00 PM,5.4,994.8,10.2,-999,-999
22-12-2012 02:00:00 PM,4.1,994.2,14.1,-999,-999
22-12-2012 03:00:00 PM,4.9,993.8,17.6,-999,-999
22-12-2012 04:00:00 PM,3.8,993.2,18.6,-999,-999
22-12-2012 05:00:00 PM,3.9,992.8,12.4,-999,-999
22-12-2012 06:00:00 PM,4.1,992.5,11.6,-999,-999
22-12-2012 07:00:00 PM,3.9,992.4,13.0,-999,-999
22-12-2012 08:00:00 PM,3.5,992.4,13.7,-999,-999
22-12-2012 09:00:00 PM,3.1,992.3,15.0,-999,-999
22-12-2012 10:00:00 PM,3.2,992.3,15.2,-999,-999
22-12-2012 11:00:00 PM,3.2,992.1,13.8,-999,-999
23-12-2012 12:00:00 AM,3.2,992.1,14.7,-999,-999
23-12-2012 01:00:00 AM,2.9,991.8,18.0,-999,-999
23-12-2012 02:00:00 AM,2.9,991.7,14.4,-999,-999
23-12-2012 03:00:00 AM,2.8,991.4,6.3,-999,-999
23-12-2012 04:00:00 AM,3.8,991.1,16.9,-999,-999
23-12-2012 05:00:00 AM,3.5,991.1,19.7,-999,-999
23-12-2012 06:00:00 AM,2.6,991.6,20.1,-999,-999
23-12-2012 07:00:00 AM,2.4,991.7,18.7,-999,-999
23-12-2012 08:00:00 AM,2.8,991.8,17.5,-999,-999
23-12-2012 09:00:00 AM,2.5,991.8,18.0,-999,-999
23-12-2012 10:00:00 AM,2.7,992.2,19.8,-999,-999
23-12-2012 11:00:00 AM,2.4,992.6,17.8,-999,-999
23-12-2012 12:00:00 PM,2.3,992.6,17.8,-999,-999
23-12-2012 01:00:00 PM,2.6,992.5,15.7,-999,-999
23-12-2012 02:00:00 PM,2.9,992.7,18.4,-999,-999
23-12-2012 03:00:00 PM,2.5,992.6,19.1,-999,-999
23-12-2012 04:00:00 PM,2.4,992.5,20.2,-999,-999
23-12-2012 05:00:00 PM,3.1,992.6,14.4,-999,-999
23-12-2012 06:00:00 PM,3.0,992.5,17.7,-999,-999
23-12-2012 07:00:00 PM,2.6,992.6,18.8,-999,-999
23-12-2012 08:00:00 PM,2.4,992.2,21.5,-999,-999
23-12-2012 09:00:00 PM,4.2,992.1,13.2,-999,-999
23-12-2012 10:00:00 PM,4.4,991.6,16.4,-999,-999
23-12-2012 11:00:00 PM,4.6,991.5,20.9,-999,-999
24-12-2012 12:00:00 AM,4.9,992.1,18.5,-999,-999
24-12-2012 01:00:00 AM,4.3,992.0,23.0,-999,-999
24-12-2012 02:00:00 AM,4.5,992.4,19.4,-999,-999
24-12-2012 03:00:00 AM,4.5,992.4,17.9,-999,-999
24-12-2012 04:00:00 AM,4.6,992.8,19.0,-999,-999
24-12-2012 05:00:00 AM,4.5,993.3,16.0,-999,-999
24-12-2012 06:00:00 AM,4.8,993.8,22.4,-999,-999
24-12-2012 07:00:00 AM,4.4,994.4,15.4,-999,-999
24-12-2012 08:00:00 AM,4.9,994.5,18.3,-999,-999
24-12-2012 09:00:00 AM,5.2,995.0,25.7,-999,-999
24-12-2012 10:00:00 AM,5.1,995.4,20.7,-999,-999
24-12-2012 11:00:00 AM,5.0,995.9,12.7,-999,-999
24-12-2012 12:00:00 PM,5.0,996.2,18.7,-999,-999
24-12-2012 01:00:00 PM,5.0,996.2,13.9,-999,-999
24-12-2012 02:00:00 PM,5.2,996.3,14.7,-999,-999
24-12-2012 03:00:00 PM,5.7,996.3,23.5,-999,-999
24-12-2012 04:00:00 PM,4.9,996.4,17.9,-999,-999
24-12-2012 05:00:00 PM,4.9,996.5,19.6,-999,-999
24-12-2012 06:00:00 PM,4.3,996.6,16.4,-999,-999
24-12-2012 07:00:00 PM,3.8,997.1,21.3,-999,-999
24-12-2012 08:00:00 PM,3.5,997.4,19.9,-999,-999
24-12-2012 09:00:00 PM,3.0,998.0,19.0,-999,-999
24-12-2012 10:00:00 PM,2.5,997.9,28.7,-999,-999
24-12-2012 11:00:00 PM,2.2,998.5,25.7,-999,-999
25-12-2012 12:00:00 AM,2.2,998.6,26.7,-999,-999
25-12-2012 01:00:00 AM,2.2,999.0,26.6,-999,-999
25-12-2012 02:00:00 AM,2.4,999.6,26.0,-999,-999
25-12-2012 03:00:00 AM,2.6,1000.2,28.7,-999,-999
25-12-2012 04:00:00 AM,2.3,1000.6,27.9,-999,-999
25-12-2012 05:00:00 AM,2.4,1000.8,27.4,-999,-999
25-12-2012 06:00:00 AM,2.3,1001.8,24.7,-999,-999
25-12-2012 07:00:00 AM,2.5,1002.2,25.2,-999,-999
25-12-2012 08:00:00 AM,2.9,1003.0,25.1,-999,-999
25-12-2012 09:00:00 AM,3.3,1003.4,25.5,-999,-999
25-12-2012 10:00:00 AM,3.8,1004.1,25.5,-999,-999
25-12-2012 11:00:00 AM,4.2,1004.7,21.9,-999,-999
25-12-2012 12:00:00 PM,4.4,1005.2,24.1,-999,-999
25-12-2012 01:00:00 PM,4.3,1005.3,20.4,-999,-999
25-12-2012 02:00:00 PM,4.6,1005.4,22.5,-999,-999
25-12-2012 03:00:00 PM,4.3,1005.4,19.8,-999,-999
25-12-2012 04:00:00 PM,4.3,1005.5,21.0,-999,-999
25-12-2012 05:00:00 PM,3.9,1005.7,14.6,-999,-999
25-12-2012 06:00:00 PM,3.1,1005.7,14.9,-999,-999
25-12-2012 07:00:00 PM,1.9,1005.8,14.6,-999,-999
25-12-2012 08:00:00 PM,2.2,1005.3,15.0,-999,-999
25-12-2012 09:00:00 PM,2.2,1005.4,20.2,-999,-999
25-12-2012 10:00:00 PM,1.4,1005.3,20.3,-999,-999
25-12-2012 11:00:00 PM,1.4,1005.2,24.4,-999,-999
26-12-2012 12:00:00 AM,0.5,1005.3,21.7,-999,-999
26-12-2012 01:00:00 AM,0.3,1005.0,26.1,-999,-999
26-12-2012 02:00:00 AM,0.3,1004.7,25.9,-999,-999
26-12-2012 03:00:00 AM,0.7,1004.4,25.2,-999,-999
26-12-2012 04:00:00 AM,0.5,1004.2,25.0,-999,-999
26-12-2012 05:00:00 AM,1.0,1004.2,25.9,-999,-999
26-12-2012 06:00:00 AM,1.2,1004.2,25.8,-999,-999
26-12-2012 07:00:00 AM,2.4,1004.2,20.4,-999,-999
26-12-2012 08:00:00 AM,3.5,1004.1,16.3,-999,-999
26-12-2012 09:00:00 AM,3.6,1003.6,15.6,-999,-999
26-12-2012 10:00:00 AM,3.8,1003.5,11.8,-999,-999
26-12-2012 11:00:00 AM,3.9,1002.9,17.2,-999,-999
26-12-2012 12:00:00 PM,4.3,1002.4,16.8,-999,-999
26-12-2012 01:00:00 PM,5.4,1001.9,14.7,-999,-999
26-12-2012 02:00:00 PM,4.5,1001.2,16.7,-999,-999
26-12-2012 03:00:00 PM,4.3,1000.5,20.3,-999,-999
26-12-2012 04:00:00 PM,3.2,1000.1,14.3,-999,-999
26-12-2012 05:00:00 PM,2.7,999.6,17.5,-999,-999
26-12-2012 06:00:00 PM,2.1,999.1,19.0,-999,-999
26-12-2012 07:00:00 PM,1.5,998.9,20.0,-999,-999
26-12-2012 08:00:00 PM,0.7,998.6,23.0,-999,-999
26-12-2012 09:00:00 PM,0.4,998.4,23.4,-999,-999
26-12-2012 10:00:00 PM,-0.1,997.8,24.2,-999,-999
26-12-2012 11:00:00 PM,-0.5,997.5,26.5,-999,-999
27-12-2012 12:00:00 AM,-0.6,997.0,25.0,-999,-999
27-12-2012 01:00:00 AM,-0.6,996.5,26.2,-999,-999
27-12-2012 02:00:00 AM,0.0,996.0,24.3,-999,-999
27-12-2012 03:00:00 AM,-0.2,995.5,27.3,-999,-999
27-12-2012 04:00:00 AM,-0.5,995.3,24.9,-999,-999
27-12-2012 05:00:00 AM,0.6,995.1,23.4,-999,-999
27-12-2012 06:00:00 AM,1.6,994.9,19.0,-999,-999
27-12-2012 07:00:00 AM,2.2,994.5,19.5,-999,-999
27-12-2012 08:00:00 AM,2.5,994.3,19.5,-999,-999
27-12-2012 09:00:00 AM,2.9,994.0,18.0,-999,-999
27-12-2012 10:00:00 AM,3.5,993.6,20.9,-999,-999
27-12-2012 11:00:00 AM,4.6,993.6,16.1,-999,-999
27-12-2012 12:00:00 PM,4.0,993.4,17.4,-999,-999
27-12-2012 01:00:00 PM,4.5,993.3,20.0,-999,-999
27-12-2012 02:00:00 PM,3.8,992.7,14.5,-999,-999
27-12-2012 03:00:00 PM,3.3,992.0,9.3,-999,-999
27-12-2012 04:00:00 PM,3.5,991.3,14.2,-999,-999
27-12-2012 05:00:00 PM,3.3,991.2,19.7,-999,-999
27-12-2012 06:00:00 PM,2.5,991.0,16.0,-999,-999
27-12-2012 07:00:00 PM,1.9,991.1,17.5,-999,-999
27-12-2012 08:00:00 PM,1.0,991.3,13.5,-999,-999
27-12-2012 09:00:00 PM,0.4,991.4,13.2,-999,-999
27-12-2012 10:00:00 PM,0.0,991.7,14.2,-999,-999
27-12-2012 11:00:00 PM,-0.3,991.9,17.4,-999,-999
28-12-2012 12:00:00 AM,-0.8,992.1,14.9,-999,-999
28-12-2012 01:00:00 AM,-1.2,991.7,17.6,-999,-999
28-12-2012 02:00:00 AM,-1.4,991.8,16.9,-999,-999
28-12-2012 03:00:00 AM,-1.1,991.4,20.0,-999,-999
28-12-2012 04:00:00 AM,-1.0,991.1,23.0,-999,-999
28-12-2012 05:00:00 AM,-0.7,991.1,15.4,-999,-999
28-12-2012 06:00:00 AM,-0.6,990.7,19.7,-999,-999
28-12-2012 07:00:00 AM,0.3,990.7,16.8,-999,-999
28-12-2012 08:00:00 AM,1.1,990.7,20.2,-999,-999
28-12-2012 09:00:00 AM,1.9,990.5,21.5,-999,-999
28-12-2012 10:00:00 AM,1.9,989.9,19.7,-999,-999
28-12-2012 11:00:00 AM,2.4,989.7,26.5,-999,-999
28-12-2012 12:00:00 PM,2.6,988.9,25.7,-999,-999
28-12-2012 01:00:00 PM,2.4,988.8,27.1,-999,-999
28-12-2012 02:00:00 PM,2.2,988.5,29.5,-999,-999
28-12-2012 03:00:00 PM,2.2,988.6,26.3,-999,-999
28-12-2012 04:00:00 PM,1.5,988.5,24.8,-999,-999
28-12-2012 05:00:00 PM,1.3,988.2,24.0,-999,-999
28-12-2012 06:00:00 PM,1.1,988.3,22.0,-999,-999
28-12-2012 07:00:00 PM,0.9,988.1,20.9,-999,-999
28-12-2012 08:00:00 PM,1.0,987.8,22.1,-999,-999
28-12-2012 09:00:00 PM,0.8,987.7,27.6,-999,-999
28-12-2012 10:00:00 PM,0.7,987.7,25.4,-999,-999
28-12-2012 11:00:00 PM,0.7,987.6,27.4,-999,-999
29-12-2012 12:00:00 AM,0.8,987.1,24.2,-999,-999
29-12-2012 01:00:00 AM,1.0,986.7,23.3,-999,-999
29-12-2012 02:00:00 AM,1.2,985.8,22.3,-999,-999
29-12-2012 03:00:00 AM,1.4,985.1,25.9,-999,-999
29-12-2012 04:00:00 AM,1.8,984.0,29.3,-999,-999
29-12-2012 05:00:00 AM,2.3,983.6,29.0,-999,-999
29-12-2012 06:00:00 AM,2.4,983.3,20.7,-999,-999
29-12-2012 07:00:00 AM,2.7,982.2,24.7,-999,-999
29-12-2012 08:00:00 AM,4.2,981.7,23.3,-999,-999
29-12-2012 09:00:00 AM,4.7,981.2,21.0,-999,-999
29-12-2012 10:00:00 AM,5.2,981.2,18.7,-999,-999
29-12-2012 11:00:00 AM,5.0,980.8,24.3,-999,-999
29-12-2012 12:00:00 PM,5.5,980.9,23.6,-999,-999
29-12-2012 01:00:00 PM,5.6,980.6,26.7,-999,-999
29-12-2012 02:00:00 PM,5.7,980.1,18.6,-999,-999
29-12-2012 03:00:00 PM,4.5,980.0,23.4,-999,-999
29-12-2012 04:00:00 PM,4.1,979.5,21.2,-999,-999
29-12-2012 05:00:00 PM,3.8,979.1,22.2,-999,-999
29-12-2012 06:00:00 PM,3.7,979.0,23.3,-999,-999
29-12-2012 07:00:00 PM,3.5,979.1,19.4,-999,-999
29-12-2012 08:00:00 PM,3.2,979.3,24.5,-999,-999
29-12-2012 09:00:00 PM,2.7,979.5,28.0,-999,-999
29-12-2012 10:00:00 PM,2.8,979.4,25.8,-999,-999
29-12-2012 11:00:00 PM,2.5,979.0,24.8,-999,-999
30-12-2012 12:00:00 AM,2.8,979.2,25.1,-999,-999
30-12-2012 01:00:00 AM,2.6,979.4,27.6,-999,-999
30-12-2012 02:00:00 AM,1.7,979.6,25.3,-999,-999
30-12-2012 03:00:00 AM,2.2,979.5,20.6,-999,-999
30-12-2012 04:00:00 AM,3.1,979.7,28.6,-999,-999
30-12-2012 05:00:00 AM,3.2,979.3,34.7,-999,-999
30-12-2012 06:00:00 AM,2.7,980.2,37.5,-999,-999
30-12-2012 07:00:00 AM,2.6,981.0,35.1,-999,-999
30-12-2012 08:00:00 AM,2.2,982.3,33.4,-999,-999
30-12-2012 09:00:00 AM,1.9,983.5,26.7,-999,-999
30-12-2012 10:00:00 AM,2.6,984.5,26.6,-999,-999
30-12-2012 11:00:00 AM,3.2,985.4,28.0,-999,-999
30-12-2012 12:00:00 PM,3.4,985.9,28.3,-999,-999
30-12-2012 01:00:00 PM,3.6,985.6,24.1,-999,-999
30-12-2012 02:00:00 PM,3.6,985.4,27.6,-999,-999
30-12-2012 03:00:00 PM,4.0,986.1,28.8,-999,-999
30-12-2012 04:00:00 PM,3.6,986.1,29.0,-999,-999
30-12-2012 05:00:00 PM,3.6,986.1,33.4,-999,-999
30-12-2012 06:00:00 PM,3.3,986.8,35.2,-999,-999
30-12-2012 07:00:00 PM,2.8,987.7,35.5,-999,-999
30-12-2012 08:00:00 PM,2.6,988.7,32.5,-999,-999
30-12-2012 09:00:00 PM,2.2,989.0,32.8,-999,-999
30-12-2012 10:00:00 PM,1.8,989.3,32.6,-999,-999
30-12-2012 11:00:00 PM,1.7,989.9,32.6,-999,-999
31-12-2012 12:00:00 AM,1.7,990.6,32.0,-999,-999
31-12-2012 01:00:00 AM,1.8,991.4,30.0,-999,-999
31-12-2012 02:00:00 AM,2.0,991.5,26.6,-999,-999
31-12-2012 03:00:00 AM,2.2,992.0,26.0,-999,-999
31-12-2012 04:00:00 AM,2.2,992.2,25.2,-999,-999
31-12-2012 05:00:00 AM,2.5,992.6,22.8,-999,-999
31-12-2012 06:00:00 AM,2.7,992.9,16.3,-999,-999
31-12-2012 07:00:00 AM,2.6,993.3,14.3,-999,-999
31-12-2012 08:00:00 AM,2.6,993.5,15.2,-999,-999
31-12-2012 09:00:00 AM,3.2,993.5,18.7,-999,-999
31-12-2012 10:00:00 AM,3.0,993.8,19.5,-999,-999
31-12-2012 11:00:00 AM,3.0,994.1,14.1,-999,-999
31-12-2012 12:00:00 PM,3.8,994.1,11.8,-999,-999
31-12-2012 01:00:00 PM,4.3,994.0,18.8,-999,-999
31-12-2012 02:00:00 PM,4.5,993.9,17.5,-999,-999
31-12-2012 03:00:00 PM,4.9,993.8,15.6,-999,-999
31-12-2012 04:00:00 PM,4.5,993.8,12.7,-999,-999
31-12-2012 05:00:00 PM,4.3,993.8,9.1,-999,-999
31-12-2012 06:00:00 PM,3.5,993.8,10.3,-999,-999
31-12-2012 07:00:00 PM,3.3,994.0,6.8,-999,-999
31-12-2012 08:00:00 PM,2.8,994.5,8.7,-999,-999
31-12-2012 09:00:00 PM,1.8,994.9,6.5,-999,-999
31-12-2012 10:00:00 PM,1.3,995.4,4.5,-999,-999
31-12-2012 11:00:00 PM,0.2,995.7,7.8,-999,-999